solid Object01
  facet normal -0.000000e+00 8.354037e-01 5.496369e-01
    outer loop
      vertex 2.097817e+03 8.519739e+01 5.578959e+02
      vertex 2.081447e+03 8.519739e+01 5.578959e+02
      vertex 2.089632e+03 8.420078e+01 5.594106e+02
    endloop
  endfacet
  facet normal -1.488526e-06 8.354201e-01 5.496119e-01
    outer loop
      vertex 2.011943e+03 8.519739e+01 5.578959e+02
      vertex 1.994816e+03 8.519736e+01 5.578959e+02
      vertex 2.003379e+03 8.394769e+01 5.597954e+02
    endloop
  endfacet
  facet normal -0.000000e+00 8.354173e-01 5.496162e-01
    outer loop
      vertex 1.894759e+03 8.355640e+01 5.603901e+02
      vertex 1.894759e+03 8.519736e+01 5.578959e+02
      vertex 1.864178e+03 8.355640e+01 5.603901e+02
    endloop
  endfacet
  facet normal 0.000000e+00 8.354173e-01 5.496162e-01
    outer loop
      vertex 1.864178e+03 8.355640e+01 5.603901e+02
      vertex 1.894759e+03 8.519736e+01 5.578959e+02
      vertex 1.864178e+03 8.519736e+01 5.578959e+02
    endloop
  endfacet
  facet normal -0.000000e+00 8.354183e-01 5.496146e-01
    outer loop
      vertex 1.858575e+03 8.324649e+01 5.608612e+02
      vertex 1.858575e+03 8.519736e+01 5.578959e+02
      vertex 1.854913e+03 8.324649e+01 5.608612e+02
    endloop
  endfacet
  facet normal 0.000000e+00 8.354183e-01 5.496146e-01
    outer loop
      vertex 1.854913e+03 8.324649e+01 5.608612e+02
      vertex 1.858575e+03 8.519736e+01 5.578959e+02
      vertex 1.854913e+03 8.519736e+01 5.578959e+02
    endloop
  endfacet
  facet normal -7.320048e-07 8.354166e-01 5.496173e-01
    outer loop
      vertex 1.665680e+03 8.369412e+01 5.601808e+02
      vertex 1.665680e+03 8.519736e+01 5.578959e+02
      vertex 1.630851e+03 8.369409e+01 5.601808e+02
    endloop
  endfacet
  facet normal -7.308316e-07 8.354166e-01 5.496173e-01
    outer loop
      vertex 1.630851e+03 8.369409e+01 5.601808e+02
      vertex 1.665680e+03 8.519736e+01 5.578959e+02
      vertex 1.630851e+03 8.519733e+01 5.578959e+02
    endloop
  endfacet
  facet normal 0.000000e+00 8.354160e-01 5.496181e-01
    outer loop
      vertex 1.620430e+03 8.324646e+01 5.608612e+02
      vertex 1.627299e+03 8.324646e+01 5.608612e+02
      vertex 1.620430e+03 8.437216e+01 5.591501e+02
    endloop
  endfacet
  facet normal 1.261415e-06 8.354183e-01 5.496146e-01
    outer loop
      vertex 1.620430e+03 8.437216e+01 5.591501e+02
      vertex 1.627299e+03 8.324646e+01 5.608612e+02
      vertex 1.627299e+03 8.519733e+01 5.578959e+02
    endloop
  endfacet
  facet normal -3.879429e-06 8.354313e-01 5.495949e-01
    outer loop
      vertex 1.620430e+03 8.437216e+01 5.591501e+02
      vertex 1.627299e+03 8.519733e+01 5.578959e+02
      vertex 1.617374e+03 8.434830e+01 5.591864e+02
    endloop
  endfacet
  facet normal 0.000000e+00 8.354176e-01 5.496158e-01
    outer loop
      vertex 1.617374e+03 8.434830e+01 5.591864e+02
      vertex 1.627299e+03 8.519733e+01 5.578959e+02
      vertex 1.608108e+03 8.519733e+01 5.578959e+02
    endloop
  endfacet
  facet normal -0.000000e+00 8.354176e-01 5.496157e-01
    outer loop
      vertex 1.617374e+03 8.434830e+01 5.591864e+02
      vertex 1.608108e+03 8.519733e+01 5.578959e+02
      vertex 1.613089e+03 8.434830e+01 5.591864e+02
    endloop
  endfacet
  facet normal -0.000000e+00 8.354176e-01 5.496158e-01
    outer loop
      vertex 1.613089e+03 8.434830e+01 5.591864e+02
      vertex 1.608108e+03 8.519733e+01 5.578959e+02
      vertex 1.608108e+03 8.434830e+01 5.591864e+02
    endloop
  endfacet
  facet normal 0.000000e+00 8.354179e-01 5.496153e-01
    outer loop
      vertex 1.613089e+03 8.434830e+01 5.591864e+02
      vertex 1.613089e+03 8.069849e+01 5.647341e+02
      vertex 1.617374e+03 8.434830e+01 5.591864e+02
    endloop
  endfacet
  facet normal 0.000000e+00 8.354179e-01 5.496153e-01
    outer loop
      vertex 1.617374e+03 8.434830e+01 5.591864e+02
      vertex 1.613089e+03 8.069849e+01 5.647341e+02
      vertex 1.617374e+03 8.069849e+01 5.647341e+02
    endloop
  endfacet
  facet normal -0.000000e+00 8.354176e-01 5.496158e-01
    outer loop
      vertex 1.506421e+03 8.434830e+01 5.591864e+02
      vertex 1.506421e+03 8.519733e+01 5.578959e+02
      vertex 1.501440e+03 8.434830e+01 5.591864e+02
    endloop
  endfacet
  facet normal -0.000000e+00 8.354176e-01 5.496158e-01
    outer loop
      vertex 1.501440e+03 8.434830e+01 5.591864e+02
      vertex 1.506421e+03 8.519733e+01 5.578959e+02
      vertex 1.497156e+03 8.434830e+01 5.591864e+02
    endloop
  endfacet
  facet normal -0.000000e+00 8.354179e-01 5.496153e-01
    outer loop
      vertex 1.501440e+03 8.434830e+01 5.591864e+02
      vertex 1.497156e+03 8.434830e+01 5.591864e+02
      vertex 1.497156e+03 8.069849e+01 5.647341e+02
    endloop
  endfacet
  facet normal -0.000000e+00 8.354176e-01 5.496157e-01
    outer loop
      vertex 1.506421e+03 8.519733e+01 5.578959e+02
      vertex 1.487231e+03 8.519733e+01 5.578959e+02
      vertex 1.497156e+03 8.434830e+01 5.591864e+02
    endloop
  endfacet
  facet normal 3.879429e-06 8.354312e-01 5.495950e-01
    outer loop
      vertex 1.497156e+03 8.434830e+01 5.591864e+02
      vertex 1.487231e+03 8.519733e+01 5.578959e+02
      vertex 1.494100e+03 8.437216e+01 5.591501e+02
    endloop
  endfacet
  facet normal -1.261415e-06 8.354183e-01 5.496146e-01
    outer loop
      vertex 1.494100e+03 8.437216e+01 5.591501e+02
      vertex 1.487231e+03 8.519733e+01 5.578959e+02
      vertex 1.487231e+03 8.324646e+01 5.608612e+02
    endloop
  endfacet
  facet normal 0.000000e+00 8.354160e-01 5.496181e-01
    outer loop
      vertex 1.494100e+03 8.437216e+01 5.591501e+02
      vertex 1.487231e+03 8.324646e+01 5.608612e+02
      vertex 1.494100e+03 8.324646e+01 5.608612e+02
    endloop
  endfacet
  facet normal 0.000000e+00 8.354179e-01 5.496153e-01
    outer loop
      vertex 1.497156e+03 8.069849e+01 5.647341e+02
      vertex 1.501440e+03 8.069849e+01 5.647341e+02
      vertex 1.501440e+03 8.434830e+01 5.591864e+02
    endloop
  endfacet
  facet normal -0.000000e+00 8.354166e-01 5.496173e-01
    outer loop
      vertex 1.483678e+03 8.369409e+01 5.601808e+02
      vertex 1.483678e+03 8.519733e+01 5.578959e+02
      vertex 1.448849e+03 8.369409e+01 5.601808e+02
    endloop
  endfacet
  facet normal 0.000000e+00 8.354166e-01 5.496173e-01
    outer loop
      vertex 1.448849e+03 8.369409e+01 5.601808e+02
      vertex 1.483678e+03 8.519733e+01 5.578959e+02
      vertex 1.448849e+03 8.519733e+01 5.578959e+02
    endloop
  endfacet
  facet normal -0.000000e+00 8.354183e-01 5.496146e-01
    outer loop
      vertex 1.259617e+03 8.324643e+01 5.608612e+02
      vertex 1.259617e+03 8.519730e+01 5.578959e+02
      vertex 1.255954e+03 8.324643e+01 5.608612e+02
    endloop
  endfacet
  facet normal 0.000000e+00 8.354183e-01 5.496146e-01
    outer loop
      vertex 1.255954e+03 8.324643e+01 5.608612e+02
      vertex 1.259617e+03 8.519730e+01 5.578959e+02
      vertex 1.255954e+03 8.519730e+01 5.578959e+02
    endloop
  endfacet
  facet normal -0.000000e+00 8.354173e-01 5.496161e-01
    outer loop
      vertex 1.250351e+03 8.355634e+01 5.603901e+02
      vertex 1.250351e+03 8.519730e+01 5.578959e+02
      vertex 1.219771e+03 8.355634e+01 5.603901e+02
    endloop
  endfacet
  facet normal 0.000000e+00 8.354173e-01 5.496161e-01
    outer loop
      vertex 1.219771e+03 8.355634e+01 5.603901e+02
      vertex 1.250351e+03 8.519730e+01 5.578959e+02
      vertex 1.219771e+03 8.519730e+01 5.578959e+02
    endloop
  endfacet
  facet normal 0.000000e+00 8.354171e-01 5.496165e-01
    outer loop
      vertex 1.102586e+03 8.519730e+01 5.578960e+02
      vertex 1.111150e+03 8.394760e+01 5.597955e+02
      vertex 1.119714e+03 8.519730e+01 5.578960e+02
    endloop
  endfacet
  facet normal 0.000000e+00 8.354037e-01 5.496369e-01
    outer loop
      vertex 1.016713e+03 8.519730e+01 5.578960e+02
      vertex 1.024898e+03 8.420068e+01 5.594108e+02
      vertex 1.033083e+03 8.519730e+01 5.578960e+02
    endloop
  endfacet
  facet normal 0.000000e+00 1.000000e+00 -0.000000e+00
    outer loop
      vertex 2.200391e+03 8.519739e+01 5.535492e+02
      vertex 2.202391e+03 8.519739e+01 5.530133e+02
      vertex 2.099385e+03 8.519739e+01 5.535492e+02
    endloop
  endfacet
  facet normal 0.000000e+00 1.000000e+00 0.000000e+00
    outer loop
      vertex 2.099385e+03 8.519739e+01 5.535492e+02
      vertex 2.202391e+03 8.519739e+01 5.530133e+02
      vertex 2.203855e+03 8.519739e+01 5.515492e+02
    endloop
  endfacet
  facet normal 0.000000e+00 1.000000e+00 -0.000000e+00
    outer loop
      vertex 2.099385e+03 8.519739e+01 5.535492e+02
      vertex 2.203855e+03 8.519739e+01 5.515492e+02
      vertex 2.081106e+03 8.519739e+01 5.535492e+02
    endloop
  endfacet
  facet normal 0.000000e+00 1.000000e+00 -0.000000e+00
    outer loop
      vertex 2.081106e+03 8.519739e+01 5.535492e+02
      vertex 2.203855e+03 8.519739e+01 5.515492e+02
      vertex 2.011981e+03 8.519739e+01 5.535492e+02
    endloop
  endfacet
  facet normal -1.841431e-06 1.000000e+00 -1.766611e-04
    outer loop
      vertex 2.011981e+03 8.519739e+01 5.535492e+02
      vertex 2.203855e+03 8.519739e+01 5.515492e+02
      vertex 1.995409e+03 8.519736e+01 5.535492e+02
    endloop
  endfacet
  facet normal -1.841431e-06 1.000000e+00 0.000000e+00
    outer loop
      vertex 2.011981e+03 8.519739e+01 5.535492e+02
      vertex 1.995409e+03 8.519736e+01 5.535492e+02
      vertex 2.011981e+03 8.519739e+01 5.578779e+02
    endloop
  endfacet
  facet normal -1.773855e-06 1.000000e+00 -2.587174e-07
    outer loop
      vertex 2.011981e+03 8.519739e+01 5.578779e+02
      vertex 1.995409e+03 8.519736e+01 5.535492e+02
      vertex 1.994777e+03 8.519736e+01 5.578779e+02
    endloop
  endfacet
  facet normal -1.773855e-06 1.000000e+00 -3.764916e-06
    outer loop
      vertex 2.011981e+03 8.519739e+01 5.578779e+02
      vertex 1.994777e+03 8.519736e+01 5.578779e+02
      vertex 2.011969e+03 8.519739e+01 5.578839e+02
    endloop
  endfacet
  facet normal -1.776477e-06 1.000000e+00 3.770481e-06
    outer loop
      vertex 2.011969e+03 8.519739e+01 5.578839e+02
      vertex 1.994777e+03 8.519736e+01 5.578779e+02
      vertex 1.994790e+03 8.519736e+01 5.578839e+02
    endloop
  endfacet
  facet normal -1.776477e-06 1.000000e+00 -3.770481e-06
    outer loop
      vertex 2.011969e+03 8.519739e+01 5.578839e+02
      vertex 1.994790e+03 8.519736e+01 5.578839e+02
      vertex 2.011956e+03 8.519739e+01 5.578899e+02
    endloop
  endfacet
  facet normal -1.779106e-06 1.000000e+00 3.776062e-06
    outer loop
      vertex 2.011956e+03 8.519739e+01 5.578899e+02
      vertex 1.994790e+03 8.519736e+01 5.578839e+02
      vertex 1.994803e+03 8.519736e+01 5.578899e+02
    endloop
  endfacet
  facet normal -1.779106e-06 1.000000e+00 3.848679e-06
    outer loop
      vertex 2.011956e+03 8.519739e+01 5.578899e+02
      vertex 1.994803e+03 8.519736e+01 5.578899e+02
      vertex 1.994816e+03 8.519736e+01 5.578959e+02
    endloop
  endfacet
  facet normal -2.312948e-08 1.000000e+00 1.284816e-05
    outer loop
      vertex 1.995409e+03 8.519736e+01 5.535492e+02
      vertex 2.203855e+03 8.519739e+01 5.515492e+02
      vertex 1.841619e+03 8.519736e+01 5.532723e+02
    endloop
  endfacet
  facet normal -1.167709e-08 1.000000e+00 1.525566e-05
    outer loop
      vertex 1.841619e+03 8.519736e+01 5.532723e+02
      vertex 2.203855e+03 8.519739e+01 5.515492e+02
      vertex 2.204391e+03 8.519742e+01 5.495492e+02
    endloop
  endfacet
  facet normal 3.542832e-08 1.000000e+00 1.984548e-05
    outer loop
      vertex 1.841619e+03 8.519736e+01 5.532723e+02
      vertex 2.204391e+03 8.519742e+01 5.495492e+02
      vertex 1.665680e+03 8.519736e+01 5.535864e+02
    endloop
  endfacet
  facet normal -8.762153e-07 1.000000e+00 -1.018004e-04
    outer loop
      vertex 1.665680e+03 8.519736e+01 5.535864e+02
      vertex 2.204391e+03 8.519742e+01 5.495492e+02
      vertex 1.630851e+03 8.519733e+01 5.535864e+02
    endloop
  endfacet
  facet normal -8.762153e-07 1.000000e+00 0.000000e+00
    outer loop
      vertex 1.665680e+03 8.519736e+01 5.535864e+02
      vertex 1.630851e+03 8.519733e+01 5.535864e+02
      vertex 1.630851e+03 8.519733e+01 5.578959e+02
    endloop
  endfacet
  facet normal -9.431722e-08 1.000000e+00 0.000000e+00
    outer loop
      vertex 2.204391e+03 8.519742e+01 5.442308e+02
      vertex 9.101384e+02 8.519730e+01 5.442310e+02
      vertex 2.204391e+03 8.519742e+01 5.495492e+02
    endloop
  endfacet
  facet normal -1.131486e-07 1.000000e+00 4.582826e-06
    outer loop
      vertex 2.204391e+03 8.519742e+01 5.495492e+02
      vertex 9.101384e+02 8.519730e+01 5.442310e+02
      vertex 1.557265e+03 8.519733e+01 5.535492e+02
    endloop
  endfacet
  facet normal -1.120417e-08 1.000000e+00 2.107555e-05
    outer loop
      vertex 2.204391e+03 8.519742e+01 5.495492e+02
      vertex 1.557265e+03 8.519733e+01 5.535492e+02
      vertex 1.627299e+03 8.519733e+01 5.535864e+02
    endloop
  endfacet
  facet normal 0.000000e+00 1.000000e+00 0.000000e+00
    outer loop
      vertex 1.627299e+03 8.519733e+01 5.535864e+02
      vertex 1.557265e+03 8.519733e+01 5.535492e+02
      vertex 1.608108e+03 8.519733e+01 5.535864e+02
    endloop
  endfacet
  facet normal -0.000000e+00 1.000000e+00 0.000000e+00
    outer loop
      vertex 1.627299e+03 8.519733e+01 5.535864e+02
      vertex 1.608108e+03 8.519733e+01 5.535864e+02
      vertex 1.608108e+03 8.519733e+01 5.578959e+02
    endloop
  endfacet
  facet normal 0.000000e+00 1.000000e+00 -0.000000e+00
    outer loop
      vertex 9.101384e+02 8.519730e+01 5.495493e+02
      vertex 1.272911e+03 8.519730e+01 5.532723e+02
      vertex 9.101384e+02 8.519730e+01 5.442310e+02
    endloop
  endfacet
  facet normal -1.868390e-07 1.000000e+00 7.496648e-06
    outer loop
      vertex 9.101384e+02 8.519730e+01 5.442310e+02
      vertex 1.272911e+03 8.519730e+01 5.532723e+02
      vertex 1.448849e+03 8.519733e+01 5.535864e+02
    endloop
  endfacet
  facet normal 0.000000e+00 1.000000e+00 -3.262009e-06
    outer loop
      vertex 9.101384e+02 8.519730e+01 5.442310e+02
      vertex 1.448849e+03 8.519733e+01 5.535864e+02
      vertex 1.483678e+03 8.519733e+01 5.535864e+02
    endloop
  endfacet
  facet normal -0.000000e+00 1.000000e+00 0.000000e+00
    outer loop
      vertex 1.483678e+03 8.519733e+01 5.535864e+02
      vertex 1.448849e+03 8.519733e+01 5.535864e+02
      vertex 1.448849e+03 8.519733e+01 5.578959e+02
    endloop
  endfacet
  facet normal 0.000000e+00 1.000000e+00 0.000000e+00
    outer loop
      vertex 1.483678e+03 8.519733e+01 5.535864e+02
      vertex 1.448849e+03 8.519733e+01 5.578959e+02
      vertex 1.483678e+03 8.519733e+01 5.578959e+02
    endloop
  endfacet
  facet normal -1.570281e-07 1.000000e+00 1.530086e-05
    outer loop
      vertex 9.101384e+02 8.519730e+01 5.495493e+02
      vertex 9.106743e+02 8.519727e+01 5.515493e+02
      vertex 1.272911e+03 8.519730e+01 5.532723e+02
    endloop
  endfacet
  facet normal -2.313806e-08 1.000000e+00 -1.284726e-05
    outer loop
      vertex 1.272911e+03 8.519730e+01 5.532723e+02
      vertex 9.106743e+02 8.519727e+01 5.515493e+02
      vertex 1.119121e+03 8.519730e+01 5.535493e+02
    endloop
  endfacet
  facet normal 0.000000e+00 1.000000e+00 0.000000e+00
    outer loop
      vertex 1.272911e+03 8.519730e+01 5.532723e+02
      vertex 1.119121e+03 8.519730e+01 5.535493e+02
      vertex 1.219771e+03 8.519730e+01 5.535492e+02
    endloop
  endfacet
  facet normal -2.978190e-07 1.000000e+00 2.978190e-07
    outer loop
      vertex 9.121384e+02 8.519727e+01 5.530134e+02
      vertex 1.015145e+03 8.519730e+01 5.535493e+02
      vertex 9.106743e+02 8.519727e+01 5.515493e+02
    endloop
  endfacet
  facet normal 0.000000e+00 1.000000e+00 -1.525879e-05
    outer loop
      vertex 9.106743e+02 8.519727e+01 5.515493e+02
      vertex 1.015145e+03 8.519730e+01 5.535493e+02
      vertex 1.033424e+03 8.519730e+01 5.535493e+02
    endloop
  endfacet
  facet normal 0.000000e+00 1.000000e+00 -1.525879e-05
    outer loop
      vertex 9.106743e+02 8.519727e+01 5.515493e+02
      vertex 1.033424e+03 8.519730e+01 5.535493e+02
      vertex 1.102548e+03 8.519730e+01 5.535493e+02
    endloop
  endfacet
  facet normal -3.021360e-07 1.000000e+00 1.127607e-06
    outer loop
      vertex 9.121384e+02 8.519727e+01 5.530134e+02
      vertex 9.141384e+02 8.519727e+01 5.535493e+02
      vertex 1.015145e+03 8.519730e+01 5.535493e+02
    endloop
  endfacet
  facet normal 0.000000e+00 1.000000e+00 0.000000e+00
    outer loop
      vertex 1.015145e+03 8.519730e+01 5.535493e+02
      vertex 1.015083e+03 8.519730e+01 5.571978e+02
      vertex 1.033424e+03 8.519730e+01 5.535493e+02
    endloop
  endfacet
  facet normal 0.000000e+00 1.000000e+00 0.000000e+00
    outer loop
      vertex 1.033424e+03 8.519730e+01 5.535493e+02
      vertex 1.015083e+03 8.519730e+01 5.571978e+02
      vertex 1.034713e+03 8.519730e+01 5.571978e+02
    endloop
  endfacet
  facet normal -0.000000e+00 1.000000e+00 0.000000e+00
    outer loop
      vertex 1.034713e+03 8.519730e+01 5.571978e+02
      vertex 1.015083e+03 8.519730e+01 5.571978e+02
      vertex 1.034176e+03 8.519730e+01 5.574445e+02
    endloop
  endfacet
  facet normal 0.000000e+00 1.000000e+00 0.000000e+00
    outer loop
      vertex 1.034176e+03 8.519730e+01 5.574445e+02
      vertex 1.015083e+03 8.519730e+01 5.571978e+02
      vertex 1.015620e+03 8.519730e+01 5.574445e+02
    endloop
  endfacet
  facet normal -0.000000e+00 1.000000e+00 0.000000e+00
    outer loop
      vertex 1.034176e+03 8.519730e+01 5.574445e+02
      vertex 1.015620e+03 8.519730e+01 5.574445e+02
      vertex 1.033632e+03 8.519730e+01 5.576772e+02
    endloop
  endfacet
  facet normal 0.000000e+00 1.000000e+00 0.000000e+00
    outer loop
      vertex 1.033632e+03 8.519730e+01 5.576772e+02
      vertex 1.015620e+03 8.519730e+01 5.574445e+02
      vertex 1.016163e+03 8.519730e+01 5.576772e+02
    endloop
  endfacet
  facet normal -0.000000e+00 1.000000e+00 0.000000e+00
    outer loop
      vertex 1.033632e+03 8.519730e+01 5.576772e+02
      vertex 1.016163e+03 8.519730e+01 5.576772e+02
      vertex 1.033083e+03 8.519730e+01 5.578960e+02
    endloop
  endfacet
  facet normal 0.000000e+00 1.000000e+00 0.000000e+00
    outer loop
      vertex 1.033083e+03 8.519730e+01 5.578960e+02
      vertex 1.016163e+03 8.519730e+01 5.576772e+02
      vertex 1.016713e+03 8.519730e+01 5.578960e+02
    endloop
  endfacet
  facet normal 0.000000e+00 1.000000e+00 -1.525879e-05
    outer loop
      vertex 9.106743e+02 8.519727e+01 5.515493e+02
      vertex 1.102548e+03 8.519730e+01 5.535493e+02
      vertex 1.119121e+03 8.519730e+01 5.535493e+02
    endloop
  endfacet
  facet normal -0.000000e+00 1.000000e+00 0.000000e+00
    outer loop
      vertex 1.119121e+03 8.519730e+01 5.535493e+02
      vertex 1.102548e+03 8.519730e+01 5.535493e+02
      vertex 1.102548e+03 8.519730e+01 5.578781e+02
    endloop
  endfacet
  facet normal 0.000000e+00 1.000000e+00 0.000000e+00
    outer loop
      vertex 1.119121e+03 8.519730e+01 5.535493e+02
      vertex 1.102548e+03 8.519730e+01 5.578781e+02
      vertex 1.119752e+03 8.519730e+01 5.578781e+02
    endloop
  endfacet
  facet normal -0.000000e+00 1.000000e+00 0.000000e+00
    outer loop
      vertex 1.119752e+03 8.519730e+01 5.578781e+02
      vertex 1.102548e+03 8.519730e+01 5.578781e+02
      vertex 1.102561e+03 8.519730e+01 5.578840e+02
    endloop
  endfacet
  facet normal 0.000000e+00 1.000000e+00 0.000000e+00
    outer loop
      vertex 1.119752e+03 8.519730e+01 5.578781e+02
      vertex 1.102561e+03 8.519730e+01 5.578840e+02
      vertex 1.119740e+03 8.519730e+01 5.578840e+02
    endloop
  endfacet
  facet normal -0.000000e+00 1.000000e+00 0.000000e+00
    outer loop
      vertex 1.119740e+03 8.519730e+01 5.578840e+02
      vertex 1.102561e+03 8.519730e+01 5.578840e+02
      vertex 1.119727e+03 8.519730e+01 5.578900e+02
    endloop
  endfacet
  facet normal 0.000000e+00 1.000000e+00 0.000000e+00
    outer loop
      vertex 1.119727e+03 8.519730e+01 5.578900e+02
      vertex 1.102561e+03 8.519730e+01 5.578840e+02
      vertex 1.102573e+03 8.519730e+01 5.578900e+02
    endloop
  endfacet
  facet normal -0.000000e+00 1.000000e+00 0.000000e+00
    outer loop
      vertex 1.119727e+03 8.519730e+01 5.578900e+02
      vertex 1.102573e+03 8.519730e+01 5.578900e+02
      vertex 1.102586e+03 8.519730e+01 5.578960e+02
    endloop
  endfacet
  facet normal 0.000000e+00 1.000000e+00 0.000000e+00
    outer loop
      vertex 1.102586e+03 8.519730e+01 5.578960e+02
      vertex 1.119714e+03 8.519730e+01 5.578960e+02
      vertex 1.119727e+03 8.519730e+01 5.578900e+02
    endloop
  endfacet
  facet normal 0.000000e+00 1.000000e+00 0.000000e+00
    outer loop
      vertex 1.272911e+03 8.519730e+01 5.532723e+02
      vertex 1.219771e+03 8.519730e+01 5.535492e+02
      vertex 1.250351e+03 8.519730e+01 5.536387e+02
    endloop
  endfacet
  facet normal -0.000000e+00 1.000000e+00 0.000000e+00
    outer loop
      vertex 1.250351e+03 8.519730e+01 5.536387e+02
      vertex 1.219771e+03 8.519730e+01 5.535492e+02
      vertex 1.219771e+03 8.519730e+01 5.578959e+02
    endloop
  endfacet
  facet normal 0.000000e+00 1.000000e+00 0.000000e+00
    outer loop
      vertex 1.250351e+03 8.519730e+01 5.536387e+02
      vertex 1.219771e+03 8.519730e+01 5.578959e+02
      vertex 1.250351e+03 8.519730e+01 5.578959e+02
    endloop
  endfacet
  facet normal 0.000000e+00 1.000000e+00 0.000000e+00
    outer loop
      vertex 1.250351e+03 8.519730e+01 5.536387e+02
      vertex 1.255954e+03 8.519730e+01 5.536387e+02
      vertex 1.272911e+03 8.519730e+01 5.532723e+02
    endloop
  endfacet
  facet normal 0.000000e+00 1.000000e+00 0.000000e+00
    outer loop
      vertex 1.272911e+03 8.519730e+01 5.532723e+02
      vertex 1.255954e+03 8.519730e+01 5.536387e+02
      vertex 1.263279e+03 8.519730e+01 5.537434e+02
    endloop
  endfacet
  facet normal 0.000000e+00 1.000000e+00 0.000000e+00
    outer loop
      vertex 1.272911e+03 8.519730e+01 5.532723e+02
      vertex 1.263279e+03 8.519730e+01 5.537434e+02
      vertex 1.272911e+03 8.519730e+01 5.570406e+02
    endloop
  endfacet
  facet normal 0.000000e+00 1.000000e+00 0.000000e+00
    outer loop
      vertex 1.272911e+03 8.519730e+01 5.570406e+02
      vertex 1.263279e+03 8.519730e+01 5.537434e+02
      vertex 1.263279e+03 8.519730e+01 5.570406e+02
    endloop
  endfacet
  facet normal 0.000000e+00 1.000000e+00 0.000000e+00
    outer loop
      vertex 1.263279e+03 8.519730e+01 5.537434e+02
      vertex 1.255954e+03 8.519730e+01 5.536387e+02
      vertex 1.259617e+03 8.519730e+01 5.537434e+02
    endloop
  endfacet
  facet normal -0.000000e+00 1.000000e+00 0.000000e+00
    outer loop
      vertex 1.259617e+03 8.519730e+01 5.537434e+02
      vertex 1.255954e+03 8.519730e+01 5.536387e+02
      vertex 1.255954e+03 8.519730e+01 5.578959e+02
    endloop
  endfacet
  facet normal 0.000000e+00 1.000000e+00 0.000000e+00
    outer loop
      vertex 1.259617e+03 8.519730e+01 5.537434e+02
      vertex 1.255954e+03 8.519730e+01 5.578959e+02
      vertex 1.259617e+03 8.519730e+01 5.578959e+02
    endloop
  endfacet
  facet normal 0.000000e+00 1.000000e+00 -3.262004e-06
    outer loop
      vertex 1.483678e+03 8.519733e+01 5.535864e+02
      vertex 1.487231e+03 8.519733e+01 5.535864e+02
      vertex 9.101384e+02 8.519730e+01 5.442310e+02
    endloop
  endfacet
  facet normal -1.679082e-09 1.000000e+00 -3.158430e-06
    outer loop
      vertex 9.101384e+02 8.519730e+01 5.442310e+02
      vertex 1.487231e+03 8.519733e+01 5.535864e+02
      vertex 1.557265e+03 8.519733e+01 5.535492e+02
    endloop
  endfacet
  facet normal 0.000000e+00 1.000000e+00 0.000000e+00
    outer loop
      vertex 1.557265e+03 8.519733e+01 5.535492e+02
      vertex 1.487231e+03 8.519733e+01 5.535864e+02
      vertex 1.506421e+03 8.519733e+01 5.535864e+02
    endloop
  endfacet
  facet normal -0.000000e+00 1.000000e+00 0.000000e+00
    outer loop
      vertex 1.506421e+03 8.519733e+01 5.535864e+02
      vertex 1.487231e+03 8.519733e+01 5.535864e+02
      vertex 1.487231e+03 8.519733e+01 5.578959e+02
    endloop
  endfacet
  facet normal 0.000000e+00 1.000000e+00 0.000000e+00
    outer loop
      vertex 1.506421e+03 8.519733e+01 5.535864e+02
      vertex 1.487231e+03 8.519733e+01 5.578959e+02
      vertex 1.506421e+03 8.519733e+01 5.578959e+02
    endloop
  endfacet
  facet normal 0.000000e+00 1.000000e+00 0.000000e+00
    outer loop
      vertex 1.608108e+03 8.519733e+01 5.578959e+02
      vertex 1.627299e+03 8.519733e+01 5.578959e+02
      vertex 1.627299e+03 8.519733e+01 5.535864e+02
    endloop
  endfacet
  facet normal 0.000000e+00 1.000000e+00 2.267711e-05
    outer loop
      vertex 1.627299e+03 8.519733e+01 5.535864e+02
      vertex 1.630851e+03 8.519733e+01 5.535864e+02
      vertex 2.204391e+03 8.519742e+01 5.495492e+02
    endloop
  endfacet
  facet normal -8.762153e-07 1.000000e+00 0.000000e+00
    outer loop
      vertex 1.630851e+03 8.519733e+01 5.578959e+02
      vertex 1.665680e+03 8.519736e+01 5.578959e+02
      vertex 1.665680e+03 8.519736e+01 5.535864e+02
    endloop
  endfacet
  facet normal 0.000000e+00 1.000000e+00 -0.000000e+00
    outer loop
      vertex 1.841619e+03 8.519736e+01 5.570405e+02
      vertex 1.851250e+03 8.519736e+01 5.537433e+02
      vertex 1.841619e+03 8.519736e+01 5.532723e+02
    endloop
  endfacet
  facet normal 0.000000e+00 1.000000e+00 0.000000e+00
    outer loop
      vertex 1.841619e+03 8.519736e+01 5.532723e+02
      vertex 1.851250e+03 8.519736e+01 5.537433e+02
      vertex 1.858575e+03 8.519736e+01 5.536387e+02
    endloop
  endfacet
  facet normal 0.000000e+00 1.000000e+00 0.000000e+00
    outer loop
      vertex 1.841619e+03 8.519736e+01 5.532723e+02
      vertex 1.858575e+03 8.519736e+01 5.536387e+02
      vertex 1.864178e+03 8.519736e+01 5.536387e+02
    endloop
  endfacet
  facet normal 0.000000e+00 1.000000e+00 0.000000e+00
    outer loop
      vertex 1.841619e+03 8.519736e+01 5.570405e+02
      vertex 1.851250e+03 8.519736e+01 5.570405e+02
      vertex 1.851250e+03 8.519736e+01 5.537433e+02
    endloop
  endfacet
  facet normal 0.000000e+00 1.000000e+00 0.000000e+00
    outer loop
      vertex 1.851250e+03 8.519736e+01 5.537433e+02
      vertex 1.854913e+03 8.519736e+01 5.537433e+02
      vertex 1.858575e+03 8.519736e+01 5.536387e+02
    endloop
  endfacet
  facet normal 0.000000e+00 1.000000e+00 0.000000e+00
    outer loop
      vertex 1.858575e+03 8.519736e+01 5.536387e+02
      vertex 1.854913e+03 8.519736e+01 5.537433e+02
      vertex 1.858575e+03 8.519736e+01 5.578959e+02
    endloop
  endfacet
  facet normal 0.000000e+00 1.000000e+00 0.000000e+00
    outer loop
      vertex 1.858575e+03 8.519736e+01 5.578959e+02
      vertex 1.854913e+03 8.519736e+01 5.537433e+02
      vertex 1.854913e+03 8.519736e+01 5.578959e+02
    endloop
  endfacet
  facet normal 0.000000e+00 1.000000e+00 -0.000000e+00
    outer loop
      vertex 1.864178e+03 8.519736e+01 5.578959e+02
      vertex 1.894759e+03 8.519736e+01 5.578959e+02
      vertex 1.864178e+03 8.519736e+01 5.536387e+02
    endloop
  endfacet
  facet normal 0.000000e+00 1.000000e+00 0.000000e+00
    outer loop
      vertex 1.864178e+03 8.519736e+01 5.536387e+02
      vertex 1.894759e+03 8.519736e+01 5.578959e+02
      vertex 1.894759e+03 8.519736e+01 5.535492e+02
    endloop
  endfacet
  facet normal 0.000000e+00 1.000000e+00 -0.000000e+00
    outer loop
      vertex 1.864178e+03 8.519736e+01 5.536387e+02
      vertex 1.894759e+03 8.519736e+01 5.535492e+02
      vertex 1.841619e+03 8.519736e+01 5.532723e+02
    endloop
  endfacet
  facet normal 0.000000e+00 1.000000e+00 0.000000e+00
    outer loop
      vertex 1.841619e+03 8.519736e+01 5.532723e+02
      vertex 1.894759e+03 8.519736e+01 5.535492e+02
      vertex 1.995409e+03 8.519736e+01 5.535492e+02
    endloop
  endfacet
  facet normal -1.781769e-06 1.000000e+00 -3.781714e-06
    outer loop
      vertex 1.994816e+03 8.519736e+01 5.578959e+02
      vertex 2.011943e+03 8.519739e+01 5.578959e+02
      vertex 2.011956e+03 8.519739e+01 5.578899e+02
    endloop
  endfacet
  facet normal -0.000000e+00 1.000000e+00 0.000000e+00
    outer loop
      vertex 2.099385e+03 8.519739e+01 5.535492e+02
      vertex 2.081106e+03 8.519739e+01 5.535492e+02
      vertex 2.099447e+03 8.519739e+01 5.571976e+02
    endloop
  endfacet
  facet normal 0.000000e+00 1.000000e+00 0.000000e+00
    outer loop
      vertex 2.099447e+03 8.519739e+01 5.571976e+02
      vertex 2.081106e+03 8.519739e+01 5.535492e+02
      vertex 2.079817e+03 8.519739e+01 5.571976e+02
    endloop
  endfacet
  facet normal -0.000000e+00 1.000000e+00 0.000000e+00
    outer loop
      vertex 2.099447e+03 8.519739e+01 5.571976e+02
      vertex 2.079817e+03 8.519739e+01 5.571976e+02
      vertex 2.098910e+03 8.519739e+01 5.574443e+02
    endloop
  endfacet
  facet normal 0.000000e+00 1.000000e+00 0.000000e+00
    outer loop
      vertex 2.098910e+03 8.519739e+01 5.574443e+02
      vertex 2.079817e+03 8.519739e+01 5.571976e+02
      vertex 2.080354e+03 8.519739e+01 5.574443e+02
    endloop
  endfacet
  facet normal -0.000000e+00 1.000000e+00 0.000000e+00
    outer loop
      vertex 2.098910e+03 8.519739e+01 5.574443e+02
      vertex 2.080354e+03 8.519739e+01 5.574443e+02
      vertex 2.080897e+03 8.519739e+01 5.576771e+02
    endloop
  endfacet
  facet normal 0.000000e+00 1.000000e+00 0.000000e+00
    outer loop
      vertex 2.098910e+03 8.519739e+01 5.574443e+02
      vertex 2.080897e+03 8.519739e+01 5.576771e+02
      vertex 2.098366e+03 8.519739e+01 5.576771e+02
    endloop
  endfacet
  facet normal -0.000000e+00 1.000000e+00 0.000000e+00
    outer loop
      vertex 2.098366e+03 8.519739e+01 5.576771e+02
      vertex 2.080897e+03 8.519739e+01 5.576771e+02
      vertex 2.081447e+03 8.519739e+01 5.578959e+02
    endloop
  endfacet
  facet normal 0.000000e+00 1.000000e+00 0.000000e+00
    outer loop
      vertex 2.098366e+03 8.519739e+01 5.576771e+02
      vertex 2.081447e+03 8.519739e+01 5.578959e+02
      vertex 2.097817e+03 8.519739e+01 5.578959e+02
    endloop
  endfacet
  facet normal 0.000000e+00 9.464777e-01 -3.227693e-01
    outer loop
      vertex 2.297103e+03 1.434546e+02 2.820103e+02
      vertex 2.297103e+03 1.426514e+02 2.796552e+02
      vertex 2.294017e+03 1.434546e+02 2.820103e+02
    endloop
  endfacet
  facet normal 0.000000e+00 9.464777e-01 -3.227693e-01
    outer loop
      vertex 2.294017e+03 1.434546e+02 2.820103e+02
      vertex 2.297103e+03 1.426514e+02 2.796552e+02
      vertex 2.293038e+03 1.426514e+02 2.796552e+02
    endloop
  endfacet
  facet normal -1.053173e-07 9.464777e-01 -3.227693e-01
    outer loop
      vertex 2.294017e+03 1.434546e+02 2.820103e+02
      vertex 2.293038e+03 1.426514e+02 2.796552e+02
      vertex 8.214918e+02 1.426513e+02 2.796553e+02
    endloop
  endfacet
  facet normal -1.054635e-07 9.453786e-01 -3.259743e-01
    outer loop
      vertex 8.214918e+02 1.426513e+02 2.796553e+02
      vertex 2.293038e+03 1.426514e+02 2.796552e+02
      vertex 2.293038e+03 1.425013e+02 2.792199e+02
    endloop
  endfacet
  facet normal -1.054580e-07 9.453786e-01 -3.259743e-01
    outer loop
      vertex 8.214918e+02 1.426513e+02 2.796553e+02
      vertex 2.293038e+03 1.425013e+02 2.792199e+02
      vertex 8.214918e+02 1.425012e+02 2.792200e+02
    endloop
  endfacet
  facet normal -1.055205e-07 9.450160e-01 -3.270240e-01
    outer loop
      vertex 8.214918e+02 1.425012e+02 2.792200e+02
      vertex 2.293038e+03 1.425013e+02 2.792199e+02
      vertex 2.293038e+03 1.423508e+02 2.787848e+02
    endloop
  endfacet
  facet normal -1.055205e-07 9.450160e-01 -3.270241e-01
    outer loop
      vertex 8.214918e+02 1.425012e+02 2.792200e+02
      vertex 2.293038e+03 1.423508e+02 2.787848e+02
      vertex 8.214918e+02 1.423506e+02 2.787849e+02
    endloop
  endfacet
  facet normal -1.055721e-07 9.446862e-01 -3.279755e-01
    outer loop
      vertex 8.214918e+02 1.423506e+02 2.787849e+02
      vertex 2.293038e+03 1.423508e+02 2.787848e+02
      vertex 2.293038e+03 1.421998e+02 2.783499e+02
    endloop
  endfacet
  facet normal -1.055721e-07 9.446862e-01 -3.279755e-01
    outer loop
      vertex 8.214918e+02 1.423506e+02 2.787849e+02
      vertex 2.293038e+03 1.421998e+02 2.783499e+02
      vertex 8.214918e+02 1.421996e+02 2.783500e+02
    endloop
  endfacet
  facet normal -1.051490e-07 9.464777e-01 -3.227693e-01
    outer loop
      vertex 2.294017e+03 1.434546e+02 2.820103e+02
      vertex 8.214918e+02 1.426513e+02 2.796553e+02
      vertex 8.205128e+02 1.434545e+02 2.820105e+02
    endloop
  endfacet
  facet normal 0.000000e+00 9.464777e-01 -3.227693e-01
    outer loop
      vertex 8.205128e+02 1.434545e+02 2.820105e+02
      vertex 8.214918e+02 1.426513e+02 2.796553e+02
      vertex 8.174266e+02 1.426513e+02 2.796553e+02
    endloop
  endfacet
  facet normal 0.000000e+00 9.464777e-01 -3.227693e-01
    outer loop
      vertex 8.205128e+02 1.434545e+02 2.820105e+02
      vertex 8.174266e+02 1.426513e+02 2.796553e+02
      vertex 8.174266e+02 1.434545e+02 2.820105e+02
    endloop
  endfacet
  facet normal -1.014990e-07 9.657632e-01 -2.594251e-01
    outer loop
      vertex 8.205128e+02 1.434545e+02 2.820105e+02
      vertex 8.124058e+02 1.571126e+02 3.328557e+02
      vertex 2.294017e+03 1.434546e+02 2.820103e+02
    endloop
  endfacet
  facet normal -1.003890e-07 9.657633e-01 -2.594250e-01
    outer loop
      vertex 2.294017e+03 1.434546e+02 2.820103e+02
      vertex 8.124058e+02 1.571126e+02 3.328557e+02
      vertex 2.302124e+03 1.571127e+02 3.328556e+02
    endloop
  endfacet
  facet normal -9.088953e-08 9.932564e-01 -1.159384e-01
    outer loop
      vertex 2.302124e+03 1.571127e+02 3.328556e+02
      vertex 8.124058e+02 1.571126e+02 3.328557e+02
      vertex 8.131911e+02 1.632807e+02 3.856984e+02
    endloop
  endfacet
  facet normal -9.096885e-08 9.932564e-01 -1.159384e-01
    outer loop
      vertex 2.302124e+03 1.571127e+02 3.328556e+02
      vertex 8.131911e+02 1.632807e+02 3.856984e+02
      vertex 2.301338e+03 1.632808e+02 3.856983e+02
    endloop
  endfacet
  facet normal -8.010684e-08 9.997318e-01 2.315718e-02
    outer loop
      vertex 2.301338e+03 1.632808e+02 3.856983e+02
      vertex 8.131911e+02 1.632807e+02 3.856984e+02
      vertex 8.165800e+02 1.626571e+02 4.126200e+02
    endloop
  endfacet
  facet normal -8.046982e-08 9.997318e-01 2.315717e-02
    outer loop
      vertex 2.301338e+03 1.632808e+02 3.856983e+02
      vertex 8.165800e+02 1.626571e+02 4.126200e+02
      vertex 2.297949e+03 1.626572e+02 4.126199e+02
    endloop
  endfacet
  facet normal -7.517031e-08 9.964466e-01 8.422647e-02
    outer loop
      vertex 2.297949e+03 1.626572e+02 4.126199e+02
      vertex 8.165800e+02 1.626571e+02 4.126200e+02
      vertex 2.304344e+03 1.624200e+02 4.154266e+02
    endloop
  endfacet
  facet normal -7.452687e-08 9.964467e-01 8.422612e-02
    outer loop
      vertex 2.304344e+03 1.624200e+02 4.154266e+02
      vertex 8.165800e+02 1.626571e+02 4.126200e+02
      vertex 8.101849e+02 1.624199e+02 4.154268e+02
    endloop
  endfacet
  facet normal -7.386834e-08 9.957929e-01 9.163288e-02
    outer loop
      vertex 2.304344e+03 1.624200e+02 4.154266e+02
      vertex 8.101849e+02 1.624199e+02 4.154268e+02
      vertex 8.093920e+02 1.623691e+02 4.159786e+02
    endloop
  endfacet
  facet normal -7.379001e-08 9.957929e-01 9.163310e-02
    outer loop
      vertex 2.304344e+03 1.624200e+02 4.154266e+02
      vertex 8.093920e+02 1.623691e+02 4.159786e+02
      vertex 2.305137e+03 1.623692e+02 4.159785e+02
    endloop
  endfacet
  facet normal -7.352427e-08 9.955143e-01 9.461060e-02
    outer loop
      vertex 2.305137e+03 1.623692e+02 4.159785e+02
      vertex 8.093920e+02 1.623691e+02 4.159786e+02
      vertex 8.088683e+02 1.622922e+02 4.167878e+02
    endloop
  endfacet
  facet normal -7.347283e-08 9.955143e-01 9.461071e-02
    outer loop
      vertex 2.305137e+03 1.623692e+02 4.159785e+02
      vertex 8.088683e+02 1.622922e+02 4.167878e+02
      vertex 2.305661e+03 1.622923e+02 4.167877e+02
    endloop
  endfacet
  facet normal -7.312760e-08 9.951401e-01 9.846952e-02
    outer loop
      vertex 2.305661e+03 1.622923e+02 4.167877e+02
      vertex 8.088683e+02 1.622922e+02 4.167878e+02
      vertex 8.086897e+02 1.621987e+02 4.177328e+02
    endloop
  endfacet
  facet normal -7.311275e-08 9.951401e-01 9.846956e-02
    outer loop
      vertex 2.305661e+03 1.622923e+02 4.167877e+02
      vertex 8.086897e+02 1.621987e+02 4.177328e+02
      vertex 2.305840e+03 1.621988e+02 4.177327e+02
    endloop
  endfacet
  facet normal -7.272568e-08 9.947070e-01 1.027518e-01
    outer loop
      vertex 2.305840e+03 1.621988e+02 4.177327e+02
      vertex 8.086897e+02 1.621987e+02 4.177328e+02
      vertex 8.088807e+02 1.621014e+02 4.186746e+02
    endloop
  endfacet
  facet normal -7.274424e-08 9.947070e-01 1.027518e-01
    outer loop
      vertex 2.305840e+03 1.621988e+02 4.177327e+02
      vertex 8.088807e+02 1.621014e+02 4.186746e+02
      vertex 2.305649e+03 1.621015e+02 4.186745e+02
    endloop
  endfacet
  facet normal -6.902922e-08 9.896823e-01 1.432790e-01
    outer loop
      vertex 2.305649e+03 1.621015e+02 4.186745e+02
      vertex 8.088807e+02 1.621014e+02 4.186746e+02
      vertex 8.259683e+02 1.597270e+02 4.350754e+02
    endloop
  endfacet
  facet normal -7.066645e-08 9.896824e-01 1.432789e-01
    outer loop
      vertex 2.305649e+03 1.621015e+02 4.186745e+02
      vertex 8.259683e+02 1.597270e+02 4.350754e+02
      vertex 2.288561e+03 1.597271e+02 4.350753e+02
    endloop
  endfacet
  facet normal -6.276804e-08 9.748632e-01 2.228041e-01
    outer loop
      vertex 2.288561e+03 1.597271e+02 4.350753e+02
      vertex 8.259683e+02 1.597270e+02 4.350754e+02
      vertex 8.369888e+02 1.562225e+02 4.504089e+02
    endloop
  endfacet
  facet normal -6.363931e-08 9.748633e-01 2.228040e-01
    outer loop
      vertex 2.288561e+03 1.597271e+02 4.350753e+02
      vertex 8.369888e+02 1.562225e+02 4.504089e+02
      vertex 2.277541e+03 1.562227e+02 4.504088e+02
    endloop
  endfacet
  facet normal -5.540672e-08 9.539190e-01 3.000642e-01
    outer loop
      vertex 2.277541e+03 1.562227e+02 4.504088e+02
      vertex 8.369888e+02 1.562225e+02 4.504089e+02
      vertex 8.507338e+02 1.521965e+02 4.632078e+02
    endloop
  endfacet
  facet normal -5.653866e-08 9.539191e-01 3.000641e-01
    outer loop
      vertex 2.277541e+03 1.562227e+02 4.504088e+02
      vertex 8.507338e+02 1.521965e+02 4.632078e+02
      vertex 2.263796e+03 1.521967e+02 4.632077e+02
    endloop
  endfacet
  facet normal -4.866614e-08 9.302574e-01 3.669077e-01
    outer loop
      vertex 2.263796e+03 1.521967e+02 4.632077e+02
      vertex 8.507338e+02 1.521965e+02 4.632078e+02
      vertex 2.247787e+03 1.483051e+02 4.730744e+02
    endloop
  endfacet
  facet normal -4.979440e-08 9.302573e-01 3.669078e-01
    outer loop
      vertex 2.247787e+03 1.483051e+02 4.730744e+02
      vertex 8.507338e+02 1.521965e+02 4.632078e+02
      vertex 8.667428e+02 1.483049e+02 4.730746e+02
    endloop
  endfacet
  facet normal -4.338016e-08 9.085525e-01 4.177706e-01
    outer loop
      vertex 2.247787e+03 1.483051e+02 4.730744e+02
      vertex 8.667428e+02 1.483049e+02 4.730746e+02
      vertex 2.230015e+03 1.452848e+02 4.796428e+02
    endloop
  endfacet
  facet normal -4.452609e-08 9.085525e-01 4.177708e-01
    outer loop
      vertex 2.230015e+03 1.452848e+02 4.796428e+02
      vertex 8.667428e+02 1.483049e+02 4.730746e+02
      vertex 8.845145e+02 1.452847e+02 4.796429e+02
    endloop
  endfacet
  facet normal -3.064278e-08 8.555219e-01 5.177667e-01
    outer loop
      vertex 2.230015e+03 1.452848e+02 4.796428e+02
      vertex 8.845145e+02 1.452847e+02 4.796429e+02
      vertex 9.027270e+02 1.310787e+02 5.031158e+02
    endloop
  endfacet
  facet normal -8.892243e-03 9.882879e-01 1.523416e-01
    outer loop
      vertex 8.088807e+02 1.621014e+02 4.186746e+02
      vertex 8.166148e+02 1.592996e+02 4.373023e+02
      vertex 8.259683e+02 1.597270e+02 4.350754e+02
    endloop
  endfacet
  facet normal 1.248020e-03 9.810893e-01 1.935516e-01
    outer loop
      vertex 8.259683e+02 1.597270e+02 4.350754e+02
      vertex 8.166148e+02 1.592996e+02 4.373023e+02
      vertex 8.201981e+02 1.590598e+02 4.384945e+02
    endloop
  endfacet
  facet normal 3.821965e-04 9.805930e-01 1.960542e-01
    outer loop
      vertex 8.201981e+02 1.590598e+02 4.384945e+02
      vertex 8.166148e+02 1.592996e+02 4.373023e+02
      vertex 8.172148e+02 1.591262e+02 4.381685e+02
    endloop
  endfacet
  facet normal -8.179084e-05 9.797689e-01 2.001323e-01
    outer loop
      vertex 8.201981e+02 1.590598e+02 4.384945e+02
      vertex 8.172148e+02 1.591262e+02 4.381685e+02
      vertex 8.181259e+02 1.590150e+02 4.387130e+02
    endloop
  endfacet
  facet normal 4.476504e-05 9.795329e-01 2.012842e-01
    outer loop
      vertex 8.181259e+02 1.590150e+02 4.387130e+02
      vertex 8.191874e+02 1.589910e+02 4.388297e+02
      vertex 8.201981e+02 1.590598e+02 4.384945e+02
    endloop
  endfacet
  facet normal -3.143775e-08 8.555219e-01 5.177667e-01
    outer loop
      vertex 2.230015e+03 1.452848e+02 4.796428e+02
      vertex 9.027270e+02 1.310787e+02 5.031158e+02
      vertex 2.211802e+03 1.310789e+02 5.031157e+02
    endloop
  endfacet
  facet normal -6.989006e-09 7.435879e-01 6.686382e-01
    outer loop
      vertex 2.211802e+03 1.310789e+02 5.031157e+02
      vertex 9.027270e+02 1.310787e+02 5.031158e+02
      vertex 9.191589e+02 1.120352e+02 5.242939e+02
    endloop
  endfacet
  facet normal -7.556394e-09 7.435879e-01 6.686382e-01
    outer loop
      vertex 2.211802e+03 1.310789e+02 5.031157e+02
      vertex 9.191589e+02 1.120352e+02 5.242939e+02
      vertex 2.195371e+03 1.120354e+02 5.242938e+02
    endloop
  endfacet
  facet normal 6.622684e-09 6.716396e-01 7.408780e-01
    outer loop
      vertex 2.195371e+03 1.120354e+02 5.242938e+02
      vertex 9.191589e+02 1.120352e+02 5.242939e+02
      vertex 9.110464e+02 1.104221e+02 5.257563e+02
    endloop
  endfacet
  facet normal 6.523652e-09 6.716397e-01 7.408780e-01
    outer loop
      vertex 2.195371e+03 1.120354e+02 5.242938e+02
      vertex 9.110464e+02 1.104221e+02 5.257563e+02
      vertex 2.203483e+03 1.104222e+02 5.257562e+02
    endloop
  endfacet
  facet normal 9.141758e-09 6.570539e-01 7.538436e-01
    outer loop
      vertex 2.203483e+03 1.104222e+02 5.257562e+02
      vertex 9.110464e+02 1.104221e+02 5.257563e+02
      vertex 9.101384e+02 1.075107e+02 5.282939e+02
    endloop
  endfacet
  facet normal 9.157996e-09 6.570539e-01 7.538436e-01
    outer loop
      vertex 2.203483e+03 1.104222e+02 5.257562e+02
      vertex 9.101384e+02 1.075107e+02 5.282939e+02
      vertex 2.204391e+03 1.075108e+02 5.282938e+02
    endloop
  endfacet
  facet normal 2.193268e-08 5.812111e-01 8.137528e-01
    outer loop
      vertex 2.204391e+03 1.075108e+02 5.282938e+02
      vertex 9.101384e+02 1.075107e+02 5.282939e+02
      vertex 2.204391e+03 8.519742e+01 5.442308e+02
    endloop
  endfacet
  facet normal 2.193268e-08 5.812111e-01 8.137528e-01
    outer loop
      vertex 2.204391e+03 8.519742e+01 5.442308e+02
      vertex 9.101384e+02 1.075107e+02 5.282939e+02
      vertex 9.101384e+02 8.519730e+01 5.442310e+02
    endloop
  endfacet
  facet normal 0.000000e+00 6.752612e-01 7.375787e-01
    outer loop
      vertex 9.141384e+02 1.120352e+02 5.242939e+02
      vertex 9.123085e+02 1.115512e+02 5.247371e+02
      vertex 9.191589e+02 1.120352e+02 5.242939e+02
    endloop
  endfacet
  facet normal 7.297167e-04 6.696227e-01 7.427012e-01
    outer loop
      vertex 9.191589e+02 1.120352e+02 5.242939e+02
      vertex 9.123085e+02 1.115512e+02 5.247371e+02
      vertex 9.110464e+02 1.104221e+02 5.257563e+02
    endloop
  endfacet
  facet normal -7.297431e-04 6.696226e-01 7.427012e-01
    outer loop
      vertex 2.203483e+03 1.104222e+02 5.257562e+02
      vertex 2.202221e+03 1.115514e+02 5.247369e+02
      vertex 2.195371e+03 1.120354e+02 5.242938e+02
    endloop
  endfacet
  facet normal 0.000000e+00 6.752612e-01 7.375787e-01
    outer loop
      vertex 2.195371e+03 1.120354e+02 5.242938e+02
      vertex 2.202221e+03 1.115514e+02 5.247369e+02
      vertex 2.200391e+03 1.120354e+02 5.242938e+02
    endloop
  endfacet
  facet normal 8.892263e-03 9.882879e-01 1.523416e-01
    outer loop
      vertex 2.305649e+03 1.621015e+02 4.186745e+02
      vertex 2.288561e+03 1.597271e+02 4.350753e+02
      vertex 2.297915e+03 1.592997e+02 4.373022e+02
    endloop
  endfacet
  facet normal -1.247993e-03 9.810894e-01 1.935514e-01
    outer loop
      vertex 2.297915e+03 1.592997e+02 4.373022e+02
      vertex 2.288561e+03 1.597271e+02 4.350753e+02
      vertex 2.294331e+03 1.590599e+02 4.384944e+02
    endloop
  endfacet
  facet normal -3.821828e-04 9.805930e-01 1.960542e-01
    outer loop
      vertex 2.297915e+03 1.592997e+02 4.373022e+02
      vertex 2.294331e+03 1.590599e+02 4.384944e+02
      vertex 2.297315e+03 1.591263e+02 4.381683e+02
    endloop
  endfacet
  facet normal 8.178935e-05 9.797689e-01 2.001323e-01
    outer loop
      vertex 2.297315e+03 1.591263e+02 4.381683e+02
      vertex 2.294331e+03 1.590599e+02 4.384944e+02
      vertex 2.296404e+03 1.590151e+02 4.387128e+02
    endloop
  endfacet
  facet normal -4.476437e-05 9.795329e-01 2.012842e-01
    outer loop
      vertex 2.296404e+03 1.590151e+02 4.387128e+02
      vertex 2.294331e+03 1.590599e+02 4.384944e+02
      vertex 2.295342e+03 1.589911e+02 4.388296e+02
    endloop
  endfacet
  facet normal 1.000000e+00 0.000000e+00 0.000000e+00
    outer loop
      vertex 2.338487e+03 -1.363581e+02 2.242304e+02
      vertex 2.338487e+03 1.404309e+02 2.242304e+02
      vertex 2.338487e+03 -1.365654e+02 2.283751e+02
    endloop
  endfacet
  facet normal 1.000000e+00 0.000000e+00 0.000000e+00
    outer loop
      vertex 2.338487e+03 -1.365654e+02 2.283751e+02
      vertex 2.338487e+03 1.404309e+02 2.242304e+02
      vertex 2.338487e+03 1.406382e+02 2.283751e+02
    endloop
  endfacet
  facet normal 1.000000e+00 0.000000e+00 0.000000e+00
    outer loop
      vertex 2.338487e+03 -1.365654e+02 2.283751e+02
      vertex 2.338487e+03 1.406382e+02 2.283751e+02
      vertex 2.338487e+03 -1.369558e+02 2.287655e+02
    endloop
  endfacet
  facet normal 1.000000e+00 0.000000e+00 0.000000e+00
    outer loop
      vertex 2.338487e+03 -1.369558e+02 2.287655e+02
      vertex 2.338487e+03 1.406382e+02 2.283751e+02
      vertex 2.338487e+03 1.410286e+02 2.287655e+02
    endloop
  endfacet
  facet normal 1.000000e+00 0.000000e+00 0.000000e+00
    outer loop
      vertex 2.338487e+03 -1.369558e+02 2.287655e+02
      vertex 2.338487e+03 1.410286e+02 2.287655e+02
      vertex 2.338487e+03 -1.377367e+02 2.303272e+02
    endloop
  endfacet
  facet normal 1.000000e+00 0.000000e+00 0.000000e+00
    outer loop
      vertex 2.338487e+03 -1.377367e+02 2.303272e+02
      vertex 2.338487e+03 1.410286e+02 2.287655e+02
      vertex 2.338487e+03 1.418094e+02 2.303272e+02
    endloop
  endfacet
  facet normal 1.000000e+00 0.000000e+00 0.000000e+00
    outer loop
      vertex 2.338487e+03 -1.377367e+02 2.303272e+02
      vertex 2.338487e+03 1.418094e+02 2.303272e+02
      vertex 2.338487e+03 -1.381270e+02 2.523353e+02
    endloop
  endfacet
  facet normal 1.000000e+00 0.000000e+00 0.000000e+00
    outer loop
      vertex 2.338487e+03 -1.381270e+02 2.523353e+02
      vertex 2.338487e+03 1.418094e+02 2.303272e+02
      vertex 2.338487e+03 1.421998e+02 2.523353e+02
    endloop
  endfacet
  facet normal 1.000000e+00 0.000000e+00 -0.000000e+00
    outer loop
      vertex 2.338487e+03 1.421998e+02 2.523353e+02
      vertex 2.338487e+03 1.418094e+02 2.303272e+02
      vertex 2.338487e+03 1.421999e+02 2.303272e+02
    endloop
  endfacet
  facet normal 1.000000e+00 0.000000e+00 0.000000e+00
    outer loop
      vertex 2.338487e+03 1.406382e+02 2.283751e+02
      vertex 2.338487e+03 1.410286e+02 2.283751e+02
      vertex 2.338487e+03 1.410286e+02 2.287655e+02
    endloop
  endfacet
  facet normal 1.000000e+00 -0.000000e+00 0.000000e+00
    outer loop
      vertex 2.338487e+03 1.414190e+02 2.287655e+02
      vertex 2.338487e+03 1.414190e+02 2.291559e+02
      vertex 2.338487e+03 1.410286e+02 2.287655e+02
    endloop
  endfacet
  facet normal 1.000000e+00 0.000000e+00 0.000000e+00
    outer loop
      vertex 2.338487e+03 1.410286e+02 2.287655e+02
      vertex 2.338487e+03 1.414190e+02 2.291559e+02
      vertex 2.338487e+03 1.418094e+02 2.303272e+02
    endloop
  endfacet
  facet normal 1.000000e+00 0.000000e+00 0.000000e+00
    outer loop
      vertex 2.338487e+03 1.414190e+02 2.291559e+02
      vertex 2.338487e+03 1.418094e+02 2.295464e+02
      vertex 2.338487e+03 1.418094e+02 2.303272e+02
    endloop
  endfacet
  facet normal 1.000000e+00 0.000000e+00 -0.000000e+00
    outer loop
      vertex 2.338487e+03 -1.381270e+02 2.523353e+02
      vertex 2.338487e+03 -1.381271e+02 2.303272e+02
      vertex 2.338487e+03 -1.377367e+02 2.303272e+02
    endloop
  endfacet
  facet normal 1.000000e+00 0.000000e+00 0.000000e+00
    outer loop
      vertex 2.338487e+03 -1.377367e+02 2.295464e+02
      vertex 2.338487e+03 -1.373462e+02 2.291559e+02
      vertex 2.338487e+03 -1.377367e+02 2.303272e+02
    endloop
  endfacet
  facet normal 1.000000e+00 0.000000e+00 0.000000e+00
    outer loop
      vertex 2.338487e+03 -1.377367e+02 2.303272e+02
      vertex 2.338487e+03 -1.373462e+02 2.291559e+02
      vertex 2.338487e+03 -1.369558e+02 2.287655e+02
    endloop
  endfacet
  facet normal 1.000000e+00 0.000000e+00 -0.000000e+00
    outer loop
      vertex 2.338487e+03 -1.373462e+02 2.291559e+02
      vertex 2.338487e+03 -1.373462e+02 2.287655e+02
      vertex 2.338487e+03 -1.369558e+02 2.287655e+02
    endloop
  endfacet
  facet normal 1.000000e+00 0.000000e+00 -0.000000e+00
    outer loop
      vertex 2.338487e+03 -1.369558e+02 2.287655e+02
      vertex 2.338487e+03 -1.369558e+02 2.283751e+02
      vertex 2.338487e+03 -1.365654e+02 2.283751e+02
    endloop
  endfacet
  facet normal -0.000000e+00 -9.987475e-01 -5.003484e-02
    outer loop
      vertex 2.337414e+03 -1.365654e+02 2.283751e+02
      vertex 2.337431e+03 -1.365630e+02 2.283282e+02
      vertex 2.338487e+03 -1.365654e+02 2.283751e+02
    endloop
  endfacet
  facet normal 4.174898e-06 -9.987428e-01 -5.012866e-02
    outer loop
      vertex 2.338487e+03 -1.365654e+02 2.283751e+02
      vertex 2.337431e+03 -1.365630e+02 2.283282e+02
      vertex 2.337445e+03 -1.365606e+02 2.282808e+02
    endloop
  endfacet
  facet normal -3.814455e-05 -9.987661e-01 -4.966235e-02
    outer loop
      vertex 2.338487e+03 -1.365654e+02 2.283751e+02
      vertex 2.337445e+03 -1.365606e+02 2.282808e+02
      vertex 2.337458e+03 -1.365583e+02 2.282329e+02
    endloop
  endfacet
  facet normal 1.423144e-06 -9.987518e-01 -4.994788e-02
    outer loop
      vertex 2.337458e+03 -1.365583e+02 2.282329e+02
      vertex 2.338487e+03 -1.363581e+02 2.242304e+02
      vertex 2.338487e+03 -1.365654e+02 2.283751e+02
    endloop
  endfacet
  facet normal 0.000000e+00 0.000000e+00 -1.000000e+00
    outer loop
      vertex 2.337414e+03 -1.365654e+02 2.283751e+02
      vertex 2.338487e+03 -1.365654e+02 2.283751e+02
      vertex 2.337414e+03 -1.369558e+02 2.283751e+02
    endloop
  endfacet
  facet normal -0.000000e+00 0.000000e+00 -1.000000e+00
    outer loop
      vertex 2.337414e+03 -1.369558e+02 2.283751e+02
      vertex 2.338487e+03 -1.365654e+02 2.283751e+02
      vertex 2.338487e+03 -1.369558e+02 2.283751e+02
    endloop
  endfacet
  facet normal 0.000000e+00 -1.000000e+00 0.000000e+00
    outer loop
      vertex 2.337201e+03 -1.369558e+02 2.287655e+02
      vertex 2.337285e+03 -1.369558e+02 2.286427e+02
      vertex 2.338487e+03 -1.369558e+02 2.287655e+02
    endloop
  endfacet
  facet normal 0.000000e+00 -1.000000e+00 0.000000e+00
    outer loop
      vertex 2.338487e+03 -1.369558e+02 2.287655e+02
      vertex 2.337285e+03 -1.369558e+02 2.286427e+02
      vertex 2.337356e+03 -1.369558e+02 2.285121e+02
    endloop
  endfacet
  facet normal 0.000000e+00 -1.000000e+00 0.000000e+00
    outer loop
      vertex 2.338487e+03 -1.369558e+02 2.287655e+02
      vertex 2.337356e+03 -1.369558e+02 2.285121e+02
      vertex 2.338487e+03 -1.369558e+02 2.283751e+02
    endloop
  endfacet
  facet normal 0.000000e+00 -1.000000e+00 0.000000e+00
    outer loop
      vertex 2.338487e+03 -1.369558e+02 2.283751e+02
      vertex 2.337356e+03 -1.369558e+02 2.285121e+02
      vertex 2.337414e+03 -1.369558e+02 2.283751e+02
    endloop
  endfacet
  facet normal 0.000000e+00 0.000000e+00 -1.000000e+00
    outer loop
      vertex 2.337201e+03 -1.369558e+02 2.287655e+02
      vertex 2.338487e+03 -1.369558e+02 2.287655e+02
      vertex 2.337201e+03 -1.373462e+02 2.287655e+02
    endloop
  endfacet
  facet normal -0.000000e+00 0.000000e+00 -1.000000e+00
    outer loop
      vertex 2.337201e+03 -1.373462e+02 2.287655e+02
      vertex 2.338487e+03 -1.369558e+02 2.287655e+02
      vertex 2.338487e+03 -1.373462e+02 2.287655e+02
    endloop
  endfacet
  facet normal 0.000000e+00 -1.000000e+00 0.000000e+00
    outer loop
      vertex 2.336760e+03 -1.373462e+02 2.291559e+02
      vertex 2.336924e+03 -1.373462e+02 2.290456e+02
      vertex 2.338487e+03 -1.373462e+02 2.291559e+02
    endloop
  endfacet
  facet normal 0.000000e+00 -1.000000e+00 0.000000e+00
    outer loop
      vertex 2.338487e+03 -1.373462e+02 2.291559e+02
      vertex 2.336924e+03 -1.373462e+02 2.290456e+02
      vertex 2.337072e+03 -1.373462e+02 2.289147e+02
    endloop
  endfacet
  facet normal 0.000000e+00 -1.000000e+00 0.000000e+00
    outer loop
      vertex 2.338487e+03 -1.373462e+02 2.291559e+02
      vertex 2.337072e+03 -1.373462e+02 2.289147e+02
      vertex 2.338487e+03 -1.373462e+02 2.287655e+02
    endloop
  endfacet
  facet normal 0.000000e+00 -1.000000e+00 0.000000e+00
    outer loop
      vertex 2.338487e+03 -1.373462e+02 2.287655e+02
      vertex 2.337072e+03 -1.373462e+02 2.289147e+02
      vertex 2.337201e+03 -1.373462e+02 2.287655e+02
    endloop
  endfacet
  facet normal 0.000000e+00 1.000000e+00 0.000000e+00
    outer loop
      vertex 2.041598e+03 -5.262341e+01 1.607640e+02
      vertex 2.259978e+03 -5.262341e+01 1.577078e+02
      vertex 2.041677e+03 -5.262341e+01 1.565366e+02
    endloop
  endfacet
  facet normal 0.000000e+00 1.000000e+00 0.000000e+00
    outer loop
      vertex 2.041677e+03 -5.262341e+01 1.565366e+02
      vertex 2.259978e+03 -5.262341e+01 1.577078e+02
      vertex 2.256488e+03 -5.262341e+01 1.575009e+02
    endloop
  endfacet
  facet normal 0.000000e+00 1.000000e+00 0.000000e+00
    outer loop
      vertex 2.041677e+03 -5.262341e+01 1.565366e+02
      vertex 2.256488e+03 -5.262341e+01 1.575009e+02
      vertex 2.256261e+03 -5.262341e+01 1.565366e+02
    endloop
  endfacet
  facet normal 0.000000e+00 1.000000e+00 0.000000e+00
    outer loop
      vertex 2.041598e+03 -5.262341e+01 1.607640e+02
      vertex 2.272717e+03 -5.262341e+01 1.607639e+02
      vertex 2.259978e+03 -5.262341e+01 1.577078e+02
    endloop
  endfacet
  facet normal -7.110879e-08 0.000000e+00 -1.000000e+00
    outer loop
      vertex 2.041677e+03 -5.262341e+01 1.565366e+02
      vertex 2.256261e+03 -5.262341e+01 1.565366e+02
      vertex 2.041677e+03 -5.340430e+01 1.565366e+02
    endloop
  endfacet
  facet normal -7.110879e-08 0.000000e+00 -1.000000e+00
    outer loop
      vertex 2.041677e+03 -5.340430e+01 1.565366e+02
      vertex 2.256261e+03 -5.262341e+01 1.565366e+02
      vertex 2.256261e+03 -5.340430e+01 1.565366e+02
    endloop
  endfacet
  facet normal 0.000000e+00 -1.000000e+00 -0.000000e+00
    outer loop
      vertex 2.041677e+03 -5.340430e+01 1.565366e+02
      vertex 2.256488e+03 -5.340430e+01 1.575009e+02
      vertex 2.041655e+03 -5.340430e+01 1.577078e+02
    endloop
  endfacet
  facet normal 0.000000e+00 -1.000000e+00 0.000000e+00
    outer loop
      vertex 2.041655e+03 -5.340430e+01 1.577078e+02
      vertex 2.256488e+03 -5.340430e+01 1.575009e+02
      vertex 2.257653e+03 -5.340430e+01 1.575412e+02
    endloop
  endfacet
  facet normal 0.000000e+00 -1.000000e+00 0.000000e+00
    outer loop
      vertex 2.041655e+03 -5.340430e+01 1.577078e+02
      vertex 2.257653e+03 -5.340430e+01 1.575412e+02
      vertex 2.258816e+03 -5.340430e+01 1.576101e+02
    endloop
  endfacet
  facet normal -0.000000e+00 -1.000000e+00 0.000000e+00
    outer loop
      vertex 2.041677e+03 -5.340430e+01 1.565366e+02
      vertex 2.256261e+03 -5.340430e+01 1.565366e+02
      vertex 2.256488e+03 -5.340430e+01 1.575009e+02
    endloop
  endfacet
  facet normal 0.000000e+00 -1.000000e+00 -0.000000e+00
    outer loop
      vertex 2.258816e+03 -5.340430e+01 1.576101e+02
      vertex 2.259978e+03 -5.340430e+01 1.577078e+02
      vertex 2.041655e+03 -5.340430e+01 1.577078e+02
    endloop
  endfacet
  facet normal -1.397819e-07 0.000000e+00 -1.000000e+00
    outer loop
      vertex 2.041655e+03 -5.340430e+01 1.577078e+02
      vertex 2.259978e+03 -5.340430e+01 1.577078e+02
      vertex 2.041655e+03 -5.652762e+01 1.577078e+02
    endloop
  endfacet
  facet normal -1.397819e-07 0.000000e+00 -1.000000e+00
    outer loop
      vertex 2.041655e+03 -5.652762e+01 1.577078e+02
      vertex 2.259978e+03 -5.340430e+01 1.577078e+02
      vertex 2.259978e+03 -5.652762e+01 1.577078e+02
    endloop
  endfacet
  facet normal -6.252509e-08 -8.943818e-01 -4.473045e-01
    outer loop
      vertex 2.041655e+03 -5.652762e+01 1.577078e+02
      vertex 2.259978e+03 -5.652762e+01 1.577078e+02
      vertex 2.041640e+03 -5.691815e+01 1.584887e+02
    endloop
  endfacet
  facet normal -6.108683e-08 -8.943819e-01 -4.473042e-01
    outer loop
      vertex 2.041640e+03 -5.691815e+01 1.584887e+02
      vertex 2.259978e+03 -5.652762e+01 1.577078e+02
      vertex 2.265103e+03 -5.691815e+01 1.584886e+02
    endloop
  endfacet
  facet normal 0.000000e+00 -1.000000e+00 0.000000e+00
    outer loop
      vertex 2.273838e+03 -5.691815e+01 1.612216e+02
      vertex 2.041589e+03 -5.691815e+01 1.612217e+02
      vertex 2.270988e+03 -5.691815e+01 1.601227e+02
    endloop
  endfacet
  facet normal 0.000000e+00 -1.000000e+00 0.000000e+00
    outer loop
      vertex 2.270988e+03 -5.691815e+01 1.601227e+02
      vertex 2.041589e+03 -5.691815e+01 1.612217e+02
      vertex 2.041640e+03 -5.691815e+01 1.584887e+02
    endloop
  endfacet
  facet normal 0.000000e+00 -1.000000e+00 0.000000e+00
    outer loop
      vertex 2.270988e+03 -5.691815e+01 1.601227e+02
      vertex 2.041640e+03 -5.691815e+01 1.584887e+02
      vertex 2.268072e+03 -5.691815e+01 1.592104e+02
    endloop
  endfacet
  facet normal 0.000000e+00 -1.000000e+00 0.000000e+00
    outer loop
      vertex 2.268072e+03 -5.691815e+01 1.592104e+02
      vertex 2.041640e+03 -5.691815e+01 1.584887e+02
      vertex 2.265103e+03 -5.691815e+01 1.584886e+02
    endloop
  endfacet
  facet normal -1.274756e-07 -2.425758e-01 -9.701325e-01
    outer loop
      vertex 2.041589e+03 -5.691815e+01 1.612217e+02
      vertex 2.273838e+03 -5.691815e+01 1.612216e+02
      vertex 2.041582e+03 -5.847989e+01 1.616122e+02
    endloop
  endfacet
  facet normal -1.269813e-07 -2.425758e-01 -9.701325e-01
    outer loop
      vertex 2.041582e+03 -5.847989e+01 1.616122e+02
      vertex 2.273838e+03 -5.691815e+01 1.612216e+02
      vertex 2.274735e+03 -5.847989e+01 1.616121e+02
    endloop
  endfacet
  facet normal -1.104445e-07 5.881906e-01 -8.087223e-01
    outer loop
      vertex 2.041640e+03 -6.277448e+01 1.584887e+02
      vertex 2.041582e+03 -5.847989e+01 1.616122e+02
      vertex 2.265103e+03 -6.277448e+01 1.584886e+02
    endloop
  endfacet
  facet normal -1.062958e-07 5.881908e-01 -8.087222e-01
    outer loop
      vertex 2.265103e+03 -6.277448e+01 1.584886e+02
      vertex 2.041582e+03 -5.847989e+01 1.616122e+02
      vertex 2.274735e+03 -5.847989e+01 1.616121e+02
    endloop
  endfacet
  facet normal 0.000000e+00 1.000000e+00 0.000000e+00
    outer loop
      vertex 2.255250e+03 -6.277448e+01 1.522418e+02
      vertex 2.041757e+03 -6.277448e+01 1.522419e+02
      vertex 2.256488e+03 -6.277448e+01 1.575009e+02
    endloop
  endfacet
  facet normal -0.000000e+00 1.000000e+00 0.000000e+00
    outer loop
      vertex 2.256488e+03 -6.277448e+01 1.575009e+02
      vertex 2.041757e+03 -6.277448e+01 1.522419e+02
      vertex 2.041640e+03 -6.277448e+01 1.584887e+02
    endloop
  endfacet
  facet normal 0.000000e+00 1.000000e+00 0.000000e+00
    outer loop
      vertex 2.256488e+03 -6.277448e+01 1.575009e+02
      vertex 2.041640e+03 -6.277448e+01 1.584887e+02
      vertex 2.262253e+03 -6.277448e+01 1.579834e+02
    endloop
  endfacet
  facet normal 0.000000e+00 1.000000e+00 0.000000e+00
    outer loop
      vertex 2.262253e+03 -6.277448e+01 1.579834e+02
      vertex 2.041640e+03 -6.277448e+01 1.584887e+02
      vertex 2.265103e+03 -6.277448e+01 1.584886e+02
    endloop
  endfacet
  facet normal 0.000000e+00 1.000000e+00 0.000000e+00
    outer loop
      vertex 2.262253e+03 -6.277448e+01 1.579834e+02
      vertex 2.259378e+03 -6.277448e+01 1.576537e+02
      vertex 2.256488e+03 -6.277448e+01 1.575009e+02
    endloop
  endfacet
  facet normal -2.250520e-08 9.486867e-01 -3.162175e-01
    outer loop
      vertex 2.256200e+03 -6.355533e+01 1.498992e+02
      vertex 2.041801e+03 -6.355533e+01 1.498992e+02
      vertex 2.255096e+03 -6.299280e+01 1.515869e+02
    endloop
  endfacet
  facet normal 2.659031e-09 9.486858e-01 -3.162203e-01
    outer loop
      vertex 2.255096e+03 -6.299280e+01 1.515869e+02
      vertex 2.041801e+03 -6.355533e+01 1.498992e+02
      vertex 2.041757e+03 -6.277448e+01 1.522419e+02
    endloop
  endfacet
  facet normal -2.254460e-08 9.486833e-01 -3.162277e-01
    outer loop
      vertex 2.255096e+03 -6.299280e+01 1.515869e+02
      vertex 2.041757e+03 -6.277448e+01 1.522419e+02
      vertex 2.255250e+03 -6.277448e+01 1.522418e+02
    endloop
  endfacet
  facet normal -4.269848e-08 8.000371e-01 -5.999506e-01
    outer loop
      vertex 2.041801e+03 -6.355533e+01 1.498992e+02
      vertex 2.256200e+03 -6.355533e+01 1.498992e+02
      vertex 2.041802e+03 -6.358493e+01 1.498598e+02
    endloop
  endfacet
  facet normal -2.289024e-08 7.999855e-01 -6.000194e-01
    outer loop
      vertex 2.041802e+03 -6.358493e+01 1.498598e+02
      vertex 2.256200e+03 -6.355533e+01 1.498992e+02
      vertex 2.258244e+03 -6.589795e+01 1.467759e+02
    endloop
  endfacet
  facet normal -4.229093e-08 7.999848e-01 -6.000203e-01
    outer loop
      vertex 2.041802e+03 -6.358493e+01 1.498598e+02
      vertex 2.258244e+03 -6.589795e+01 1.467759e+02
      vertex 2.041802e+03 -6.589795e+01 1.467759e+02
    endloop
  endfacet
  facet normal 0.000000e+00 1.000000e+00 0.000000e+00
    outer loop
      vertex 2.041802e+03 -6.589795e+01 1.458598e+02
      vertex 2.041802e+03 -6.589795e+01 1.467759e+02
      vertex 2.094557e+03 -6.589795e+01 1.458597e+02
    endloop
  endfacet
  facet normal 0.000000e+00 1.000000e+00 0.000000e+00
    outer loop
      vertex 2.094557e+03 -6.589795e+01 1.458597e+02
      vertex 2.041802e+03 -6.589795e+01 1.467759e+02
      vertex 2.179973e+03 -6.589795e+01 1.458597e+02
    endloop
  endfacet
  facet normal 0.000000e+00 1.000000e+00 0.000000e+00
    outer loop
      vertex 2.094557e+03 -6.589795e+01 1.458597e+02
      vertex 2.179973e+03 -6.589795e+01 1.458597e+02
      vertex 2.103674e+03 -6.589795e+01 1.375269e+02
    endloop
  endfacet
  facet normal 0.000000e+00 1.000000e+00 0.000000e+00
    outer loop
      vertex 2.103674e+03 -6.589795e+01 1.375269e+02
      vertex 2.179973e+03 -6.589795e+01 1.458597e+02
      vertex 2.170857e+03 -6.589795e+01 1.375269e+02
    endloop
  endfacet
  facet normal 0.000000e+00 1.000000e+00 0.000000e+00
    outer loop
      vertex 2.103674e+03 -6.589795e+01 1.375269e+02
      vertex 2.170857e+03 -6.589795e+01 1.375269e+02
      vertex 2.114374e+03 -6.589795e+01 1.313584e+02
    endloop
  endfacet
  facet normal 0.000000e+00 1.000000e+00 0.000000e+00
    outer loop
      vertex 2.114374e+03 -6.589795e+01 1.313584e+02
      vertex 2.170857e+03 -6.589795e+01 1.375269e+02
      vertex 2.160156e+03 -6.589795e+01 1.313584e+02
    endloop
  endfacet
  facet normal 0.000000e+00 1.000000e+00 0.000000e+00
    outer loop
      vertex 2.114374e+03 -6.589795e+01 1.313584e+02
      vertex 2.160156e+03 -6.589795e+01 1.313584e+02
      vertex 2.126154e+03 -6.589795e+01 1.276449e+02
    endloop
  endfacet
  facet normal 0.000000e+00 1.000000e+00 0.000000e+00
    outer loop
      vertex 2.126154e+03 -6.589795e+01 1.276449e+02
      vertex 2.160156e+03 -6.589795e+01 1.313584e+02
      vertex 2.148377e+03 -6.589795e+01 1.276449e+02
    endloop
  endfacet
  facet normal 0.000000e+00 1.000000e+00 0.000000e+00
    outer loop
      vertex 2.041802e+03 -6.589795e+01 1.467759e+02
      vertex 2.258244e+03 -6.589795e+01 1.467759e+02
      vertex 2.179973e+03 -6.589795e+01 1.458597e+02
    endloop
  endfacet
  facet normal 0.000000e+00 1.000000e+00 0.000000e+00
    outer loop
      vertex 2.179973e+03 -6.589795e+01 1.458597e+02
      vertex 2.258244e+03 -6.589795e+01 1.467759e+02
      vertex 2.217991e+03 -6.589795e+01 1.458597e+02
    endloop
  endfacet
  facet normal 0.000000e+00 1.000000e+00 0.000000e+00
    outer loop
      vertex 2.217991e+03 -6.589795e+01 1.458597e+02
      vertex 2.258244e+03 -6.589795e+01 1.467759e+02
      vertex 2.230412e+03 -6.589795e+01 1.417999e+02
    endloop
  endfacet
  facet normal 0.000000e+00 1.000000e+00 0.000000e+00
    outer loop
      vertex 2.217991e+03 -6.589795e+01 1.458597e+02
      vertex 2.230412e+03 -6.589795e+01 1.417999e+02
      vertex 2.220377e+03 -6.589795e+01 1.417999e+02
    endloop
  endfacet
  facet normal 0.000000e+00 1.000000e+00 0.000000e+00
    outer loop
      vertex 2.220377e+03 -6.589795e+01 1.417999e+02
      vertex 2.230412e+03 -6.589795e+01 1.417999e+02
      vertex 2.223087e+03 -6.589795e+01 1.385550e+02
    endloop
  endfacet
  facet normal 0.000000e+00 1.000000e+00 0.000000e+00
    outer loop
      vertex 2.223087e+03 -6.589795e+01 1.385550e+02
      vertex 2.230412e+03 -6.589795e+01 1.417999e+02
      vertex 2.228581e+03 -6.589795e+01 1.385550e+02
    endloop
  endfacet
  facet normal 0.000000e+00 1.000000e+00 -0.000000e+00
    outer loop
      vertex 2.258244e+03 -6.589795e+01 1.467759e+02
      vertex 2.261945e+03 -6.589795e+01 1.411195e+02
      vertex 2.230412e+03 -6.589795e+01 1.417999e+02
    endloop
  endfacet
  facet normal 0.000000e+00 7.071759e-01 -7.070377e-01
    outer loop
      vertex 2.128335e+03 -6.628830e+01 1.272545e+02
      vertex 2.126154e+03 -6.589795e+01 1.276449e+02
      vertex 2.146195e+03 -6.628830e+01 1.272545e+02
    endloop
  endfacet
  facet normal 0.000000e+00 7.071759e-01 -7.070377e-01
    outer loop
      vertex 2.146195e+03 -6.628830e+01 1.272545e+02
      vertex 2.126154e+03 -6.589795e+01 1.276449e+02
      vertex 2.148377e+03 -6.589795e+01 1.276449e+02
    endloop
  endfacet
  facet normal 0.000000e+00 4.472136e-01 -8.944272e-01
    outer loop
      vertex 2.131288e+03 -6.706918e+01 1.268641e+02
      vertex 2.128335e+03 -6.628830e+01 1.272545e+02
      vertex 2.143242e+03 -6.706918e+01 1.268641e+02
    endloop
  endfacet
  facet normal 0.000000e+00 4.472136e-01 -8.944272e-01
    outer loop
      vertex 2.143242e+03 -6.706918e+01 1.268641e+02
      vertex 2.128335e+03 -6.628830e+01 1.272545e+02
      vertex 2.146195e+03 -6.628830e+01 1.272545e+02
    endloop
  endfacet
  facet normal 0.000000e+00 0.000000e+00 -1.000000e+00
    outer loop
      vertex 2.143242e+03 -6.785007e+01 1.268641e+02
      vertex 2.131288e+03 -6.785007e+01 1.268641e+02
      vertex 2.143242e+03 -6.706918e+01 1.268641e+02
    endloop
  endfacet
  facet normal 0.000000e+00 0.000000e+00 -1.000000e+00
    outer loop
      vertex 2.143242e+03 -6.706918e+01 1.268641e+02
      vertex 2.131288e+03 -6.785007e+01 1.268641e+02
      vertex 2.131288e+03 -6.706918e+01 1.268641e+02
    endloop
  endfacet
  facet normal 0.000000e+00 -8.320403e-01 -5.547152e-01
    outer loop
      vertex 2.150183e+03 -6.863092e+01 1.280353e+02
      vertex 2.124348e+03 -6.863092e+01 1.280353e+02
      vertex 2.143242e+03 -6.785007e+01 1.268641e+02
    endloop
  endfacet
  facet normal 0.000000e+00 -8.320403e-01 -5.547152e-01
    outer loop
      vertex 2.143242e+03 -6.785007e+01 1.268641e+02
      vertex 2.124348e+03 -6.863092e+01 1.280353e+02
      vertex 2.131288e+03 -6.785007e+01 1.268641e+02
    endloop
  endfacet
  facet normal 0.000000e+00 -7.071621e-01 -7.070515e-01
    outer loop
      vertex 2.151756e+03 -6.902130e+01 1.284258e+02
      vertex 2.122775e+03 -6.902130e+01 1.284258e+02
      vertex 2.150183e+03 -6.863092e+01 1.280353e+02
    endloop
  endfacet
  facet normal 0.000000e+00 -7.071621e-01 -7.070515e-01
    outer loop
      vertex 2.150183e+03 -6.863092e+01 1.280353e+02
      vertex 2.122775e+03 -6.902130e+01 1.284258e+02
      vertex 2.124348e+03 -6.863092e+01 1.280353e+02
    endloop
  endfacet
  facet normal 0.000000e+00 -1.000000e+00 0.000000e+00
    outer loop
      vertex 2.153164e+03 -6.902130e+01 1.288162e+02
      vertex 2.121367e+03 -6.902130e+01 1.288162e+02
      vertex 2.152696e+03 -6.902130e+01 1.286820e+02
    endloop
  endfacet
  facet normal 0.000000e+00 -1.000000e+00 0.000000e+00
    outer loop
      vertex 2.152696e+03 -6.902130e+01 1.286820e+02
      vertex 2.121367e+03 -6.902130e+01 1.288162e+02
      vertex 2.121835e+03 -6.902130e+01 1.286820e+02
    endloop
  endfacet
  facet normal 0.000000e+00 -1.000000e+00 0.000000e+00
    outer loop
      vertex 2.152696e+03 -6.902130e+01 1.286820e+02
      vertex 2.121835e+03 -6.902130e+01 1.286820e+02
      vertex 2.152226e+03 -6.902130e+01 1.285519e+02
    endloop
  endfacet
  facet normal 0.000000e+00 -1.000000e+00 0.000000e+00
    outer loop
      vertex 2.152226e+03 -6.902130e+01 1.285519e+02
      vertex 2.121835e+03 -6.902130e+01 1.286820e+02
      vertex 2.122304e+03 -6.902130e+01 1.285519e+02
    endloop
  endfacet
  facet normal 0.000000e+00 -1.000000e+00 0.000000e+00
    outer loop
      vertex 2.152226e+03 -6.902130e+01 1.285519e+02
      vertex 2.122304e+03 -6.902130e+01 1.285519e+02
      vertex 2.151756e+03 -6.902130e+01 1.284258e+02
    endloop
  endfacet
  facet normal 0.000000e+00 -1.000000e+00 0.000000e+00
    outer loop
      vertex 2.151756e+03 -6.902130e+01 1.284258e+02
      vertex 2.122304e+03 -6.902130e+01 1.285519e+02
      vertex 2.122775e+03 -6.902130e+01 1.284258e+02
    endloop
  endfacet
  facet normal 0.000000e+00 -3.162130e-01 -9.486882e-01
    outer loop
      vertex 2.154448e+03 -7.019269e+01 1.292066e+02
      vertex 2.120082e+03 -7.019269e+01 1.292066e+02
      vertex 2.153164e+03 -6.902130e+01 1.288162e+02
    endloop
  endfacet
  facet normal 0.000000e+00 -3.162129e-01 -9.486883e-01
    outer loop
      vertex 2.153164e+03 -6.902130e+01 1.288162e+02
      vertex 2.120082e+03 -7.019269e+01 1.292066e+02
      vertex 2.121367e+03 -6.902130e+01 1.288162e+02
    endloop
  endfacet
  facet normal 0.000000e+00 -1.644052e-01 -9.863929e-01
    outer loop
      vertex 2.155635e+03 -7.253516e+01 1.295970e+02
      vertex 2.118896e+03 -7.253516e+01 1.295970e+02
      vertex 2.154448e+03 -7.019269e+01 1.292066e+02
    endloop
  endfacet
  facet normal 0.000000e+00 -1.644052e-01 -9.863929e-01
    outer loop
      vertex 2.154448e+03 -7.019269e+01 1.292066e+02
      vertex 2.118896e+03 -7.253516e+01 1.295970e+02
      vertex 2.120082e+03 -7.019269e+01 1.292066e+02
    endloop
  endfacet
  facet normal 0.000000e+00 -6.238071e-02 -9.980524e-01
    outer loop
      vertex 2.156742e+03 -7.878198e+01 1.299875e+02
      vertex 2.117789e+03 -7.878198e+01 1.299875e+02
      vertex 2.155635e+03 -7.253516e+01 1.295970e+02
    endloop
  endfacet
  facet normal 0.000000e+00 -6.238072e-02 -9.980524e-01
    outer loop
      vertex 2.155635e+03 -7.253516e+01 1.295970e+02
      vertex 2.117789e+03 -7.878198e+01 1.299875e+02
      vertex 2.118896e+03 -7.253516e+01 1.295970e+02
    endloop
  endfacet
  facet normal 0.000000e+00 -7.070515e-01 -7.071620e-01
    outer loop
      vertex 2.157782e+03 -7.917249e+01 1.303779e+02
      vertex 2.116749e+03 -7.917249e+01 1.303779e+02
      vertex 2.156742e+03 -7.878198e+01 1.299875e+02
    endloop
  endfacet
  facet normal 0.000000e+00 -7.070515e-01 -7.071620e-01
    outer loop
      vertex 2.156742e+03 -7.878198e+01 1.299875e+02
      vertex 2.116749e+03 -7.917249e+01 1.303779e+02
      vertex 2.117789e+03 -7.878198e+01 1.299875e+02
    endloop
  endfacet
  facet normal -0.000000e+00 -1.000000e+00 -0.000000e+00
    outer loop
      vertex 2.041802e+03 -7.917249e+01 1.498598e+02
      vertex 2.094557e+03 -7.917249e+01 1.458597e+02
      vertex 2.041691e+03 -7.917249e+01 1.557557e+02
    endloop
  endfacet
  facet normal 0.000000e+00 -1.000000e+00 0.000000e+00
    outer loop
      vertex 2.041691e+03 -7.917249e+01 1.557557e+02
      vertex 2.094557e+03 -7.917249e+01 1.458597e+02
      vertex 2.179973e+03 -7.917249e+01 1.458597e+02
    endloop
  endfacet
  facet normal 0.000000e+00 -1.000000e+00 0.000000e+00
    outer loop
      vertex 2.041691e+03 -7.917249e+01 1.557557e+02
      vertex 2.179973e+03 -7.917249e+01 1.458597e+02
      vertex 2.256077e+03 -7.917249e+01 1.557557e+02
    endloop
  endfacet
  facet normal 0.000000e+00 -1.000000e+00 0.000000e+00
    outer loop
      vertex 2.256077e+03 -7.917249e+01 1.557557e+02
      vertex 2.179973e+03 -7.917249e+01 1.458597e+02
      vertex 2.255096e+03 -7.917249e+01 1.515869e+02
    endloop
  endfacet
  facet normal 0.000000e+00 -1.000000e+00 0.000000e+00
    outer loop
      vertex 2.255096e+03 -7.917249e+01 1.515869e+02
      vertex 2.179973e+03 -7.917249e+01 1.458597e+02
      vertex 2.217991e+03 -7.917249e+01 1.458597e+02
    endloop
  endfacet
  facet normal 0.000000e+00 -1.000000e+00 0.000000e+00
    outer loop
      vertex 2.255096e+03 -7.917249e+01 1.515869e+02
      vertex 2.217991e+03 -7.917249e+01 1.458597e+02
      vertex 2.261945e+03 -7.917249e+01 1.411195e+02
    endloop
  endfacet
  facet normal 0.000000e+00 -1.000000e+00 0.000000e+00
    outer loop
      vertex 2.261945e+03 -7.917249e+01 1.411195e+02
      vertex 2.217991e+03 -7.917249e+01 1.458597e+02
      vertex 2.230412e+03 -7.917249e+01 1.417999e+02
    endloop
  endfacet
  facet normal 0.000000e+00 -1.000000e+00 0.000000e+00
    outer loop
      vertex 2.230412e+03 -7.917249e+01 1.417999e+02
      vertex 2.217991e+03 -7.917249e+01 1.458597e+02
      vertex 2.220377e+03 -7.917249e+01 1.417999e+02
    endloop
  endfacet
  facet normal 0.000000e+00 -1.000000e+00 0.000000e+00
    outer loop
      vertex 2.230412e+03 -7.917249e+01 1.417999e+02
      vertex 2.220377e+03 -7.917249e+01 1.417999e+02
      vertex 2.223087e+03 -7.917249e+01 1.385550e+02
    endloop
  endfacet
  facet normal 0.000000e+00 -1.000000e+00 0.000000e+00
    outer loop
      vertex 2.041802e+03 -7.917249e+01 1.498598e+02
      vertex 2.041802e+03 -7.917249e+01 1.458598e+02
      vertex 2.094557e+03 -7.917249e+01 1.458597e+02
    endloop
  endfacet
  facet normal 0.000000e+00 -1.000000e+00 0.000000e+00
    outer loop
      vertex 2.179973e+03 -7.917249e+01 1.458597e+02
      vertex 2.094557e+03 -7.917249e+01 1.458597e+02
      vertex 2.173438e+03 -7.917249e+01 1.395320e+02
    endloop
  endfacet
  facet normal 0.000000e+00 -1.000000e+00 0.000000e+00
    outer loop
      vertex 2.173438e+03 -7.917249e+01 1.395320e+02
      vertex 2.094557e+03 -7.917249e+01 1.458597e+02
      vertex 2.101093e+03 -7.917249e+01 1.395320e+02
    endloop
  endfacet
  facet normal 0.000000e+00 -1.000000e+00 0.000000e+00
    outer loop
      vertex 2.173438e+03 -7.917249e+01 1.395320e+02
      vertex 2.101093e+03 -7.917249e+01 1.395320e+02
      vertex 2.165977e+03 -7.917249e+01 1.343270e+02
    endloop
  endfacet
  facet normal 0.000000e+00 -1.000000e+00 0.000000e+00
    outer loop
      vertex 2.165977e+03 -7.917249e+01 1.343270e+02
      vertex 2.101093e+03 -7.917249e+01 1.395320e+02
      vertex 2.108554e+03 -7.917249e+01 1.343270e+02
    endloop
  endfacet
  facet normal 0.000000e+00 -1.000000e+00 0.000000e+00
    outer loop
      vertex 2.165977e+03 -7.917249e+01 1.343270e+02
      vertex 2.108554e+03 -7.917249e+01 1.343270e+02
      vertex 2.157782e+03 -7.917249e+01 1.303779e+02
    endloop
  endfacet
  facet normal 0.000000e+00 -1.000000e+00 0.000000e+00
    outer loop
      vertex 2.157782e+03 -7.917249e+01 1.303779e+02
      vertex 2.108554e+03 -7.917249e+01 1.343270e+02
      vertex 2.116749e+03 -7.917249e+01 1.303779e+02
    endloop
  endfacet
  facet normal -0.000000e+00 -1.000000e+00 0.000000e+00
    outer loop
      vertex 2.223087e+03 -7.917249e+01 1.385550e+02
      vertex 2.228581e+03 -7.917249e+01 1.385550e+02
      vertex 2.230412e+03 -7.917249e+01 1.417999e+02
    endloop
  endfacet
  facet normal -4.748285e-08 7.474172e-01 -6.643550e-01
    outer loop
      vertex 2.041757e+03 -8.229584e+01 1.522419e+02
      vertex 2.041691e+03 -7.917249e+01 1.557557e+02
      vertex 2.255250e+03 -8.229584e+01 1.522418e+02
    endloop
  endfacet
  facet normal -4.731011e-08 7.474172e-01 -6.643550e-01
    outer loop
      vertex 2.255250e+03 -8.229584e+01 1.522418e+02
      vertex 2.041691e+03 -7.917249e+01 1.557557e+02
      vertex 2.256077e+03 -7.917249e+01 1.557557e+02
    endloop
  endfacet
  facet normal -3.190076e-08 8.944362e-01 -4.471956e-01
    outer loop
      vertex 2.255689e+03 -8.307669e+01 1.506801e+02
      vertex 2.041786e+03 -8.307669e+01 1.506801e+02
      vertex 2.255096e+03 -8.262332e+01 1.515869e+02
    endloop
  endfacet
  facet normal 8.240959e-09 8.944324e-01 -4.472031e-01
    outer loop
      vertex 2.255096e+03 -8.262332e+01 1.515869e+02
      vertex 2.041786e+03 -8.307669e+01 1.506801e+02
      vertex 2.041757e+03 -8.229584e+01 1.522419e+02
    endloop
  endfacet
  facet normal -3.193053e-08 8.944272e-01 -4.472136e-01
    outer loop
      vertex 2.255096e+03 -8.262332e+01 1.515869e+02
      vertex 2.041757e+03 -8.229584e+01 1.522419e+02
      vertex 2.255250e+03 -8.229584e+01 1.522418e+02
    endloop
  endfacet
  facet normal -2.649448e-08 9.284695e-01 -3.714086e-01
    outer loop
      vertex 2.041786e+03 -8.307669e+01 1.506801e+02
      vertex 2.255689e+03 -8.307669e+01 1.506801e+02
      vertex 2.041802e+03 -8.340485e+01 1.498598e+02
    endloop
  endfacet
  facet normal -2.796287e-08 9.284697e-01 -3.714082e-01
    outer loop
      vertex 2.041802e+03 -8.340485e+01 1.498598e+02
      vertex 2.255689e+03 -8.307669e+01 1.506801e+02
      vertex 2.256967e+03 -8.385757e+01 1.487280e+02
    endloop
  endfacet
  facet normal -2.636213e-08 9.284698e-01 -3.714080e-01
    outer loop
      vertex 2.041802e+03 -8.340485e+01 1.498598e+02
      vertex 2.256967e+03 -8.385757e+01 1.487280e+02
      vertex 2.041802e+03 -8.385757e+01 1.487280e+02
    endloop
  endfacet
  facet normal -6.342987e-08 4.472136e-01 -8.944272e-01
    outer loop
      vertex 2.041802e+03 -8.385757e+01 1.487280e+02
      vertex 2.256967e+03 -8.385757e+01 1.487280e+02
      vertex 2.041802e+03 -8.541931e+01 1.479471e+02
    endloop
  endfacet
  facet normal -6.327966e-08 4.472136e-01 -8.944272e-01
    outer loop
      vertex 2.041802e+03 -8.541931e+01 1.479471e+02
      vertex 2.256967e+03 -8.385757e+01 1.487280e+02
      vertex 2.257477e+03 -8.541931e+01 1.479471e+02
    endloop
  endfacet
  facet normal -7.074882e-08 0.000000e+00 -1.000000e+00
    outer loop
      vertex 2.041802e+03 -8.541931e+01 1.479471e+02
      vertex 2.257477e+03 -8.541931e+01 1.479471e+02
      vertex 2.041802e+03 -1.104066e+02 1.479471e+02
    endloop
  endfacet
  facet normal -7.074882e-08 0.000000e+00 -1.000000e+00
    outer loop
      vertex 2.041802e+03 -1.104066e+02 1.479471e+02
      vertex 2.257477e+03 -8.541931e+01 1.479471e+02
      vertex 2.257477e+03 -1.104066e+02 1.479471e+02
    endloop
  endfacet
  facet normal -6.584430e-08 -3.713994e-01 -9.284732e-01
    outer loop
      vertex 2.041802e+03 -1.123588e+02 1.487280e+02
      vertex 2.041802e+03 -1.104066e+02 1.479471e+02
      vertex 2.256967e+03 -1.123588e+02 1.487280e+02
    endloop
  endfacet
  facet normal -6.572227e-08 -3.713994e-01 -9.284732e-01
    outer loop
      vertex 2.256967e+03 -1.123588e+02 1.487280e+02
      vertex 2.041802e+03 -1.104066e+02 1.479471e+02
      vertex 2.257477e+03 -1.104066e+02 1.479471e+02
    endloop
  endfacet
  facet normal -1.399448e-08 -9.805681e-01 -1.961793e-01
    outer loop
      vertex 2.041786e+03 -1.127493e+02 1.506801e+02
      vertex 2.041802e+03 -1.125851e+02 1.498598e+02
      vertex 2.255689e+03 -1.127493e+02 1.506801e+02
    endloop
  endfacet
  facet normal -1.068181e-07 -9.805727e-01 -1.961560e-01
    outer loop
      vertex 2.255689e+03 -1.127493e+02 1.506801e+02
      vertex 2.041802e+03 -1.125851e+02 1.498598e+02
      vertex 2.256967e+03 -1.123588e+02 1.487280e+02
    endloop
  endfacet
  facet normal -1.390954e-08 -9.805761e-01 -1.961390e-01
    outer loop
      vertex 2.256967e+03 -1.123588e+02 1.487280e+02
      vertex 2.041802e+03 -1.125851e+02 1.498598e+02
      vertex 2.041802e+03 -1.123588e+02 1.487280e+02
    endloop
  endfacet
  facet normal -4.869010e-08 -7.282043e-01 -6.853602e-01
    outer loop
      vertex 2.256445e+03 -1.189961e+02 1.573174e+02
      vertex 2.041662e+03 -1.189961e+02 1.573174e+02
      vertex 2.255096e+03 -1.136027e+02 1.515869e+02
    endloop
  endfacet
  facet normal -2.182601e-08 -7.282047e-01 -6.853597e-01
    outer loop
      vertex 2.255096e+03 -1.136027e+02 1.515869e+02
      vertex 2.041662e+03 -1.189961e+02 1.573174e+02
      vertex 2.041786e+03 -1.127493e+02 1.506801e+02
    endloop
  endfacet
  facet normal -4.900712e-08 -7.282079e-01 -6.853563e-01
    outer loop
      vertex 2.255096e+03 -1.136027e+02 1.515869e+02
      vertex 2.041786e+03 -1.127493e+02 1.506801e+02
      vertex 2.255689e+03 -1.127493e+02 1.506801e+02
    endloop
  endfacet
  facet normal 0.000000e+00 -1.000000e+00 0.000000e+00
    outer loop
      vertex 2.273838e+03 -1.189961e+02 1.612216e+02
      vertex 2.041589e+03 -1.189961e+02 1.612217e+02
      vertex 2.268227e+03 -1.189961e+02 1.592537e+02
    endloop
  endfacet
  facet normal 0.000000e+00 -1.000000e+00 0.000000e+00
    outer loop
      vertex 2.268227e+03 -1.189961e+02 1.592537e+02
      vertex 2.041589e+03 -1.189961e+02 1.612217e+02
      vertex 2.041662e+03 -1.189961e+02 1.573174e+02
    endloop
  endfacet
  facet normal 0.000000e+00 -1.000000e+00 0.000000e+00
    outer loop
      vertex 2.268227e+03 -1.189961e+02 1.592537e+02
      vertex 2.041662e+03 -1.189961e+02 1.573174e+02
      vertex 2.262413e+03 -1.189961e+02 1.580069e+02
    endloop
  endfacet
  facet normal 0.000000e+00 -1.000000e+00 0.000000e+00
    outer loop
      vertex 2.262413e+03 -1.189961e+02 1.580069e+02
      vertex 2.041662e+03 -1.189961e+02 1.573174e+02
      vertex 2.256488e+03 -1.189961e+02 1.575009e+02
    endloop
  endfacet
  facet normal 0.000000e+00 -1.000000e+00 0.000000e+00
    outer loop
      vertex 2.256488e+03 -1.189961e+02 1.575009e+02
      vertex 2.041662e+03 -1.189961e+02 1.573174e+02
      vertex 2.256445e+03 -1.189961e+02 1.573174e+02
    endloop
  endfacet
  facet normal 1.314002e-07 0.000000e+00 1.000000e+00
    outer loop
      vertex 2.041589e+03 -1.189961e+02 1.612217e+02
      vertex 2.273838e+03 -1.189961e+02 1.612216e+02
      vertex 2.041589e+03 -1.186056e+02 1.612217e+02
    endloop
  endfacet
  facet normal 1.314002e-07 0.000000e+00 1.000000e+00
    outer loop
      vertex 2.041589e+03 -1.186056e+02 1.612217e+02
      vertex 2.273838e+03 -1.189961e+02 1.612216e+02
      vertex 2.273838e+03 -1.186056e+02 1.612216e+02
    endloop
  endfacet
  facet normal 0.000000e+00 1.000000e+00 0.000000e+00
    outer loop
      vertex 1.702780e+03 -5.262344e+01 1.565366e+02
      vertex 1.702780e+03 -5.262344e+01 1.607640e+02
      vertex 1.916235e+03 -5.262344e+01 1.565366e+02
    endloop
  endfacet
  facet normal 0.000000e+00 1.000000e+00 0.000000e+00
    outer loop
      vertex 1.916235e+03 -5.262344e+01 1.565366e+02
      vertex 1.702780e+03 -5.262344e+01 1.607640e+02
      vertex 1.916314e+03 -5.262344e+01 1.607640e+02
    endloop
  endfacet
  facet normal -1.429692e-07 -0.000000e+00 -1.000000e+00
    outer loop
      vertex 1.916235e+03 -5.340433e+01 1.565366e+02
      vertex 1.702780e+03 -5.340433e+01 1.565366e+02
      vertex 1.916235e+03 -5.262344e+01 1.565366e+02
    endloop
  endfacet
  facet normal -1.429692e-07 0.000000e+00 -1.000000e+00
    outer loop
      vertex 1.916235e+03 -5.262344e+01 1.565366e+02
      vertex 1.702780e+03 -5.340433e+01 1.565366e+02
      vertex 1.702780e+03 -5.262344e+01 1.565366e+02
    endloop
  endfacet
  facet normal 0.000000e+00 -1.000000e+00 0.000000e+00
    outer loop
      vertex 1.916257e+03 -5.340433e+01 1.577078e+02
      vertex 1.702780e+03 -5.340433e+01 1.577078e+02
      vertex 1.916235e+03 -5.340433e+01 1.565366e+02
    endloop
  endfacet
  facet normal 0.000000e+00 -1.000000e+00 0.000000e+00
    outer loop
      vertex 1.916235e+03 -5.340433e+01 1.565366e+02
      vertex 1.702780e+03 -5.340433e+01 1.577078e+02
      vertex 1.702780e+03 -5.340433e+01 1.565366e+02
    endloop
  endfacet
  facet normal -1.429545e-07 -0.000000e+00 -1.000000e+00
    outer loop
      vertex 1.916257e+03 -5.652765e+01 1.577078e+02
      vertex 1.702780e+03 -5.652765e+01 1.577078e+02
      vertex 1.916257e+03 -5.340433e+01 1.577078e+02
    endloop
  endfacet
  facet normal -1.429545e-07 0.000000e+00 -1.000000e+00
    outer loop
      vertex 1.916257e+03 -5.340433e+01 1.577078e+02
      vertex 1.702780e+03 -5.652765e+01 1.577078e+02
      vertex 1.702780e+03 -5.340433e+01 1.577078e+02
    endloop
  endfacet
  facet normal -6.393981e-08 -8.943818e-01 -4.473045e-01
    outer loop
      vertex 1.916272e+03 -5.691818e+01 1.584887e+02
      vertex 1.702780e+03 -5.691818e+01 1.584887e+02
      vertex 1.916257e+03 -5.652765e+01 1.577078e+02
    endloop
  endfacet
  facet normal -6.394419e-08 -8.943818e-01 -4.473045e-01
    outer loop
      vertex 1.916257e+03 -5.652765e+01 1.577078e+02
      vertex 1.702780e+03 -5.691818e+01 1.584887e+02
      vertex 1.702780e+03 -5.652765e+01 1.577078e+02
    endloop
  endfacet
  facet normal 0.000000e+00 -1.000000e+00 0.000000e+00
    outer loop
      vertex 1.916323e+03 -5.691818e+01 1.612217e+02
      vertex 1.702780e+03 -5.691818e+01 1.612217e+02
      vertex 1.916272e+03 -5.691818e+01 1.584887e+02
    endloop
  endfacet
  facet normal 0.000000e+00 -1.000000e+00 0.000000e+00
    outer loop
      vertex 1.916272e+03 -5.691818e+01 1.584887e+02
      vertex 1.702780e+03 -5.691818e+01 1.612217e+02
      vertex 1.702780e+03 -5.691818e+01 1.584887e+02
    endloop
  endfacet
  facet normal -1.386374e-07 -2.425758e-01 -9.701325e-01
    outer loop
      vertex 1.916330e+03 -5.847992e+01 1.616122e+02
      vertex 1.702780e+03 -5.847992e+01 1.616122e+02
      vertex 1.916323e+03 -5.691818e+01 1.612217e+02
    endloop
  endfacet
  facet normal -1.386422e-07 -2.425758e-01 -9.701325e-01
    outer loop
      vertex 1.916323e+03 -5.691818e+01 1.612217e+02
      vertex 1.702780e+03 -5.847992e+01 1.616122e+02
      vertex 1.702780e+03 -5.691818e+01 1.612217e+02
    endloop
  endfacet
  facet normal -1.156026e-07 5.881907e-01 -8.087223e-01
    outer loop
      vertex 1.702780e+03 -6.277451e+01 1.584887e+02
      vertex 1.702780e+03 -5.847992e+01 1.616122e+02
      vertex 1.916272e+03 -6.277451e+01 1.584887e+02
    endloop
  endfacet
  facet normal -1.160531e-07 5.881907e-01 -8.087223e-01
    outer loop
      vertex 1.916272e+03 -6.277451e+01 1.584887e+02
      vertex 1.702780e+03 -5.847992e+01 1.616122e+02
      vertex 1.916330e+03 -5.847992e+01 1.616122e+02
    endloop
  endfacet
  facet normal 0.000000e+00 1.000000e+00 0.000000e+00
    outer loop
      vertex 1.702780e+03 -6.277451e+01 1.522419e+02
      vertex 1.702780e+03 -6.277451e+01 1.584887e+02
      vertex 1.916155e+03 -6.277451e+01 1.522419e+02
    endloop
  endfacet
  facet normal 0.000000e+00 1.000000e+00 0.000000e+00
    outer loop
      vertex 1.916155e+03 -6.277451e+01 1.522419e+02
      vertex 1.702780e+03 -6.277451e+01 1.584887e+02
      vertex 1.916272e+03 -6.277451e+01 1.584887e+02
    endloop
  endfacet
  facet normal -4.523606e-08 9.486858e-01 -3.162203e-01
    outer loop
      vertex 1.702780e+03 -6.355536e+01 1.498993e+02
      vertex 1.702780e+03 -6.277451e+01 1.522419e+02
      vertex 1.916111e+03 -6.355536e+01 1.498992e+02
    endloop
  endfacet
  facet normal -4.524973e-08 9.486858e-01 -3.162203e-01
    outer loop
      vertex 1.916111e+03 -6.355536e+01 1.498992e+02
      vertex 1.702780e+03 -6.277451e+01 1.522419e+02
      vertex 1.916155e+03 -6.277451e+01 1.522419e+02
    endloop
  endfacet
  facet normal -8.594692e-08 7.999849e-01 -6.000202e-01
    outer loop
      vertex 1.703058e+03 -6.589798e+01 1.467759e+02
      vertex 1.702780e+03 -6.466309e+01 1.484224e+02
      vertex 1.916110e+03 -6.589798e+01 1.467759e+02
    endloop
  endfacet
  facet normal -8.726493e-08 7.999848e-01 -6.000202e-01
    outer loop
      vertex 1.916110e+03 -6.589798e+01 1.467759e+02
      vertex 1.702780e+03 -6.466309e+01 1.484224e+02
      vertex 1.916110e+03 -6.358496e+01 1.498598e+02
    endloop
  endfacet
  facet normal -1.054946e-07 7.999861e-01 -6.000185e-01
    outer loop
      vertex 1.916110e+03 -6.358496e+01 1.498598e+02
      vertex 1.702780e+03 -6.466309e+01 1.484224e+02
      vertex 1.702780e+03 -6.355536e+01 1.498993e+02
    endloop
  endfacet
  facet normal -8.582433e-08 8.000371e-01 -5.999506e-01
    outer loop
      vertex 1.916110e+03 -6.358496e+01 1.498598e+02
      vertex 1.702780e+03 -6.355536e+01 1.498993e+02
      vertex 1.916111e+03 -6.355536e+01 1.498992e+02
    endloop
  endfacet
  facet normal 0.000000e+00 1.000000e+00 0.000000e+00
    outer loop
      vertex 1.707780e+03 -6.589798e+01 1.434224e+02
      vertex 1.705779e+03 -6.589798e+01 1.438402e+02
      vertex 1.743761e+03 -6.589798e+01 1.434223e+02
    endloop
  endfacet
  facet normal 0.000000e+00 1.000000e+00 0.000000e+00
    outer loop
      vertex 1.743761e+03 -6.589798e+01 1.434223e+02
      vertex 1.705779e+03 -6.589798e+01 1.438402e+02
      vertex 1.743761e+03 -6.589798e+01 1.458598e+02
    endloop
  endfacet
  facet normal 0.000000e+00 1.000000e+00 0.000000e+00
    outer loop
      vertex 1.743761e+03 -6.589798e+01 1.458598e+02
      vertex 1.705779e+03 -6.589798e+01 1.438402e+02
      vertex 1.704112e+03 -6.589798e+01 1.450241e+02
    endloop
  endfacet
  facet normal -0.000000e+00 1.000000e+00 0.000000e+00
    outer loop
      vertex 1.743761e+03 -6.589798e+01 1.458598e+02
      vertex 1.704112e+03 -6.589798e+01 1.450241e+02
      vertex 1.703058e+03 -6.589798e+01 1.467759e+02
    endloop
  endfacet
  facet normal 0.000000e+00 1.000000e+00 0.000000e+00
    outer loop
      vertex 1.743761e+03 -6.589798e+01 1.458598e+02
      vertex 1.703058e+03 -6.589798e+01 1.467759e+02
      vertex 1.777939e+03 -6.589798e+01 1.458598e+02
    endloop
  endfacet
  facet normal 0.000000e+00 1.000000e+00 0.000000e+00
    outer loop
      vertex 1.777939e+03 -6.589798e+01 1.458598e+02
      vertex 1.703058e+03 -6.589798e+01 1.467759e+02
      vertex 1.916110e+03 -6.589798e+01 1.467759e+02
    endloop
  endfacet
  facet normal 0.000000e+00 1.000000e+00 0.000000e+00
    outer loop
      vertex 1.777939e+03 -6.589798e+01 1.458598e+02
      vertex 1.916110e+03 -6.589798e+01 1.467759e+02
      vertex 1.863355e+03 -6.589798e+01 1.458598e+02
    endloop
  endfacet
  facet normal 0.000000e+00 1.000000e+00 0.000000e+00
    outer loop
      vertex 1.863355e+03 -6.589798e+01 1.458598e+02
      vertex 1.916110e+03 -6.589798e+01 1.467759e+02
      vertex 1.916110e+03 -6.589798e+01 1.458598e+02
    endloop
  endfacet
  facet normal 0.000000e+00 1.000000e+00 0.000000e+00
    outer loop
      vertex 1.777939e+03 -6.589798e+01 1.458598e+02
      vertex 1.863355e+03 -6.589798e+01 1.458598e+02
      vertex 1.787056e+03 -6.589798e+01 1.375270e+02
    endloop
  endfacet
  facet normal 0.000000e+00 1.000000e+00 0.000000e+00
    outer loop
      vertex 1.787056e+03 -6.589798e+01 1.375270e+02
      vertex 1.863355e+03 -6.589798e+01 1.458598e+02
      vertex 1.854238e+03 -6.589798e+01 1.375270e+02
    endloop
  endfacet
  facet normal 0.000000e+00 1.000000e+00 0.000000e+00
    outer loop
      vertex 1.787056e+03 -6.589798e+01 1.375270e+02
      vertex 1.854238e+03 -6.589798e+01 1.375270e+02
      vertex 1.797756e+03 -6.589798e+01 1.313584e+02
    endloop
  endfacet
  facet normal 0.000000e+00 1.000000e+00 0.000000e+00
    outer loop
      vertex 1.797756e+03 -6.589798e+01 1.313584e+02
      vertex 1.854238e+03 -6.589798e+01 1.375270e+02
      vertex 1.843538e+03 -6.589798e+01 1.313584e+02
    endloop
  endfacet
  facet normal 0.000000e+00 1.000000e+00 0.000000e+00
    outer loop
      vertex 1.797756e+03 -6.589798e+01 1.313584e+02
      vertex 1.843538e+03 -6.589798e+01 1.313584e+02
      vertex 1.809536e+03 -6.589798e+01 1.276450e+02
    endloop
  endfacet
  facet normal 0.000000e+00 1.000000e+00 0.000000e+00
    outer loop
      vertex 1.809536e+03 -6.589798e+01 1.276450e+02
      vertex 1.843538e+03 -6.589798e+01 1.313584e+02
      vertex 1.831758e+03 -6.589798e+01 1.276450e+02
    endloop
  endfacet
  facet normal 0.000000e+00 7.071759e-01 -7.070377e-01
    outer loop
      vertex 1.811717e+03 -6.628833e+01 1.272545e+02
      vertex 1.809536e+03 -6.589798e+01 1.276450e+02
      vertex 1.829577e+03 -6.628833e+01 1.272545e+02
    endloop
  endfacet
  facet normal 0.000000e+00 7.071759e-01 -7.070377e-01
    outer loop
      vertex 1.829577e+03 -6.628833e+01 1.272545e+02
      vertex 1.809536e+03 -6.589798e+01 1.276450e+02
      vertex 1.831758e+03 -6.589798e+01 1.276450e+02
    endloop
  endfacet
  facet normal 0.000000e+00 4.472136e-01 -8.944272e-01
    outer loop
      vertex 1.814670e+03 -6.706921e+01 1.268641e+02
      vertex 1.811717e+03 -6.628833e+01 1.272545e+02
      vertex 1.826624e+03 -6.706921e+01 1.268641e+02
    endloop
  endfacet
  facet normal 0.000000e+00 4.472136e-01 -8.944272e-01
    outer loop
      vertex 1.826624e+03 -6.706921e+01 1.268641e+02
      vertex 1.811717e+03 -6.628833e+01 1.272545e+02
      vertex 1.829577e+03 -6.628833e+01 1.272545e+02
    endloop
  endfacet
  facet normal 0.000000e+00 0.000000e+00 -1.000000e+00
    outer loop
      vertex 1.826624e+03 -6.785010e+01 1.268641e+02
      vertex 1.814670e+03 -6.785010e+01 1.268641e+02
      vertex 1.826624e+03 -6.706921e+01 1.268641e+02
    endloop
  endfacet
  facet normal 0.000000e+00 0.000000e+00 -1.000000e+00
    outer loop
      vertex 1.826624e+03 -6.706921e+01 1.268641e+02
      vertex 1.814670e+03 -6.785010e+01 1.268641e+02
      vertex 1.814670e+03 -6.706921e+01 1.268641e+02
    endloop
  endfacet
  facet normal 0.000000e+00 -8.320403e-01 -5.547152e-01
    outer loop
      vertex 1.833564e+03 -6.863095e+01 1.280353e+02
      vertex 1.807729e+03 -6.863095e+01 1.280353e+02
      vertex 1.826624e+03 -6.785010e+01 1.268641e+02
    endloop
  endfacet
  facet normal 0.000000e+00 -8.320403e-01 -5.547152e-01
    outer loop
      vertex 1.826624e+03 -6.785010e+01 1.268641e+02
      vertex 1.807729e+03 -6.863095e+01 1.280353e+02
      vertex 1.814670e+03 -6.785010e+01 1.268641e+02
    endloop
  endfacet
  facet normal 0.000000e+00 -7.071621e-01 -7.070515e-01
    outer loop
      vertex 1.835137e+03 -6.902133e+01 1.284258e+02
      vertex 1.806156e+03 -6.902133e+01 1.284258e+02
      vertex 1.833564e+03 -6.863095e+01 1.280353e+02
    endloop
  endfacet
  facet normal 0.000000e+00 -7.071621e-01 -7.070515e-01
    outer loop
      vertex 1.833564e+03 -6.863095e+01 1.280353e+02
      vertex 1.806156e+03 -6.902133e+01 1.284258e+02
      vertex 1.807729e+03 -6.863095e+01 1.280353e+02
    endloop
  endfacet
  facet normal 0.000000e+00 -1.000000e+00 0.000000e+00
    outer loop
      vertex 1.836545e+03 -6.902133e+01 1.288162e+02
      vertex 1.804748e+03 -6.902133e+01 1.288162e+02
      vertex 1.836077e+03 -6.902133e+01 1.286821e+02
    endloop
  endfacet
  facet normal 0.000000e+00 -1.000000e+00 0.000000e+00
    outer loop
      vertex 1.836077e+03 -6.902133e+01 1.286821e+02
      vertex 1.804748e+03 -6.902133e+01 1.288162e+02
      vertex 1.805217e+03 -6.902133e+01 1.286821e+02
    endloop
  endfacet
  facet normal 0.000000e+00 -1.000000e+00 0.000000e+00
    outer loop
      vertex 1.836077e+03 -6.902133e+01 1.286821e+02
      vertex 1.805217e+03 -6.902133e+01 1.286821e+02
      vertex 1.835608e+03 -6.902133e+01 1.285519e+02
    endloop
  endfacet
  facet normal 0.000000e+00 -1.000000e+00 0.000000e+00
    outer loop
      vertex 1.835608e+03 -6.902133e+01 1.285519e+02
      vertex 1.805217e+03 -6.902133e+01 1.286821e+02
      vertex 1.805686e+03 -6.902133e+01 1.285519e+02
    endloop
  endfacet
  facet normal 0.000000e+00 -1.000000e+00 0.000000e+00
    outer loop
      vertex 1.835608e+03 -6.902133e+01 1.285519e+02
      vertex 1.805686e+03 -6.902133e+01 1.285519e+02
      vertex 1.835137e+03 -6.902133e+01 1.284258e+02
    endloop
  endfacet
  facet normal 0.000000e+00 -1.000000e+00 0.000000e+00
    outer loop
      vertex 1.835137e+03 -6.902133e+01 1.284258e+02
      vertex 1.805686e+03 -6.902133e+01 1.285519e+02
      vertex 1.806156e+03 -6.902133e+01 1.284258e+02
    endloop
  endfacet
  facet normal 0.000000e+00 -3.162130e-01 -9.486882e-01
    outer loop
      vertex 1.837830e+03 -7.019272e+01 1.292066e+02
      vertex 1.803464e+03 -7.019272e+01 1.292066e+02
      vertex 1.836545e+03 -6.902133e+01 1.288162e+02
    endloop
  endfacet
  facet normal 0.000000e+00 -3.162129e-01 -9.486883e-01
    outer loop
      vertex 1.836545e+03 -6.902133e+01 1.288162e+02
      vertex 1.803464e+03 -7.019272e+01 1.292066e+02
      vertex 1.804748e+03 -6.902133e+01 1.288162e+02
    endloop
  endfacet
  facet normal 0.000000e+00 -1.644052e-01 -9.863929e-01
    outer loop
      vertex 1.839017e+03 -7.253519e+01 1.295971e+02
      vertex 1.802277e+03 -7.253519e+01 1.295971e+02
      vertex 1.837830e+03 -7.019272e+01 1.292066e+02
    endloop
  endfacet
  facet normal 0.000000e+00 -1.644052e-01 -9.863929e-01
    outer loop
      vertex 1.837830e+03 -7.019272e+01 1.292066e+02
      vertex 1.802277e+03 -7.253519e+01 1.295971e+02
      vertex 1.803464e+03 -7.019272e+01 1.292066e+02
    endloop
  endfacet
  facet normal 0.000000e+00 -6.238071e-02 -9.980524e-01
    outer loop
      vertex 1.840124e+03 -7.878201e+01 1.299875e+02
      vertex 1.801170e+03 -7.878201e+01 1.299875e+02
      vertex 1.839017e+03 -7.253519e+01 1.295971e+02
    endloop
  endfacet
  facet normal 0.000000e+00 -6.238072e-02 -9.980524e-01
    outer loop
      vertex 1.839017e+03 -7.253519e+01 1.295971e+02
      vertex 1.801170e+03 -7.878201e+01 1.299875e+02
      vertex 1.802277e+03 -7.253519e+01 1.295971e+02
    endloop
  endfacet
  facet normal 0.000000e+00 -7.070515e-01 -7.071620e-01
    outer loop
      vertex 1.841163e+03 -7.917252e+01 1.303780e+02
      vertex 1.800131e+03 -7.917252e+01 1.303780e+02
      vertex 1.840124e+03 -7.878201e+01 1.299875e+02
    endloop
  endfacet
  facet normal 0.000000e+00 -7.070515e-01 -7.071620e-01
    outer loop
      vertex 1.840124e+03 -7.878201e+01 1.299875e+02
      vertex 1.800131e+03 -7.917252e+01 1.303780e+02
      vertex 1.801170e+03 -7.878201e+01 1.299875e+02
    endloop
  endfacet
  facet normal 0.000000e+00 -1.000000e+00 0.000000e+00
    outer loop
      vertex 1.702780e+03 -7.917252e+01 1.557557e+02
      vertex 1.777939e+03 -7.917252e+01 1.458598e+02
      vertex 1.916221e+03 -7.917252e+01 1.557557e+02
    endloop
  endfacet
  facet normal 0.000000e+00 -1.000000e+00 0.000000e+00
    outer loop
      vertex 1.916221e+03 -7.917252e+01 1.557557e+02
      vertex 1.777939e+03 -7.917252e+01 1.458598e+02
      vertex 1.863355e+03 -7.917252e+01 1.458598e+02
    endloop
  endfacet
  facet normal 0.000000e+00 -1.000000e+00 0.000000e+00
    outer loop
      vertex 1.916221e+03 -7.917252e+01 1.557557e+02
      vertex 1.863355e+03 -7.917252e+01 1.458598e+02
      vertex 1.916110e+03 -7.917252e+01 1.498598e+02
    endloop
  endfacet
  facet normal 0.000000e+00 -1.000000e+00 0.000000e+00
    outer loop
      vertex 1.916110e+03 -7.917252e+01 1.498598e+02
      vertex 1.863355e+03 -7.917252e+01 1.458598e+02
      vertex 1.916110e+03 -7.917252e+01 1.458598e+02
    endloop
  endfacet
  facet normal 0.000000e+00 -1.000000e+00 0.000000e+00
    outer loop
      vertex 1.777939e+03 -7.917252e+01 1.458598e+02
      vertex 1.702780e+03 -7.917252e+01 1.557557e+02
      vertex 1.743761e+03 -7.917252e+01 1.458598e+02
    endloop
  endfacet
  facet normal 0.000000e+00 -1.000000e+00 0.000000e+00
    outer loop
      vertex 1.743761e+03 -7.917252e+01 1.458598e+02
      vertex 1.702780e+03 -7.917252e+01 1.557557e+02
      vertex 1.702780e+03 -7.917252e+01 1.484224e+02
    endloop
  endfacet
  facet normal 0.000000e+00 -1.000000e+00 0.000000e+00
    outer loop
      vertex 1.743761e+03 -7.917252e+01 1.458598e+02
      vertex 1.702780e+03 -7.917252e+01 1.484224e+02
      vertex 1.703449e+03 -7.917252e+01 1.459224e+02
    endloop
  endfacet
  facet normal 0.000000e+00 -1.000000e+00 0.000000e+00
    outer loop
      vertex 1.703449e+03 -7.917252e+01 1.459224e+02
      vertex 1.705280e+03 -7.917252e+01 1.440922e+02
      vertex 1.743761e+03 -7.917252e+01 1.458598e+02
    endloop
  endfacet
  facet normal 0.000000e+00 -1.000000e+00 0.000000e+00
    outer loop
      vertex 1.743761e+03 -7.917252e+01 1.458598e+02
      vertex 1.705280e+03 -7.917252e+01 1.440922e+02
      vertex 1.707780e+03 -7.917252e+01 1.434224e+02
    endloop
  endfacet
  facet normal 0.000000e+00 -1.000000e+00 0.000000e+00
    outer loop
      vertex 1.743761e+03 -7.917252e+01 1.458598e+02
      vertex 1.707780e+03 -7.917252e+01 1.434224e+02
      vertex 1.743761e+03 -7.917252e+01 1.434223e+02
    endloop
  endfacet
  facet normal 0.000000e+00 -1.000000e+00 0.000000e+00
    outer loop
      vertex 1.863355e+03 -7.917252e+01 1.458598e+02
      vertex 1.777939e+03 -7.917252e+01 1.458598e+02
      vertex 1.856819e+03 -7.917252e+01 1.395320e+02
    endloop
  endfacet
  facet normal 0.000000e+00 -1.000000e+00 0.000000e+00
    outer loop
      vertex 1.856819e+03 -7.917252e+01 1.395320e+02
      vertex 1.777939e+03 -7.917252e+01 1.458598e+02
      vertex 1.784475e+03 -7.917252e+01 1.395320e+02
    endloop
  endfacet
  facet normal 0.000000e+00 -1.000000e+00 0.000000e+00
    outer loop
      vertex 1.856819e+03 -7.917252e+01 1.395320e+02
      vertex 1.784475e+03 -7.917252e+01 1.395320e+02
      vertex 1.849358e+03 -7.917252e+01 1.343270e+02
    endloop
  endfacet
  facet normal 0.000000e+00 -1.000000e+00 0.000000e+00
    outer loop
      vertex 1.849358e+03 -7.917252e+01 1.343270e+02
      vertex 1.784475e+03 -7.917252e+01 1.395320e+02
      vertex 1.791935e+03 -7.917252e+01 1.343270e+02
    endloop
  endfacet
  facet normal 0.000000e+00 -1.000000e+00 0.000000e+00
    outer loop
      vertex 1.849358e+03 -7.917252e+01 1.343270e+02
      vertex 1.791935e+03 -7.917252e+01 1.343270e+02
      vertex 1.841163e+03 -7.917252e+01 1.303780e+02
    endloop
  endfacet
  facet normal 0.000000e+00 -1.000000e+00 0.000000e+00
    outer loop
      vertex 1.841163e+03 -7.917252e+01 1.303780e+02
      vertex 1.791935e+03 -7.917252e+01 1.343270e+02
      vertex 1.800131e+03 -7.917252e+01 1.303780e+02
    endloop
  endfacet
  facet normal -9.501797e-08 7.474172e-01 -6.643550e-01
    outer loop
      vertex 1.702780e+03 -8.229587e+01 1.522419e+02
      vertex 1.702780e+03 -7.917252e+01 1.557557e+02
      vertex 1.916155e+03 -8.229587e+01 1.522419e+02
    endloop
  endfacet
  facet normal -9.503885e-08 7.474172e-01 -6.643550e-01
    outer loop
      vertex 1.916155e+03 -8.229587e+01 1.522419e+02
      vertex 1.702780e+03 -7.917252e+01 1.557557e+02
      vertex 1.916221e+03 -7.917252e+01 1.557557e+02
    endloop
  endfacet
  facet normal -6.396906e-08 8.944324e-01 -4.472031e-01
    outer loop
      vertex 1.702780e+03 -8.307672e+01 1.506801e+02
      vertex 1.702780e+03 -8.229587e+01 1.522419e+02
      vertex 1.916126e+03 -8.307672e+01 1.506801e+02
    endloop
  endfacet
  facet normal -6.399278e-08 8.944324e-01 -4.472031e-01
    outer loop
      vertex 1.916126e+03 -8.307672e+01 1.506801e+02
      vertex 1.702780e+03 -8.229587e+01 1.522419e+02
      vertex 1.916155e+03 -8.229587e+01 1.522419e+02
    endloop
  endfacet
  facet normal -5.313096e-08 9.284698e-01 -3.714079e-01
    outer loop
      vertex 1.916110e+03 -8.385760e+01 1.487280e+02
      vertex 1.702780e+03 -8.385760e+01 1.487280e+02
      vertex 1.916110e+03 -8.340488e+01 1.498598e+02
    endloop
  endfacet
  facet normal -5.156123e-08 9.284697e-01 -3.714082e-01
    outer loop
      vertex 1.916110e+03 -8.340488e+01 1.498598e+02
      vertex 1.702780e+03 -8.385760e+01 1.487280e+02
      vertex 1.702780e+03 -8.307672e+01 1.506801e+02
    endloop
  endfacet
  facet normal -5.312227e-08 9.284695e-01 -3.714086e-01
    outer loop
      vertex 1.916110e+03 -8.340488e+01 1.498598e+02
      vertex 1.702780e+03 -8.307672e+01 1.506801e+02
      vertex 1.916126e+03 -8.307672e+01 1.506801e+02
    endloop
  endfacet
  facet normal -1.279631e-07 4.472251e-01 -8.944215e-01
    outer loop
      vertex 1.702802e+03 -8.541934e+01 1.479472e+02
      vertex 1.702780e+03 -8.446896e+01 1.484224e+02
      vertex 1.916110e+03 -8.541934e+01 1.479471e+02
    endloop
  endfacet
  facet normal -1.918593e-07 4.472136e-01 -8.944272e-01
    outer loop
      vertex 1.916110e+03 -8.541934e+01 1.479471e+02
      vertex 1.702780e+03 -8.446896e+01 1.484224e+02
      vertex 1.916110e+03 -8.385760e+01 1.487280e+02
    endloop
  endfacet
  facet normal -1.279516e-07 4.471957e-01 -8.944361e-01
    outer loop
      vertex 1.916110e+03 -8.385760e+01 1.487280e+02
      vertex 1.702780e+03 -8.446896e+01 1.484224e+02
      vertex 1.702780e+03 -8.385760e+01 1.487280e+02
    endloop
  endfacet
  facet normal -1.430681e-07 -0.000000e+00 -1.000000e+00
    outer loop
      vertex 1.916110e+03 -1.104067e+02 1.479471e+02
      vertex 1.702802e+03 -1.104067e+02 1.479472e+02
      vertex 1.916110e+03 -8.541934e+01 1.479471e+02
    endloop
  endfacet
  facet normal -1.430681e-07 0.000000e+00 -1.000000e+00
    outer loop
      vertex 1.916110e+03 -8.541934e+01 1.479471e+02
      vertex 1.702802e+03 -1.104067e+02 1.479472e+02
      vertex 1.702802e+03 -8.541934e+01 1.479472e+02
    endloop
  endfacet
  facet normal -1.328212e-07 -3.713907e-01 -9.284767e-01
    outer loop
      vertex 1.702780e+03 -1.123588e+02 1.487280e+02
      vertex 1.702780e+03 -1.115946e+02 1.484224e+02
      vertex 1.916110e+03 -1.123588e+02 1.487280e+02
    endloop
  endfacet
  facet normal -1.691680e-07 -3.713994e-01 -9.284732e-01
    outer loop
      vertex 1.916110e+03 -1.123588e+02 1.487280e+02
      vertex 1.702780e+03 -1.115946e+02 1.484224e+02
      vertex 1.916110e+03 -1.104067e+02 1.479471e+02
    endloop
  endfacet
  facet normal -1.328345e-07 -3.714051e-01 -9.284709e-01
    outer loop
      vertex 1.916110e+03 -1.104067e+02 1.479471e+02
      vertex 1.702780e+03 -1.115946e+02 1.484224e+02
      vertex 1.702802e+03 -1.104067e+02 1.479472e+02
    endloop
  endfacet
  facet normal -2.806198e-08 -9.805681e-01 -1.961793e-01
    outer loop
      vertex 1.916126e+03 -1.127493e+02 1.506801e+02
      vertex 1.702780e+03 -1.127493e+02 1.506801e+02
      vertex 1.916110e+03 -1.125852e+02 1.498598e+02
    endloop
  endfacet
  facet normal 6.529652e-08 -9.805727e-01 -1.961559e-01
    outer loop
      vertex 1.916110e+03 -1.125852e+02 1.498598e+02
      vertex 1.702780e+03 -1.127493e+02 1.506801e+02
      vertex 1.702780e+03 -1.123588e+02 1.487280e+02
    endloop
  endfacet
  facet normal -2.795990e-08 -9.805761e-01 -1.961390e-01
    outer loop
      vertex 1.916110e+03 -1.125852e+02 1.498598e+02
      vertex 1.702780e+03 -1.123588e+02 1.487280e+02
      vertex 1.916110e+03 -1.123588e+02 1.487280e+02
    endloop
  endfacet
  facet normal -9.797862e-08 -7.282047e-01 -6.853597e-01
    outer loop
      vertex 1.916250e+03 -1.189961e+02 1.573174e+02
      vertex 1.702780e+03 -1.189961e+02 1.573175e+02
      vertex 1.916126e+03 -1.127493e+02 1.506801e+02
    endloop
  endfacet
  facet normal -9.803558e-08 -7.282047e-01 -6.853597e-01
    outer loop
      vertex 1.916126e+03 -1.127493e+02 1.506801e+02
      vertex 1.702780e+03 -1.189961e+02 1.573175e+02
      vertex 1.702780e+03 -1.127493e+02 1.506801e+02
    endloop
  endfacet
  facet normal 0.000000e+00 -1.000000e+00 0.000000e+00
    outer loop
      vertex 1.916323e+03 -1.189961e+02 1.612217e+02
      vertex 1.702780e+03 -1.189961e+02 1.612217e+02
      vertex 1.916250e+03 -1.189961e+02 1.573174e+02
    endloop
  endfacet
  facet normal 0.000000e+00 -1.000000e+00 0.000000e+00
    outer loop
      vertex 1.916250e+03 -1.189961e+02 1.573174e+02
      vertex 1.702780e+03 -1.189961e+02 1.612217e+02
      vertex 1.702780e+03 -1.189961e+02 1.573175e+02
    endloop
  endfacet
  facet normal 1.429106e-07 -0.000000e+00 1.000000e+00
    outer loop
      vertex 1.916323e+03 -1.186056e+02 1.612217e+02
      vertex 1.702780e+03 -1.186056e+02 1.612217e+02
      vertex 1.916323e+03 -1.189961e+02 1.612217e+02
    endloop
  endfacet
  facet normal 1.429106e-07 0.000000e+00 1.000000e+00
    outer loop
      vertex 1.916323e+03 -1.189961e+02 1.612217e+02
      vertex 1.702780e+03 -1.186056e+02 1.612217e+02
      vertex 1.702780e+03 -1.189961e+02 1.612217e+02
    endloop
  endfacet
  facet normal 5.448733e-08 -1.000000e+00 -3.911754e-08
    outer loop
      vertex 2.296569e+03 -1.186056e+02 1.815239e+02
      vertex 1.736484e+03 -1.186056e+02 1.815239e+02
      vertex 2.290549e+03 -1.186056e+02 1.731375e+02
    endloop
  endfacet
  facet normal 5.519772e-08 -1.000000e+00 7.815437e-09
    outer loop
      vertex 2.290549e+03 -1.186056e+02 1.731375e+02
      vertex 1.736484e+03 -1.186056e+02 1.815239e+02
      vertex 1.737677e+03 -1.186056e+02 1.730974e+02
    endloop
  endfacet
  facet normal 5.537579e-08 -1.000000e+00 -2.445447e-06
    outer loop
      vertex 2.290549e+03 -1.186056e+02 1.731375e+02
      vertex 1.737677e+03 -1.186056e+02 1.730974e+02
      vertex 2.041472e+03 -1.186056e+02 1.674973e+02
    endloop
  endfacet
  facet normal 2.440777e-07 -1.000000e+00 7.791355e-06
    outer loop
      vertex 2.041472e+03 -1.186056e+02 1.674973e+02
      vertex 1.737677e+03 -1.186056e+02 1.730974e+02
      vertex 1.916440e+03 -1.186056e+02 1.674973e+02
    endloop
  endfacet
  facet normal 0.000000e+00 -1.000000e+00 0.000000e+00
    outer loop
      vertex 1.916440e+03 -1.186056e+02 1.674973e+02
      vertex 1.737677e+03 -1.186056e+02 1.730974e+02
      vertex 1.708833e+03 -1.186056e+02 1.705974e+02
    endloop
  endfacet
  facet normal 0.000000e+00 -1.000000e+00 0.000000e+00
    outer loop
      vertex 1.916440e+03 -1.186056e+02 1.674973e+02
      vertex 1.708833e+03 -1.186056e+02 1.705974e+02
      vertex 1.708163e+03 -1.186056e+02 1.680974e+02
    endloop
  endfacet
  facet normal 0.000000e+00 -1.000000e+00 0.000000e+00
    outer loop
      vertex 1.713163e+03 -1.186056e+02 1.730974e+02
      vertex 1.710663e+03 -1.186056e+02 1.724275e+02
      vertex 1.737677e+03 -1.186056e+02 1.730974e+02
    endloop
  endfacet
  facet normal 0.000000e+00 -1.000000e+00 0.000000e+00
    outer loop
      vertex 1.737677e+03 -1.186056e+02 1.730974e+02
      vertex 1.710663e+03 -1.186056e+02 1.724275e+02
      vertex 1.708833e+03 -1.186056e+02 1.705974e+02
    endloop
  endfacet
  facet normal 0.000000e+00 -1.000000e+00 0.000000e+00
    outer loop
      vertex 1.708163e+03 -1.186056e+02 1.680974e+02
      vertex 1.708163e+03 -1.186056e+02 1.665553e+02
      vertex 1.916440e+03 -1.186056e+02 1.674973e+02
    endloop
  endfacet
  facet normal 0.000000e+00 -1.000000e+00 0.000000e+00
    outer loop
      vertex 1.916440e+03 -1.186056e+02 1.674973e+02
      vertex 1.708163e+03 -1.186056e+02 1.665553e+02
      vertex 1.702780e+03 -1.186056e+02 1.646188e+02
    endloop
  endfacet
  facet normal 0.000000e+00 -1.000000e+00 0.000000e+00
    outer loop
      vertex 1.916440e+03 -1.186056e+02 1.674973e+02
      vertex 1.702780e+03 -1.186056e+02 1.646188e+02
      vertex 1.916323e+03 -1.186056e+02 1.612217e+02
    endloop
  endfacet
  facet normal 0.000000e+00 -1.000000e+00 0.000000e+00
    outer loop
      vertex 1.916323e+03 -1.186056e+02 1.612217e+02
      vertex 1.702780e+03 -1.186056e+02 1.646188e+02
      vertex 1.702780e+03 -1.186056e+02 1.612217e+02
    endloop
  endfacet
  facet normal 0.000000e+00 -1.000000e+00 0.000000e+00
    outer loop
      vertex 2.290549e+03 -1.186056e+02 1.731375e+02
      vertex 2.041472e+03 -1.186056e+02 1.674973e+02
      vertex 2.282849e+03 -1.186056e+02 1.662604e+02
    endloop
  endfacet
  facet normal 0.000000e+00 -1.000000e+00 0.000000e+00
    outer loop
      vertex 2.282849e+03 -1.186056e+02 1.662604e+02
      vertex 2.041472e+03 -1.186056e+02 1.674973e+02
      vertex 2.041589e+03 -1.186056e+02 1.612217e+02
    endloop
  endfacet
  facet normal 0.000000e+00 -1.000000e+00 0.000000e+00
    outer loop
      vertex 2.282849e+03 -1.186056e+02 1.662604e+02
      vertex 2.041589e+03 -1.186056e+02 1.612217e+02
      vertex 2.273838e+03 -1.186056e+02 1.612216e+02
    endloop
  endfacet
  facet normal -8.173100e-08 0.000000e+00 -1.000000e+00
    outer loop
      vertex 1.736484e+03 -1.186056e+02 1.815239e+02
      vertex 2.296569e+03 -1.186056e+02 1.815239e+02
      vertex 1.736484e+03 -1.197770e+02 1.815239e+02
    endloop
  endfacet
  facet normal -8.173100e-08 0.000000e+00 -1.000000e+00
    outer loop
      vertex 1.736484e+03 -1.197770e+02 1.815239e+02
      vertex 2.296569e+03 -1.186056e+02 1.815239e+02
      vertex 2.296569e+03 -1.197770e+02 1.815239e+02
    endloop
  endfacet
  facet normal 5.447074e-08 -1.000000e+00 7.699104e-09
    outer loop
      vertex 1.736484e+03 -1.197770e+02 1.815239e+02
      vertex 2.296706e+03 -1.197770e+02 1.817677e+02
      vertex 1.736428e+03 -1.197770e+02 1.819143e+02
    endloop
  endfacet
  facet normal 5.446081e-08 -1.000000e+00 -3.024618e-08
    outer loop
      vertex 1.736428e+03 -1.197770e+02 1.819143e+02
      vertex 2.296706e+03 -1.197770e+02 1.817677e+02
      vertex 2.296773e+03 -1.197770e+02 1.818899e+02
    endloop
  endfacet
  facet normal 5.445940e-08 -1.000000e+00 -6.282463e-08
    outer loop
      vertex 1.736428e+03 -1.197770e+02 1.819143e+02
      vertex 2.296773e+03 -1.197770e+02 1.818899e+02
      vertex 2.296802e+03 -1.197770e+02 1.819142e+02
    endloop
  endfacet
  facet normal 5.448734e-08 -1.000000e+00 -3.057789e-08
    outer loop
      vertex 2.296569e+03 -1.197770e+02 1.815239e+02
      vertex 2.296638e+03 -1.197770e+02 1.816457e+02
      vertex 1.736484e+03 -1.197770e+02 1.815239e+02
    endloop
  endfacet
  facet normal 5.448728e-08 -1.000000e+00 -3.031008e-08
    outer loop
      vertex 1.736484e+03 -1.197770e+02 1.815239e+02
      vertex 2.296638e+03 -1.197770e+02 1.816457e+02
      vertex 2.296706e+03 -1.197770e+02 1.817677e+02
    endloop
  endfacet
  facet normal -8.168909e-08 0.000000e+00 -1.000000e+00
    outer loop
      vertex 1.736428e+03 -1.197770e+02 1.819143e+02
      vertex 2.296802e+03 -1.197770e+02 1.819142e+02
      vertex 1.736428e+03 -1.205579e+02 1.819143e+02
    endloop
  endfacet
  facet normal -8.168909e-08 0.000000e+00 -1.000000e+00
    outer loop
      vertex 1.736428e+03 -1.205579e+02 1.819143e+02
      vertex 2.296802e+03 -1.197770e+02 1.819142e+02
      vertex 2.296802e+03 -1.205578e+02 1.819142e+02
    endloop
  endfacet
  facet normal 5.445940e-08 -1.000000e+00 7.713175e-09
    outer loop
      vertex 1.736428e+03 -1.205579e+02 1.819143e+02
      vertex 2.296802e+03 -1.205578e+02 1.819142e+02
      vertex 1.736318e+03 -1.205579e+02 1.826951e+02
    endloop
  endfacet
  facet normal 5.436127e-08 -1.000000e+00 -6.271596e-08
    outer loop
      vertex 1.736318e+03 -1.205579e+02 1.826951e+02
      vertex 2.296802e+03 -1.205578e+02 1.819142e+02
      vertex 2.297702e+03 -1.205578e+02 1.826951e+02
    endloop
  endfacet
  facet normal 8.154191e-08 0.000000e+00 1.000000e+00
    outer loop
      vertex 1.736318e+03 -1.205579e+02 1.826951e+02
      vertex 2.297702e+03 -1.205578e+02 1.826951e+02
      vertex 1.736318e+03 -1.201674e+02 1.826951e+02
    endloop
  endfacet
  facet normal 8.154191e-08 0.000000e+00 1.000000e+00
    outer loop
      vertex 1.736318e+03 -1.201674e+02 1.826951e+02
      vertex 2.297702e+03 -1.205578e+02 1.826951e+02
      vertex 2.297702e+03 -1.201673e+02 1.826951e+02
    endloop
  endfacet
  facet normal 5.436128e-08 -1.000000e+00 7.680630e-09
    outer loop
      vertex 1.736318e+03 -1.201674e+02 1.826951e+02
      vertex 2.297702e+03 -1.201673e+02 1.826951e+02
      vertex 1.736263e+03 -1.201674e+02 1.830857e+02
    endloop
  endfacet
  facet normal 5.431235e-08 -1.000000e+00 -6.264606e-08
    outer loop
      vertex 1.736263e+03 -1.201674e+02 1.830857e+02
      vertex 2.297702e+03 -1.201673e+02 1.826951e+02
      vertex 2.298153e+03 -1.201673e+02 1.830856e+02
    endloop
  endfacet
  facet normal -8.146854e-08 0.000000e+00 -1.000000e+00
    outer loop
      vertex 1.736263e+03 -1.201674e+02 1.830857e+02
      vertex 2.298153e+03 -1.201673e+02 1.830856e+02
      vertex 1.736263e+03 -1.205579e+02 1.830857e+02
    endloop
  endfacet
  facet normal -8.146854e-08 0.000000e+00 -1.000000e+00
    outer loop
      vertex 1.736263e+03 -1.205579e+02 1.830857e+02
      vertex 2.298153e+03 -1.201673e+02 1.830856e+02
      vertex 2.298153e+03 -1.205578e+02 1.830856e+02
    endloop
  endfacet
  facet normal -1.920420e-08 -7.070929e-01 -7.071206e-01
    outer loop
      vertex 1.736263e+03 -1.205579e+02 1.830857e+02
      vertex 2.298153e+03 -1.205578e+02 1.830856e+02
      vertex 1.736207e+03 -1.209482e+02 1.834760e+02
    endloop
  endfacet
  facet normal -1.918692e-08 -7.070930e-01 -7.071206e-01
    outer loop
      vertex 1.736207e+03 -1.209482e+02 1.834760e+02
      vertex 2.298153e+03 -1.205578e+02 1.830856e+02
      vertex 2.298603e+03 -1.209482e+02 1.834760e+02
    endloop
  endfacet
  facet normal 5.426351e-08 -1.000000e+00 7.682248e-09
    outer loop
      vertex 1.736207e+03 -1.209482e+02 1.834760e+02
      vertex 2.298603e+03 -1.209482e+02 1.834760e+02
      vertex 1.735931e+03 -1.209482e+02 1.854281e+02
    endloop
  endfacet
  facet normal 5.402062e-08 -1.000000e+00 -6.232515e-08
    outer loop
      vertex 1.735931e+03 -1.209482e+02 1.854281e+02
      vertex 2.298603e+03 -1.209482e+02 1.834760e+02
      vertex 2.300855e+03 -1.209482e+02 1.854281e+02
    endloop
  endfacet
  facet normal -1.080412e-07 0.000000e+00 -1.000000e+00
    outer loop
      vertex 1.735931e+03 -1.209482e+02 1.854281e+02
      vertex 2.300855e+03 -1.209482e+02 1.854281e+02
      vertex 1.735931e+03 -1.213386e+02 1.854281e+02
    endloop
  endfacet
  facet normal -1.080412e-07 0.000000e+00 -1.000000e+00
    outer loop
      vertex 1.735931e+03 -1.213386e+02 1.854281e+02
      vertex 2.300855e+03 -1.209482e+02 1.854281e+02
      vertex 2.300855e+03 -1.213386e+02 1.854281e+02
    endloop
  endfacet
  facet normal -5.463594e-08 1.000000e+00 -7.735233e-09
    outer loop
      vertex 1.735931e+03 -1.213386e+02 1.854281e+02
      vertex 2.295338e+03 -1.213386e+02 1.794627e+02
      vertex 1.737423e+03 -1.213386e+02 1.748867e+02
    endloop
  endfacet
  facet normal -5.500395e-08 1.000000e+00 3.713446e-08
    outer loop
      vertex 1.737423e+03 -1.213386e+02 1.748867e+02
      vertex 2.295338e+03 -1.213386e+02 1.794627e+02
      vertex 2.293760e+03 -1.213386e+02 1.771255e+02
    endloop
  endfacet
  facet normal -5.502409e-08 1.000000e+00 4.214027e-08
    outer loop
      vertex 1.737423e+03 -1.213386e+02 1.748867e+02
      vertex 2.293760e+03 -1.213386e+02 1.771255e+02
      vertex 2.292045e+03 -1.213386e+02 1.748867e+02
    endloop
  endfacet
  facet normal -5.402062e-08 1.000000e+00 6.232386e-08
    outer loop
      vertex 2.300855e+03 -1.213386e+02 1.854281e+02
      vertex 2.296773e+03 -1.213386e+02 1.818899e+02
      vertex 1.735931e+03 -1.213386e+02 1.854281e+02
    endloop
  endfacet
  facet normal -5.421153e-08 1.000000e+00 3.206254e-08
    outer loop
      vertex 1.735931e+03 -1.213386e+02 1.854281e+02
      vertex 2.296773e+03 -1.213386e+02 1.818899e+02
      vertex 2.295338e+03 -1.213386e+02 1.794627e+02
    endloop
  endfacet
  facet normal -8.253614e-08 0.000000e+00 -1.000000e+00
    outer loop
      vertex 1.737423e+03 -1.213386e+02 1.748867e+02
      vertex 2.292045e+03 -1.213386e+02 1.748867e+02
      vertex 1.737423e+03 -1.264142e+02 1.748867e+02
    endloop
  endfacet
  facet normal -8.253614e-08 0.000000e+00 -1.000000e+00
    outer loop
      vertex 1.737423e+03 -1.264142e+02 1.748867e+02
      vertex 2.292045e+03 -1.213386e+02 1.748867e+02
      vertex 2.292045e+03 -1.264142e+02 1.748867e+02
    endloop
  endfacet
  facet normal 4.930689e-08 -1.000000e+00 1.501735e-07
    outer loop
      vertex 1.715454e+03 -1.264142e+02 2.205667e+02
      vertex 1.731712e+03 -1.264142e+02 2.152285e+02
      vertex 2.334385e+03 -1.264142e+02 2.205666e+02
    endloop
  endfacet
  facet normal 5.058949e-08 -1.000000e+00 5.367625e-09
    outer loop
      vertex 2.334385e+03 -1.264142e+02 2.205666e+02
      vertex 1.731712e+03 -1.264142e+02 2.152285e+02
      vertex 2.335348e+03 -1.264142e+02 2.114937e+02
    endloop
  endfacet
  facet normal 5.042490e-08 -1.000000e+00 -2.123470e-08
    outer loop
      vertex 2.335348e+03 -1.264142e+02 2.114937e+02
      vertex 1.731712e+03 -1.264142e+02 2.152285e+02
      vertex 2.331807e+03 -1.264142e+02 2.030851e+02
    endloop
  endfacet
  facet normal 4.850473e-08 -1.000000e+00 -1.161240e-07
    outer loop
      vertex 2.331807e+03 -1.264142e+02 2.030851e+02
      vertex 1.731712e+03 -1.264142e+02 2.152285e+02
      vertex 2.311386e+03 -1.264142e+02 1.945554e+02
    endloop
  endfacet
  facet normal 0.000000e+00 -1.000000e+00 0.000000e+00
    outer loop
      vertex 2.331807e+03 -1.264142e+02 2.030851e+02
      vertex 2.311386e+03 -1.264142e+02 1.945554e+02
      vertex 2.324644e+03 -1.264142e+02 1.974339e+02
    endloop
  endfacet
  facet normal 0.000000e+00 -1.000000e+00 0.000000e+00
    outer loop
      vertex 2.324644e+03 -1.264142e+02 1.974339e+02
      vertex 2.311386e+03 -1.264142e+02 1.945554e+02
      vertex 2.320776e+03 -1.264142e+02 1.945911e+02
    endloop
  endfacet
  facet normal 0.000000e+00 -1.000000e+00 0.000000e+00
    outer loop
      vertex 2.320776e+03 -1.264142e+02 1.945911e+02
      vertex 2.311386e+03 -1.264142e+02 1.945554e+02
      vertex 2.316085e+03 -1.264142e+02 1.935725e+02
    endloop
  endfacet
  facet normal 5.291326e-08 -1.000000e+00 7.491241e-09
    outer loop
      vertex 1.731712e+03 -1.264142e+02 2.152285e+02
      vertex 1.737423e+03 -1.264142e+02 1.748867e+02
      vertex 2.311386e+03 -1.264142e+02 1.945554e+02
    endloop
  endfacet
  facet normal 5.535864e-08 -1.000000e+00 -6.386870e-08
    outer loop
      vertex 2.311386e+03 -1.264142e+02 1.945554e+02
      vertex 1.737423e+03 -1.264142e+02 1.748867e+02
      vertex 2.296773e+03 -1.264142e+02 1.818899e+02
    endloop
  endfacet
  facet normal 5.496601e-08 -1.000000e+00 -3.250877e-08
    outer loop
      vertex 2.296773e+03 -1.264142e+02 1.818899e+02
      vertex 1.737423e+03 -1.264142e+02 1.748867e+02
      vertex 2.295338e+03 -1.264142e+02 1.794627e+02
    endloop
  endfacet
  facet normal 5.500395e-08 -1.000000e+00 -3.713446e-08
    outer loop
      vertex 2.295338e+03 -1.264142e+02 1.794627e+02
      vertex 1.737423e+03 -1.264142e+02 1.748867e+02
      vertex 2.293760e+03 -1.264142e+02 1.771255e+02
    endloop
  endfacet
  facet normal 5.502410e-08 -1.000000e+00 -4.214028e-08
    outer loop
      vertex 2.293760e+03 -1.264142e+02 1.771255e+02
      vertex 1.737423e+03 -1.264142e+02 1.748867e+02
      vertex 2.292045e+03 -1.264142e+02 1.748867e+02
    endloop
  endfacet
  facet normal -5.148887e-08 4.342868e-02 -9.990565e-01
    outer loop
      vertex 2.334526e+03 -1.353940e+02 2.201763e+02
      vertex 1.716643e+03 -1.353940e+02 2.201763e+02
      vertex 2.334385e+03 -1.264142e+02 2.205666e+02
    endloop
  endfacet
  facet normal -5.140170e-08 4.342867e-02 -9.990565e-01
    outer loop
      vertex 2.334385e+03 -1.264142e+02 2.205666e+02
      vertex 1.716643e+03 -1.353940e+02 2.201763e+02
      vertex 1.715454e+03 -1.264142e+02 2.205667e+02
    endloop
  endfacet
  facet normal -4.939050e-08 -0.000000e+00 -1.000000e+00
    outer loop
      vertex 2.334526e+03 -1.357845e+02 2.201763e+02
      vertex 1.716643e+03 -1.357845e+02 2.201763e+02
      vertex 2.334526e+03 -1.353940e+02 2.201763e+02
    endloop
  endfacet
  facet normal -4.939050e-08 0.000000e+00 -1.000000e+00
    outer loop
      vertex 2.334526e+03 -1.353940e+02 2.201763e+02
      vertex 1.716643e+03 -1.357845e+02 2.201763e+02
      vertex 1.716643e+03 -1.353940e+02 2.201763e+02
    endloop
  endfacet
  facet normal 0.000000e+00 -7.071068e-01 -7.071068e-01
    outer loop
      vertex 1.715454e+03 -1.361749e+02 2.205667e+02
      vertex 1.716643e+03 -1.357845e+02 2.201763e+02
      vertex 2.334385e+03 -1.361748e+02 2.205666e+02
    endloop
  endfacet
  facet normal 0.000000e+00 -7.071068e-01 -7.071068e-01
    outer loop
      vertex 2.334385e+03 -1.361748e+02 2.205666e+02
      vertex 1.716643e+03 -1.357845e+02 2.201763e+02
      vertex 2.334526e+03 -1.357845e+02 2.201763e+02
    endloop
  endfacet
  facet normal -0.000000e+00 -1.000000e+00 -0.000000e+00
    outer loop
      vertex 1.497082e+03 -1.189962e+02 1.590188e+02
      vertex 1.617447e+03 -1.189962e+02 1.590187e+02
      vertex 1.493735e+03 -1.189962e+02 1.612217e+02
    endloop
  endfacet
  facet normal 0.000000e+00 -1.000000e+00 0.000000e+00
    outer loop
      vertex 1.493735e+03 -1.189962e+02 1.612217e+02
      vertex 1.617447e+03 -1.189962e+02 1.590187e+02
      vertex 1.620795e+03 -1.189962e+02 1.612217e+02
    endloop
  endfacet
  facet normal 1.200916e-07 0.000000e+00 1.000000e+00
    outer loop
      vertex 1.493735e+03 -1.189962e+02 1.612217e+02
      vertex 1.620795e+03 -1.189962e+02 1.612217e+02
      vertex 1.493735e+03 -1.186057e+02 1.612217e+02
    endloop
  endfacet
  facet normal 1.200916e-07 0.000000e+00 1.000000e+00
    outer loop
      vertex 1.493735e+03 -1.186057e+02 1.612217e+02
      vertex 1.620795e+03 -1.189962e+02 1.612217e+02
      vertex 1.620795e+03 -1.186057e+02 1.612217e+02
    endloop
  endfacet
  facet normal -0.000000e+00 -1.000000e+00 -0.000000e+00
    outer loop
      vertex 1.493735e+03 -1.186057e+02 1.612217e+02
      vertex 1.620795e+03 -1.186057e+02 1.612217e+02
      vertex 1.462886e+03 -1.186057e+02 1.815239e+02
    endloop
  endfacet
  facet normal 1.616764e-07 -1.000000e+00 1.257499e-06
    outer loop
      vertex 1.462886e+03 -1.186057e+02 1.815239e+02
      vertex 1.620795e+03 -1.186057e+02 1.612217e+02
      vertex 1.651643e+03 -1.186056e+02 1.815239e+02
    endloop
  endfacet
  facet normal -8.083813e-08 0.000000e+00 -1.000000e+00
    outer loop
      vertex 1.462886e+03 -1.186057e+02 1.815239e+02
      vertex 1.651643e+03 -1.186056e+02 1.815239e+02
      vertex 1.462886e+03 -1.197770e+02 1.815239e+02
    endloop
  endfacet
  facet normal -8.083813e-08 0.000000e+00 -1.000000e+00
    outer loop
      vertex 1.462886e+03 -1.197770e+02 1.815239e+02
      vertex 1.651643e+03 -1.186056e+02 1.815239e+02
      vertex 1.651643e+03 -1.197770e+02 1.815239e+02
    endloop
  endfacet
  facet normal 1.616763e-07 -1.000000e+00 2.456585e-07
    outer loop
      vertex 1.462886e+03 -1.197770e+02 1.815239e+02
      vertex 1.651643e+03 -1.197770e+02 1.815239e+02
      vertex 1.462293e+03 -1.197770e+02 1.819143e+02
    endloop
  endfacet
  facet normal 1.606665e-07 -1.000000e+00 -2.441242e-07
    outer loop
      vertex 1.462293e+03 -1.197770e+02 1.819143e+02
      vertex 1.651643e+03 -1.197770e+02 1.815239e+02
      vertex 1.652237e+03 -1.197770e+02 1.819143e+02
    endloop
  endfacet
  facet normal -8.033326e-08 0.000000e+00 -1.000000e+00
    outer loop
      vertex 1.462293e+03 -1.197770e+02 1.819143e+02
      vertex 1.652237e+03 -1.197770e+02 1.819143e+02
      vertex 1.462293e+03 -1.205579e+02 1.819143e+02
    endloop
  endfacet
  facet normal -8.033326e-08 0.000000e+00 -1.000000e+00
    outer loop
      vertex 1.462293e+03 -1.205579e+02 1.819143e+02
      vertex 1.652237e+03 -1.197770e+02 1.819143e+02
      vertex 1.652237e+03 -1.205579e+02 1.819143e+02
    endloop
  endfacet
  facet normal 1.606665e-07 -1.000000e+00 2.441315e-07
    outer loop
      vertex 1.462293e+03 -1.205579e+02 1.819143e+02
      vertex 1.652237e+03 -1.205579e+02 1.819143e+02
      vertex 1.461106e+03 -1.205579e+02 1.826952e+02
    endloop
  endfacet
  facet normal 1.586840e-07 -1.000000e+00 -2.411190e-07
    outer loop
      vertex 1.461106e+03 -1.205579e+02 1.826952e+02
      vertex 1.652237e+03 -1.205579e+02 1.819143e+02
      vertex 1.653423e+03 -1.205579e+02 1.826952e+02
    endloop
  endfacet
  facet normal 7.934201e-08 0.000000e+00 1.000000e+00
    outer loop
      vertex 1.461106e+03 -1.205579e+02 1.826952e+02
      vertex 1.653423e+03 -1.205579e+02 1.826952e+02
      vertex 1.461106e+03 -1.201674e+02 1.826952e+02
    endloop
  endfacet
  facet normal 7.934201e-08 0.000000e+00 1.000000e+00
    outer loop
      vertex 1.461106e+03 -1.201674e+02 1.826952e+02
      vertex 1.653423e+03 -1.205579e+02 1.826952e+02
      vertex 1.653423e+03 -1.201674e+02 1.826952e+02
    endloop
  endfacet
  facet normal 1.586840e-07 -1.000000e+00 2.411169e-07
    outer loop
      vertex 1.461106e+03 -1.201674e+02 1.826952e+02
      vertex 1.653423e+03 -1.201674e+02 1.826952e+02
      vertex 1.460513e+03 -1.201674e+02 1.830857e+02
    endloop
  endfacet
  facet normal 1.577108e-07 -1.000000e+00 -2.396381e-07
    outer loop
      vertex 1.460513e+03 -1.201674e+02 1.830857e+02
      vertex 1.653423e+03 -1.201674e+02 1.826952e+02
      vertex 1.654016e+03 -1.201674e+02 1.830857e+02
    endloop
  endfacet
  facet normal -7.885540e-08 0.000000e+00 -1.000000e+00
    outer loop
      vertex 1.460513e+03 -1.201674e+02 1.830857e+02
      vertex 1.654016e+03 -1.201674e+02 1.830857e+02
      vertex 1.460513e+03 -1.205579e+02 1.830857e+02
    endloop
  endfacet
  facet normal -7.885540e-08 0.000000e+00 -1.000000e+00
    outer loop
      vertex 1.460513e+03 -1.205579e+02 1.830857e+02
      vertex 1.654016e+03 -1.201674e+02 1.830857e+02
      vertex 1.654016e+03 -1.205579e+02 1.830857e+02
    endloop
  endfacet
  facet normal 5.575593e-08 -7.070930e-01 -7.071205e-01
    outer loop
      vertex 1.460513e+03 -1.205579e+02 1.830857e+02
      vertex 1.654016e+03 -1.205579e+02 1.830857e+02
      vertex 1.459920e+03 -1.209483e+02 1.834761e+02
    endloop
  endfacet
  facet normal 5.541618e-08 -7.070929e-01 -7.071207e-01
    outer loop
      vertex 1.459920e+03 -1.209483e+02 1.834761e+02
      vertex 1.654016e+03 -1.205579e+02 1.830857e+02
      vertex 1.654610e+03 -1.209482e+02 1.834760e+02
    endloop
  endfacet
  facet normal 1.567498e-07 -1.000000e+00 2.381885e-07
    outer loop
      vertex 1.459920e+03 -1.209483e+02 1.834761e+02
      vertex 1.654610e+03 -1.209482e+02 1.834760e+02
      vertex 1.456954e+03 -1.209483e+02 1.854282e+02
    endloop
  endfacet
  facet normal 1.521147e-07 -1.000000e+00 -2.311356e-07
    outer loop
      vertex 1.456954e+03 -1.209483e+02 1.854282e+02
      vertex 1.654610e+03 -1.209482e+02 1.834760e+02
      vertex 1.657576e+03 -1.209482e+02 1.854281e+02
    endloop
  endfacet
  facet normal -7.605733e-08 0.000000e+00 -1.000000e+00
    outer loop
      vertex 1.456954e+03 -1.209483e+02 1.854282e+02
      vertex 1.657576e+03 -1.209482e+02 1.854281e+02
      vertex 1.456954e+03 -1.213386e+02 1.854282e+02
    endloop
  endfacet
  facet normal -7.605733e-08 0.000000e+00 -1.000000e+00
    outer loop
      vertex 1.456954e+03 -1.213386e+02 1.854282e+02
      vertex 1.657576e+03 -1.209482e+02 1.854281e+02
      vertex 1.657576e+03 -1.213386e+02 1.854281e+02
    endloop
  endfacet
  facet normal -1.521147e-07 1.000000e+00 -2.311369e-07
    outer loop
      vertex 1.456954e+03 -1.213386e+02 1.854282e+02
      vertex 1.657576e+03 -1.213386e+02 1.854281e+02
      vertex 1.472971e+03 -1.213386e+02 1.748867e+02
    endloop
  endfacet
  facet normal -2.620275e-13 1.000000e+00 -2.895018e-06
    outer loop
      vertex 1.472971e+03 -1.213386e+02 1.748867e+02
      vertex 1.657576e+03 -1.213386e+02 1.854281e+02
      vertex 1.641558e+03 -1.213386e+02 1.748867e+02
    endloop
  endfacet
  facet normal -9.050979e-08 0.000000e+00 -1.000000e+00
    outer loop
      vertex 1.472971e+03 -1.213386e+02 1.748867e+02
      vertex 1.641558e+03 -1.213386e+02 1.748867e+02
      vertex 1.472971e+03 -1.264142e+02 1.748867e+02
    endloop
  endfacet
  facet normal -9.050979e-08 0.000000e+00 -1.000000e+00
    outer loop
      vertex 1.472971e+03 -1.264142e+02 1.748867e+02
      vertex 1.641558e+03 -1.213386e+02 1.748867e+02
      vertex 1.641558e+03 -1.264142e+02 1.748867e+02
    endloop
  endfacet
  facet normal -0.000000e+00 -1.000000e+00 -0.000000e+00
    outer loop
      vertex 1.472971e+03 -1.264142e+02 1.748867e+02
      vertex 1.641558e+03 -1.264142e+02 1.748867e+02
      vertex 1.403561e+03 -1.264142e+02 2.205667e+02
    endloop
  endfacet
  facet normal 9.927423e-08 -1.000000e+00 5.172286e-07
    outer loop
      vertex 1.403561e+03 -1.264142e+02 2.205667e+02
      vertex 1.641558e+03 -1.264142e+02 1.748867e+02
      vertex 1.710968e+03 -1.264142e+02 2.205667e+02
    endloop
  endfacet
  facet normal -1.038929e-07 4.342867e-02 -9.990565e-01
    outer loop
      vertex 1.404155e+03 -1.353940e+02 2.201763e+02
      vertex 1.403561e+03 -1.264142e+02 2.205667e+02
      vertex 1.710375e+03 -1.353940e+02 2.201763e+02
    endloop
  endfacet
  facet normal -1.035451e-07 4.342868e-02 -9.990565e-01
    outer loop
      vertex 1.710375e+03 -1.353940e+02 2.201763e+02
      vertex 1.403561e+03 -1.264142e+02 2.205667e+02
      vertex 1.710968e+03 -1.264142e+02 2.205667e+02
    endloop
  endfacet
  facet normal -9.965885e-08 0.000000e+00 -1.000000e+00
    outer loop
      vertex 1.404155e+03 -1.353940e+02 2.201763e+02
      vertex 1.710375e+03 -1.353940e+02 2.201763e+02
      vertex 1.404155e+03 -1.357845e+02 2.201763e+02
    endloop
  endfacet
  facet normal -9.965885e-08 0.000000e+00 -1.000000e+00
    outer loop
      vertex 1.404155e+03 -1.357845e+02 2.201763e+02
      vertex 1.710375e+03 -1.353940e+02 2.201763e+02
      vertex 1.710375e+03 -1.357845e+02 2.201763e+02
    endloop
  endfacet
  facet normal 0.000000e+00 -7.071068e-01 -7.071068e-01
    outer loop
      vertex 1.404155e+03 -1.357845e+02 2.201763e+02
      vertex 1.710375e+03 -1.357845e+02 2.201763e+02
      vertex 1.403561e+03 -1.361749e+02 2.205667e+02
    endloop
  endfacet
  facet normal 0.000000e+00 -7.071068e-01 -7.071068e-01
    outer loop
      vertex 1.403561e+03 -1.361749e+02 2.205667e+02
      vertex 1.710375e+03 -1.357845e+02 2.201763e+02
      vertex 1.710968e+03 -1.361749e+02 2.205667e+02
    endloop
  endfacet
  facet normal -1.429163e-07 1.000000e+00 -2.670069e-09
    outer loop
      vertex 1.198215e+03 -5.262350e+01 1.607641e+02
      vertex 1.411750e+03 -5.262347e+01 1.607640e+02
      vertex 1.198294e+03 -5.262350e+01 1.565367e+02
    endloop
  endfacet
  facet normal -1.429691e-07 1.000000e+00 0.000000e+00
    outer loop
      vertex 1.198294e+03 -5.262350e+01 1.565367e+02
      vertex 1.411750e+03 -5.262347e+01 1.607640e+02
      vertex 1.411750e+03 -5.262347e+01 1.565366e+02
    endloop
  endfacet
  facet normal -1.429692e-07 0.000000e+00 -1.000000e+00
    outer loop
      vertex 1.198294e+03 -5.262350e+01 1.565367e+02
      vertex 1.411750e+03 -5.262347e+01 1.565366e+02
      vertex 1.198294e+03 -5.340439e+01 1.565367e+02
    endloop
  endfacet
  facet normal -1.429692e-07 0.000000e+00 -1.000000e+00
    outer loop
      vertex 1.198294e+03 -5.340439e+01 1.565367e+02
      vertex 1.411750e+03 -5.262347e+01 1.565366e+02
      vertex 1.411750e+03 -5.340436e+01 1.565366e+02
    endloop
  endfacet
  facet normal 1.429545e-07 -1.000000e+00 2.666965e-09
    outer loop
      vertex 1.198272e+03 -5.340439e+01 1.577079e+02
      vertex 1.198294e+03 -5.340439e+01 1.565367e+02
      vertex 1.411750e+03 -5.340436e+01 1.577079e+02
    endloop
  endfacet
  facet normal 1.429691e-07 -1.000000e+00 0.000000e+00
    outer loop
      vertex 1.411750e+03 -5.340436e+01 1.577079e+02
      vertex 1.198294e+03 -5.340439e+01 1.565367e+02
      vertex 1.411750e+03 -5.340436e+01 1.565366e+02
    endloop
  endfacet
  facet normal -1.429545e-07 0.000000e+00 -1.000000e+00
    outer loop
      vertex 1.198272e+03 -5.340439e+01 1.577079e+02
      vertex 1.411750e+03 -5.340436e+01 1.577079e+02
      vertex 1.198272e+03 -5.652771e+01 1.577079e+02
    endloop
  endfacet
  facet normal -1.429545e-07 0.000000e+00 -1.000000e+00
    outer loop
      vertex 1.198272e+03 -5.652771e+01 1.577079e+02
      vertex 1.411750e+03 -5.340436e+01 1.577079e+02
      vertex 1.411750e+03 -5.652768e+01 1.577079e+02
    endloop
  endfacet
  facet normal 6.390733e-08 -8.943818e-01 -4.473045e-01
    outer loop
      vertex 1.198258e+03 -5.691824e+01 1.584888e+02
      vertex 1.198272e+03 -5.652771e+01 1.577079e+02
      vertex 1.411750e+03 -5.691821e+01 1.584887e+02
    endloop
  endfacet
  facet normal 6.379928e-08 -8.943818e-01 -4.473045e-01
    outer loop
      vertex 1.411750e+03 -5.691821e+01 1.584887e+02
      vertex 1.198272e+03 -5.652771e+01 1.577079e+02
      vertex 1.411750e+03 -5.652768e+01 1.577079e+02
    endloop
  endfacet
  facet normal 1.429106e-07 -1.000000e+00 2.668168e-09
    outer loop
      vertex 1.198207e+03 -5.691824e+01 1.612217e+02
      vertex 1.198258e+03 -5.691824e+01 1.584888e+02
      vertex 1.411750e+03 -5.691821e+01 1.612217e+02
    endloop
  endfacet
  facet normal 1.429447e-07 -1.000000e+00 0.000000e+00
    outer loop
      vertex 1.411750e+03 -5.691821e+01 1.612217e+02
      vertex 1.198258e+03 -5.691824e+01 1.584888e+02
      vertex 1.411750e+03 -5.691821e+01 1.584887e+02
    endloop
  endfacet
  facet normal -1.039720e-07 -2.425758e-01 -9.701325e-01
    outer loop
      vertex 1.198199e+03 -5.847998e+01 1.616122e+02
      vertex 1.198207e+03 -5.691824e+01 1.612217e+02
      vertex 1.411750e+03 -5.847995e+01 1.616122e+02
    endloop
  endfacet
  facet normal -1.040324e-07 -2.425758e-01 -9.701325e-01
    outer loop
      vertex 1.411750e+03 -5.847995e+01 1.616122e+02
      vertex 1.198207e+03 -5.691824e+01 1.612217e+02
      vertex 1.411750e+03 -5.691821e+01 1.612217e+02
    endloop
  endfacet
  facet normal -1.996268e-07 5.881907e-01 -8.087223e-01
    outer loop
      vertex 1.198199e+03 -5.847998e+01 1.616122e+02
      vertex 1.411750e+03 -5.847995e+01 1.616122e+02
      vertex 1.198258e+03 -6.277457e+01 1.584888e+02
    endloop
  endfacet
  facet normal -1.996813e-07 5.881907e-01 -8.087223e-01
    outer loop
      vertex 1.198258e+03 -6.277457e+01 1.584888e+02
      vertex 1.411750e+03 -5.847995e+01 1.616122e+02
      vertex 1.411750e+03 -6.277454e+01 1.584887e+02
    endloop
  endfacet
  facet normal -1.429447e-07 1.000000e+00 -2.670402e-09
    outer loop
      vertex 1.198258e+03 -6.277457e+01 1.584888e+02
      vertex 1.411750e+03 -6.277454e+01 1.584887e+02
      vertex 1.198375e+03 -6.277457e+01 1.522419e+02
    endloop
  endfacet
  facet normal -1.430229e-07 1.000000e+00 0.000000e+00
    outer loop
      vertex 1.198375e+03 -6.277457e+01 1.522419e+02
      vertex 1.411750e+03 -6.277454e+01 1.584887e+02
      vertex 1.411750e+03 -6.277454e+01 1.522419e+02
    endloop
  endfacet
  facet normal -1.809105e-07 9.486858e-01 -3.162203e-01
    outer loop
      vertex 1.198375e+03 -6.277457e+01 1.522419e+02
      vertex 1.411750e+03 -6.277454e+01 1.522419e+02
      vertex 1.198418e+03 -6.355542e+01 1.498993e+02
    endloop
  endfacet
  facet normal -1.809477e-07 9.486858e-01 -3.162203e-01
    outer loop
      vertex 1.198418e+03 -6.355542e+01 1.498993e+02
      vertex 1.411750e+03 -6.277454e+01 1.522419e+02
      vertex 1.411750e+03 -6.355539e+01 1.498993e+02
    endloop
  endfacet
  facet normal -2.002714e-07 8.000371e-01 -5.999506e-01
    outer loop
      vertex 1.198418e+03 -6.355542e+01 1.498993e+02
      vertex 1.411750e+03 -6.355539e+01 1.498993e+02
      vertex 1.198419e+03 -6.358502e+01 1.498598e+02
    endloop
  endfacet
  facet normal -1.806167e-07 7.999861e-01 -6.000186e-01
    outer loop
      vertex 1.198419e+03 -6.358502e+01 1.498598e+02
      vertex 1.411750e+03 -6.355539e+01 1.498993e+02
      vertex 1.411750e+03 -6.466312e+01 1.484224e+02
    endloop
  endfacet
  facet normal -1.991727e-07 7.999848e-01 -6.000202e-01
    outer loop
      vertex 1.198419e+03 -6.358502e+01 1.498598e+02
      vertex 1.411750e+03 -6.466312e+01 1.484224e+02
      vertex 1.198419e+03 -6.589804e+01 1.467760e+02
    endloop
  endfacet
  facet normal -2.005367e-07 7.999849e-01 -6.000202e-01
    outer loop
      vertex 1.198419e+03 -6.589804e+01 1.467760e+02
      vertex 1.411750e+03 -6.466312e+01 1.484224e+02
      vertex 1.411471e+03 -6.589801e+01 1.467759e+02
    endloop
  endfacet
  facet normal 0.000000e+00 1.000000e+00 0.000000e+00
    outer loop
      vertex 1.198419e+03 -6.589804e+01 1.458598e+02
      vertex 1.198419e+03 -6.589804e+01 1.467760e+02
      vertex 1.251175e+03 -6.589804e+01 1.458598e+02
    endloop
  endfacet
  facet normal -3.572822e-07 1.000000e+00 -2.057369e-05
    outer loop
      vertex 1.251175e+03 -6.589804e+01 1.458598e+02
      vertex 1.198419e+03 -6.589804e+01 1.467760e+02
      vertex 1.336591e+03 -6.589801e+01 1.458598e+02
    endloop
  endfacet
  facet normal -3.572822e-07 1.000000e+00 -3.908934e-07
    outer loop
      vertex 1.251175e+03 -6.589804e+01 1.458598e+02
      vertex 1.336591e+03 -6.589801e+01 1.458598e+02
      vertex 1.260291e+03 -6.589804e+01 1.375270e+02
    endloop
  endfacet
  facet normal -4.542489e-07 1.000000e+00 4.969822e-07
    outer loop
      vertex 1.260291e+03 -6.589804e+01 1.375270e+02
      vertex 1.336591e+03 -6.589801e+01 1.458598e+02
      vertex 1.327474e+03 -6.589801e+01 1.375270e+02
    endloop
  endfacet
  facet normal -4.542489e-07 1.000000e+00 -7.879662e-07
    outer loop
      vertex 1.260291e+03 -6.589804e+01 1.375270e+02
      vertex 1.327474e+03 -6.589801e+01 1.375270e+02
      vertex 1.270992e+03 -6.589804e+01 1.313585e+02
    endloop
  endfacet
  facet normal -6.665867e-07 1.000000e+00 1.156299e-06
    outer loop
      vertex 1.270992e+03 -6.589804e+01 1.313585e+02
      vertex 1.327474e+03 -6.589801e+01 1.375270e+02
      vertex 1.316774e+03 -6.589801e+01 1.313585e+02
    endloop
  endfacet
  facet normal -6.665867e-07 1.000000e+00 -2.114518e-06
    outer loop
      vertex 1.270992e+03 -6.589804e+01 1.313585e+02
      vertex 1.316774e+03 -6.589801e+01 1.313585e+02
      vertex 1.282771e+03 -6.589804e+01 1.276450e+02
    endloop
  endfacet
  facet normal -1.373272e-06 1.000000e+00 4.356234e-06
    outer loop
      vertex 1.282771e+03 -6.589804e+01 1.276450e+02
      vertex 1.316774e+03 -6.589801e+01 1.313585e+02
      vertex 1.304994e+03 -6.589801e+01 1.276450e+02
    endloop
  endfacet
  facet normal -1.432383e-07 1.000000e+00 1.170779e-05
    outer loop
      vertex 1.198419e+03 -6.589804e+01 1.467760e+02
      vertex 1.411471e+03 -6.589801e+01 1.467759e+02
      vertex 1.336591e+03 -6.589801e+01 1.458598e+02
    endloop
  endfacet
  facet normal 0.000000e+00 1.000000e+00 0.000000e+00
    outer loop
      vertex 1.336591e+03 -6.589801e+01 1.458598e+02
      vertex 1.411471e+03 -6.589801e+01 1.467759e+02
      vertex 1.370768e+03 -6.589801e+01 1.458598e+02
    endloop
  endfacet
  facet normal 0.000000e+00 1.000000e+00 0.000000e+00
    outer loop
      vertex 1.370768e+03 -6.589801e+01 1.458598e+02
      vertex 1.411471e+03 -6.589801e+01 1.467759e+02
      vertex 1.410418e+03 -6.589801e+01 1.450241e+02
    endloop
  endfacet
  facet normal 0.000000e+00 1.000000e+00 0.000000e+00
    outer loop
      vertex 1.370768e+03 -6.589801e+01 1.458598e+02
      vertex 1.410418e+03 -6.589801e+01 1.450241e+02
      vertex 1.408751e+03 -6.589801e+01 1.438403e+02
    endloop
  endfacet
  facet normal 0.000000e+00 1.000000e+00 0.000000e+00
    outer loop
      vertex 1.406750e+03 -6.589801e+01 1.434224e+02
      vertex 1.370768e+03 -6.589801e+01 1.434224e+02
      vertex 1.408751e+03 -6.589801e+01 1.438403e+02
    endloop
  endfacet
  facet normal -0.000000e+00 1.000000e+00 0.000000e+00
    outer loop
      vertex 1.408751e+03 -6.589801e+01 1.438403e+02
      vertex 1.370768e+03 -6.589801e+01 1.434224e+02
      vertex 1.370768e+03 -6.589801e+01 1.458598e+02
    endloop
  endfacet
  facet normal -1.208346e-06 7.071725e-01 -7.070411e-01
    outer loop
      vertex 1.284953e+03 -6.628839e+01 1.272546e+02
      vertex 1.282771e+03 -6.589804e+01 1.276450e+02
      vertex 1.302813e+03 -6.628836e+01 1.272546e+02
    endloop
  endfacet
  facet normal -9.716417e-07 7.071786e-01 -7.070349e-01
    outer loop
      vertex 1.302813e+03 -6.628836e+01 1.272546e+02
      vertex 1.282771e+03 -6.589804e+01 1.276450e+02
      vertex 1.304994e+03 -6.589801e+01 1.276450e+02
    endloop
  endfacet
  facet normal -1.141658e-06 4.472102e-01 -8.944289e-01
    outer loop
      vertex 1.287906e+03 -6.706927e+01 1.268642e+02
      vertex 1.284953e+03 -6.628839e+01 1.272546e+02
      vertex 1.299860e+03 -6.706924e+01 1.268642e+02
    endloop
  endfacet
  facet normal -7.645165e-07 4.472159e-01 -8.944260e-01
    outer loop
      vertex 1.299860e+03 -6.706924e+01 1.268642e+02
      vertex 1.284953e+03 -6.628839e+01 1.272546e+02
      vertex 1.302813e+03 -6.628836e+01 1.272546e+02
    endloop
  endfacet
  facet normal 0.000000e+00 0.000000e+00 -1.000000e+00
    outer loop
      vertex 1.299860e+03 -6.785013e+01 1.268642e+02
      vertex 1.287906e+03 -6.785016e+01 1.268642e+02
      vertex 1.299860e+03 -6.706924e+01 1.268642e+02
    endloop
  endfacet
  facet normal 0.000000e+00 0.000000e+00 -1.000000e+00
    outer loop
      vertex 1.299860e+03 -6.706924e+01 1.268642e+02
      vertex 1.287906e+03 -6.785016e+01 1.268642e+02
      vertex 1.287906e+03 -6.706927e+01 1.268642e+02
    endloop
  endfacet
  facet normal 9.828361e-07 -8.320376e-01 -5.547192e-01
    outer loop
      vertex 1.306800e+03 -6.863098e+01 1.280354e+02
      vertex 1.280965e+03 -6.863101e+01 1.280354e+02
      vertex 1.299860e+03 -6.785013e+01 1.268642e+02
    endloop
  endfacet
  facet normal 2.124084e-06 -8.320461e-01 -5.547065e-01
    outer loop
      vertex 1.299860e+03 -6.785013e+01 1.268642e+02
      vertex 1.280965e+03 -6.863101e+01 1.280354e+02
      vertex 1.287906e+03 -6.785016e+01 1.268642e+02
    endloop
  endfacet
  facet normal 7.446649e-07 -7.071606e-01 -7.070530e-01
    outer loop
      vertex 1.308373e+03 -6.902136e+01 1.284258e+02
      vertex 1.279392e+03 -6.902139e+01 1.284258e+02
      vertex 1.306800e+03 -6.863098e+01 1.280354e+02
    endloop
  endfacet
  facet normal 8.353301e-07 -7.071638e-01 -7.070498e-01
    outer loop
      vertex 1.306800e+03 -6.863098e+01 1.280354e+02
      vertex 1.279392e+03 -6.902139e+01 1.284258e+02
      vertex 1.280965e+03 -6.863101e+01 1.280354e+02
    endloop
  endfacet
  facet normal 9.597519e-07 -1.000000e+00 -3.350835e-06
    outer loop
      vertex 1.309781e+03 -6.902136e+01 1.288163e+02
      vertex 1.277984e+03 -6.902139e+01 1.288163e+02
      vertex 1.309313e+03 -6.902136e+01 1.286821e+02
    endloop
  endfacet
  facet normal 9.888849e-07 -1.000000e+00 3.452549e-06
    outer loop
      vertex 1.309313e+03 -6.902136e+01 1.286821e+02
      vertex 1.277984e+03 -6.902139e+01 1.288163e+02
      vertex 1.278452e+03 -6.902139e+01 1.286821e+02
    endloop
  endfacet
  facet normal 9.888849e-07 -1.000000e+00 -3.566942e-06
    outer loop
      vertex 1.309313e+03 -6.902136e+01 1.286821e+02
      vertex 1.278452e+03 -6.902139e+01 1.286821e+02
      vertex 1.308844e+03 -6.902136e+01 1.285519e+02
    endloop
  endfacet
  facet normal 1.019917e-06 -1.000000e+00 3.678875e-06
    outer loop
      vertex 1.308844e+03 -6.902136e+01 1.285519e+02
      vertex 1.278452e+03 -6.902139e+01 1.286821e+02
      vertex 1.278922e+03 -6.902139e+01 1.285519e+02
    endloop
  endfacet
  facet normal 1.019917e-06 -1.000000e+00 -3.805716e-06
    outer loop
      vertex 1.308844e+03 -6.902136e+01 1.285519e+02
      vertex 1.278922e+03 -6.902139e+01 1.285519e+02
      vertex 1.308373e+03 -6.902136e+01 1.284258e+02
    endloop
  endfacet
  facet normal 1.053035e-06 -1.000000e+00 3.928273e-06
    outer loop
      vertex 1.308373e+03 -6.902136e+01 1.284258e+02
      vertex 1.278922e+03 -6.902139e+01 1.285519e+02
      vertex 1.279392e+03 -6.902139e+01 1.284258e+02
    endloop
  endfacet
  facet normal 2.807984e-07 -3.162127e-01 -9.486883e-01
    outer loop
      vertex 1.311066e+03 -7.019275e+01 1.292067e+02
      vertex 1.276699e+03 -7.019278e+01 1.292067e+02
      vertex 1.309781e+03 -6.902136e+01 1.288163e+02
    endloop
  endfacet
  facet normal 3.034862e-07 -3.162133e-01 -9.486881e-01
    outer loop
      vertex 1.309781e+03 -6.902136e+01 1.288163e+02
      vertex 1.276699e+03 -7.019278e+01 1.292067e+02
      vertex 1.277984e+03 -6.902139e+01 1.288163e+02
    endloop
  endfacet
  facet normal 1.365614e-07 -1.644052e-01 -9.863929e-01
    outer loop
      vertex 1.312253e+03 -7.253522e+01 1.295971e+02
      vertex 1.275513e+03 -7.253525e+01 1.295971e+02
      vertex 1.311066e+03 -7.019275e+01 1.292067e+02
    endloop
  endfacet
  facet normal 1.459927e-07 -1.644053e-01 -9.863929e-01
    outer loop
      vertex 1.311066e+03 -7.019275e+01 1.292067e+02
      vertex 1.275513e+03 -7.253525e+01 1.295971e+02
      vertex 1.276699e+03 -7.019278e+01 1.292067e+02
    endloop
  endfacet
  facet normal 4.887146e-08 -6.238071e-02 -9.980524e-01
    outer loop
      vertex 1.313359e+03 -7.878204e+01 1.299876e+02
      vertex 1.274406e+03 -7.878207e+01 1.299876e+02
      vertex 1.312253e+03 -7.253522e+01 1.295971e+02
    endloop
  endfacet
  facet normal 5.181588e-08 -6.238072e-02 -9.980524e-01
    outer loop
      vertex 1.312253e+03 -7.253522e+01 1.295971e+02
      vertex 1.274406e+03 -7.878207e+01 1.299876e+02
      vertex 1.275513e+03 -7.253525e+01 1.295971e+02
    endloop
  endfacet
  facet normal 5.258619e-07 -7.070508e-01 -7.071627e-01
    outer loop
      vertex 1.314399e+03 -7.917255e+01 1.303780e+02
      vertex 1.273366e+03 -7.917258e+01 1.303780e+02
      vertex 1.313359e+03 -7.878204e+01 1.299876e+02
    endloop
  endfacet
  facet normal 5.539321e-07 -7.070523e-01 -7.071613e-01
    outer loop
      vertex 1.313359e+03 -7.878204e+01 1.299876e+02
      vertex 1.273366e+03 -7.917258e+01 1.303780e+02
      vertex 1.274406e+03 -7.878207e+01 1.299876e+02
    endloop
  endfacet
  facet normal -0.000000e+00 -1.000000e+00 -0.000000e+00
    outer loop
      vertex 1.198419e+03 -7.917258e+01 1.498598e+02
      vertex 1.251175e+03 -7.917258e+01 1.458598e+02
      vertex 1.198309e+03 -7.917258e+01 1.557558e+02
    endloop
  endfacet
  facet normal 3.572822e-07 -1.000000e+00 1.908659e-06
    outer loop
      vertex 1.198309e+03 -7.917258e+01 1.557558e+02
      vertex 1.251175e+03 -7.917258e+01 1.458598e+02
      vertex 1.336591e+03 -7.917255e+01 1.458598e+02
    endloop
  endfacet
  facet normal 1.429787e-07 -1.000000e+00 -1.085921e-06
    outer loop
      vertex 1.198309e+03 -7.917258e+01 1.557558e+02
      vertex 1.336591e+03 -7.917255e+01 1.458598e+02
      vertex 1.411750e+03 -7.917255e+01 1.557558e+02
    endloop
  endfacet
  facet normal 0.000000e+00 -1.000000e+00 0.000000e+00
    outer loop
      vertex 1.411750e+03 -7.917255e+01 1.557558e+02
      vertex 1.336591e+03 -7.917255e+01 1.458598e+02
      vertex 1.370768e+03 -7.917255e+01 1.458598e+02
    endloop
  endfacet
  facet normal 0.000000e+00 -1.000000e+00 0.000000e+00
    outer loop
      vertex 1.411750e+03 -7.917255e+01 1.557558e+02
      vertex 1.370768e+03 -7.917255e+01 1.458598e+02
      vertex 1.411750e+03 -7.917255e+01 1.484224e+02
    endloop
  endfacet
  facet normal 0.000000e+00 -1.000000e+00 0.000000e+00
    outer loop
      vertex 1.411750e+03 -7.917255e+01 1.484224e+02
      vertex 1.370768e+03 -7.917255e+01 1.458598e+02
      vertex 1.411080e+03 -7.917255e+01 1.459224e+02
    endloop
  endfacet
  facet normal 0.000000e+00 -1.000000e+00 0.000000e+00
    outer loop
      vertex 1.411080e+03 -7.917255e+01 1.459224e+02
      vertex 1.370768e+03 -7.917255e+01 1.458598e+02
      vertex 1.409250e+03 -7.917255e+01 1.440922e+02
    endloop
  endfacet
  facet normal 0.000000e+00 -1.000000e+00 0.000000e+00
    outer loop
      vertex 1.409250e+03 -7.917255e+01 1.440922e+02
      vertex 1.370768e+03 -7.917255e+01 1.458598e+02
      vertex 1.406750e+03 -7.917255e+01 1.434224e+02
    endloop
  endfacet
  facet normal 0.000000e+00 -1.000000e+00 0.000000e+00
    outer loop
      vertex 1.406750e+03 -7.917255e+01 1.434224e+02
      vertex 1.370768e+03 -7.917255e+01 1.458598e+02
      vertex 1.370768e+03 -7.917255e+01 1.434224e+02
    endloop
  endfacet
  facet normal 0.000000e+00 -1.000000e+00 0.000000e+00
    outer loop
      vertex 1.198419e+03 -7.917258e+01 1.498598e+02
      vertex 1.198419e+03 -7.917258e+01 1.458598e+02
      vertex 1.251175e+03 -7.917258e+01 1.458598e+02
    endloop
  endfacet
  facet normal 3.572822e-07 -1.000000e+00 -3.690191e-07
    outer loop
      vertex 1.336591e+03 -7.917255e+01 1.458598e+02
      vertex 1.251175e+03 -7.917258e+01 1.458598e+02
      vertex 1.330055e+03 -7.917255e+01 1.395320e+02
    endloop
  endfacet
  facet normal 4.218370e-07 -1.000000e+00 4.357027e-07
    outer loop
      vertex 1.330055e+03 -7.917255e+01 1.395320e+02
      vertex 1.251175e+03 -7.917258e+01 1.458598e+02
      vertex 1.257710e+03 -7.917258e+01 1.395320e+02
    endloop
  endfacet
  facet normal 4.218370e-07 -1.000000e+00 -6.046601e-07
    outer loop
      vertex 1.330055e+03 -7.917255e+01 1.395320e+02
      vertex 1.257710e+03 -7.917258e+01 1.395320e+02
      vertex 1.322594e+03 -7.917255e+01 1.343271e+02
    endloop
  endfacet
  facet normal 5.314524e-07 -1.000000e+00 7.617702e-07
    outer loop
      vertex 1.322594e+03 -7.917255e+01 1.343271e+02
      vertex 1.257710e+03 -7.917258e+01 1.395320e+02
      vertex 1.265171e+03 -7.917258e+01 1.343271e+02
    endloop
  endfacet
  facet normal 5.314524e-07 -1.000000e+00 -1.102886e-06
    outer loop
      vertex 1.322594e+03 -7.917255e+01 1.343271e+02
      vertex 1.265171e+03 -7.917258e+01 1.343271e+02
      vertex 1.314399e+03 -7.917255e+01 1.303780e+02
    endloop
  endfacet
  facet normal 7.437400e-07 -1.000000e+00 1.543432e-06
    outer loop
      vertex 1.314399e+03 -7.917255e+01 1.303780e+02
      vertex 1.265171e+03 -7.917258e+01 1.343271e+02
      vertex 1.273366e+03 -7.917258e+01 1.303780e+02
    endloop
  endfacet
  facet normal -2.018536e-07 7.474172e-01 -6.643550e-01
    outer loop
      vertex 1.198309e+03 -7.917258e+01 1.557558e+02
      vertex 1.411750e+03 -7.917255e+01 1.557558e+02
      vertex 1.198375e+03 -8.229593e+01 1.522419e+02
    endloop
  endfacet
  facet normal -2.019157e-07 7.474172e-01 -6.643550e-01
    outer loop
      vertex 1.198375e+03 -8.229593e+01 1.522419e+02
      vertex 1.411750e+03 -7.917255e+01 1.557558e+02
      vertex 1.411750e+03 -8.229590e+01 1.522419e+02
    endloop
  endfacet
  facet normal -1.918846e-07 8.944324e-01 -4.472031e-01
    outer loop
      vertex 1.198375e+03 -8.229593e+01 1.522419e+02
      vertex 1.411750e+03 -8.229590e+01 1.522419e+02
      vertex 1.198404e+03 -8.307678e+01 1.506802e+02
    endloop
  endfacet
  facet normal -1.919109e-07 8.944324e-01 -4.472031e-01
    outer loop
      vertex 1.198404e+03 -8.307678e+01 1.506802e+02
      vertex 1.411750e+03 -8.229590e+01 1.522419e+02
      vertex 1.411750e+03 -8.307675e+01 1.506801e+02
    endloop
  endfacet
  facet normal -1.859379e-07 9.284695e-01 -3.714085e-01
    outer loop
      vertex 1.198404e+03 -8.307678e+01 1.506802e+02
      vertex 1.411750e+03 -8.307675e+01 1.506801e+02
      vertex 1.198419e+03 -8.340494e+01 1.498598e+02
    endloop
  endfacet
  facet normal -1.875074e-07 9.284697e-01 -3.714082e-01
    outer loop
      vertex 1.198419e+03 -8.340494e+01 1.498598e+02
      vertex 1.411750e+03 -8.307675e+01 1.506801e+02
      vertex 1.411750e+03 -8.385764e+01 1.487280e+02
    endloop
  endfacet
  facet normal -1.858920e-07 9.284698e-01 -3.714080e-01
    outer loop
      vertex 1.198419e+03 -8.340494e+01 1.498598e+02
      vertex 1.411750e+03 -8.385764e+01 1.487280e+02
      vertex 1.198419e+03 -8.385767e+01 1.487281e+02
    endloop
  endfacet
  facet normal -1.919467e-07 4.472251e-01 -8.944215e-01
    outer loop
      vertex 1.411727e+03 -8.541937e+01 1.479472e+02
      vertex 1.198419e+03 -8.541940e+01 1.479472e+02
      vertex 1.411750e+03 -8.446899e+01 1.484224e+02
    endloop
  endfacet
  facet normal -1.279328e-07 4.472136e-01 -8.944272e-01
    outer loop
      vertex 1.411750e+03 -8.446899e+01 1.484224e+02
      vertex 1.198419e+03 -8.541940e+01 1.479472e+02
      vertex 1.198419e+03 -8.385767e+01 1.487281e+02
    endloop
  endfacet
  facet normal -1.919177e-07 4.471957e-01 -8.944361e-01
    outer loop
      vertex 1.411750e+03 -8.446899e+01 1.484224e+02
      vertex 1.198419e+03 -8.385767e+01 1.487281e+02
      vertex 1.411750e+03 -8.385764e+01 1.487280e+02
    endloop
  endfacet
  facet normal -1.430680e-07 0.000000e+00 -1.000000e+00
    outer loop
      vertex 1.198419e+03 -8.541940e+01 1.479472e+02
      vertex 1.411727e+03 -8.541937e+01 1.479472e+02
      vertex 1.198419e+03 -1.104067e+02 1.479472e+02
    endloop
  endfacet
  facet normal -1.430680e-07 0.000000e+00 -1.000000e+00
    outer loop
      vertex 1.198419e+03 -1.104067e+02 1.479472e+02
      vertex 1.411727e+03 -8.541937e+01 1.479472e+02
      vertex 1.411727e+03 -1.104067e+02 1.479472e+02
    endloop
  endfacet
  facet normal -7.969269e-08 -3.713907e-01 -9.284767e-01
    outer loop
      vertex 1.411750e+03 -1.123588e+02 1.487280e+02
      vertex 1.198419e+03 -1.123589e+02 1.487281e+02
      vertex 1.411750e+03 -1.115947e+02 1.484224e+02
    endloop
  endfacet
  facet normal -4.325543e-08 -3.713994e-01 -9.284732e-01
    outer loop
      vertex 1.411750e+03 -1.115947e+02 1.484224e+02
      vertex 1.198419e+03 -1.123589e+02 1.487281e+02
      vertex 1.198419e+03 -1.104067e+02 1.479472e+02
    endloop
  endfacet
  facet normal -7.971365e-08 -3.714051e-01 -9.284709e-01
    outer loop
      vertex 1.411750e+03 -1.115947e+02 1.484224e+02
      vertex 1.198419e+03 -1.104067e+02 1.479472e+02
      vertex 1.411727e+03 -1.104067e+02 1.479472e+02
    endloop
  endfacet
  facet normal 1.122010e-07 -9.805681e-01 -1.961793e-01
    outer loop
      vertex 1.198404e+03 -1.127494e+02 1.506802e+02
      vertex 1.198419e+03 -1.125852e+02 1.498598e+02
      vertex 1.411750e+03 -1.127493e+02 1.506801e+02
    endloop
  endfacet
  facet normal 1.887669e-08 -9.805727e-01 -1.961559e-01
    outer loop
      vertex 1.411750e+03 -1.127493e+02 1.506801e+02
      vertex 1.198419e+03 -1.125852e+02 1.498598e+02
      vertex 1.411750e+03 -1.123588e+02 1.487280e+02
    endloop
  endfacet
  facet normal 1.122159e-07 -9.805761e-01 -1.961390e-01
    outer loop
      vertex 1.411750e+03 -1.123588e+02 1.487280e+02
      vertex 1.198419e+03 -1.125852e+02 1.498598e+02
      vertex 1.198419e+03 -1.123589e+02 1.487281e+02
    endloop
  endfacet
  facet normal 6.125096e-09 -7.282047e-01 -6.853597e-01
    outer loop
      vertex 1.198280e+03 -1.189962e+02 1.573175e+02
      vertex 1.198404e+03 -1.127494e+02 1.506802e+02
      vertex 1.411750e+03 -1.189962e+02 1.573175e+02
    endloop
  endfacet
  facet normal 5.885123e-09 -7.282047e-01 -6.853597e-01
    outer loop
      vertex 1.411750e+03 -1.189962e+02 1.573175e+02
      vertex 1.198404e+03 -1.127494e+02 1.506802e+02
      vertex 1.411750e+03 -1.127493e+02 1.506801e+02
    endloop
  endfacet
  facet normal 1.429106e-07 -1.000000e+00 2.667561e-09
    outer loop
      vertex 1.198207e+03 -1.189962e+02 1.612217e+02
      vertex 1.198280e+03 -1.189962e+02 1.573175e+02
      vertex 1.411750e+03 -1.189962e+02 1.612217e+02
    endloop
  endfacet
  facet normal 1.429593e-07 -1.000000e+00 0.000000e+00
    outer loop
      vertex 1.411750e+03 -1.189962e+02 1.612217e+02
      vertex 1.198280e+03 -1.189962e+02 1.573175e+02
      vertex 1.411750e+03 -1.189962e+02 1.573175e+02
    endloop
  endfacet
  facet normal 1.429106e-07 0.000000e+00 1.000000e+00
    outer loop
      vertex 1.198207e+03 -1.189962e+02 1.612217e+02
      vertex 1.411750e+03 -1.189962e+02 1.612217e+02
      vertex 1.198207e+03 -1.186057e+02 1.612217e+02
    endloop
  endfacet
  facet normal 1.429106e-07 0.000000e+00 1.000000e+00
    outer loop
      vertex 1.198207e+03 -1.186057e+02 1.612217e+02
      vertex 1.411750e+03 -1.189962e+02 1.612217e+02
      vertex 1.411750e+03 -1.186057e+02 1.612217e+02
    endloop
  endfacet
  facet normal -1.422176e-07 1.000000e+00 -3.346560e-08
    outer loop
      vertex 8.582688e+02 -5.262354e+01 1.565367e+02
      vertex 8.580419e+02 -5.262354e+01 1.575011e+02
      vertex 1.072853e+03 -5.262350e+01 1.565367e+02
    endloop
  endfacet
  facet normal -1.537102e-07 1.000000e+00 -2.593334e-06
    outer loop
      vertex 1.072853e+03 -5.262350e+01 1.565367e+02
      vertex 8.580419e+02 -5.262354e+01 1.575011e+02
      vertex 8.545518e+02 -5.262354e+01 1.577079e+02
    endloop
  endfacet
  facet normal -1.397820e-07 1.000000e+00 2.615548e-09
    outer loop
      vertex 1.072853e+03 -5.262350e+01 1.565367e+02
      vertex 8.545518e+02 -5.262354e+01 1.577079e+02
      vertex 1.072932e+03 -5.262350e+01 1.607641e+02
    endloop
  endfacet
  facet normal -1.320427e-07 1.000000e+00 -5.504012e-07
    outer loop
      vertex 1.072932e+03 -5.262350e+01 1.607641e+02
      vertex 8.545518e+02 -5.262354e+01 1.577079e+02
      vertex 8.418126e+02 -5.262354e+01 1.607641e+02
    endloop
  endfacet
  facet normal -1.422176e-07 0.000000e+00 -1.000000e+00
    outer loop
      vertex 8.582688e+02 -5.262354e+01 1.565367e+02
      vertex 1.072853e+03 -5.262350e+01 1.565367e+02
      vertex 8.582688e+02 -5.340442e+01 1.565367e+02
    endloop
  endfacet
  facet normal -1.422176e-07 0.000000e+00 -1.000000e+00
    outer loop
      vertex 8.582688e+02 -5.340442e+01 1.565367e+02
      vertex 1.072853e+03 -5.262350e+01 1.565367e+02
      vertex 1.072853e+03 -5.340439e+01 1.565367e+02
    endloop
  endfacet
  facet normal 1.397822e-07 -1.000000e+00 1.662362e-06
    outer loop
      vertex 8.545518e+02 -5.340442e+01 1.577079e+02
      vertex 8.557133e+02 -5.340442e+01 1.576102e+02
      vertex 1.072875e+03 -5.340439e+01 1.577079e+02
    endloop
  endfacet
  facet normal 1.394717e-07 -1.000000e+00 2.352998e-06
    outer loop
      vertex 1.072875e+03 -5.340439e+01 1.577079e+02
      vertex 8.557133e+02 -5.340442e+01 1.576102e+02
      vertex 8.568769e+02 -5.340442e+01 1.575413e+02
    endloop
  endfacet
  facet normal 1.381991e-07 -1.000000e+00 4.002740e-06
    outer loop
      vertex 1.072875e+03 -5.340439e+01 1.577079e+02
      vertex 8.568769e+02 -5.340442e+01 1.575413e+02
      vertex 8.580419e+02 -5.340442e+01 1.575011e+02
    endloop
  endfacet
  facet normal 1.422176e-07 -1.000000e+00 3.346560e-08
    outer loop
      vertex 8.582688e+02 -5.340442e+01 1.565367e+02
      vertex 1.072853e+03 -5.340439e+01 1.565367e+02
      vertex 8.580419e+02 -5.340442e+01 1.575011e+02
    endloop
  endfacet
  facet normal 1.420554e-07 -1.000000e+00 -2.664996e-09
    outer loop
      vertex 8.580419e+02 -5.340442e+01 1.575011e+02
      vertex 1.072853e+03 -5.340439e+01 1.565367e+02
      vertex 1.072875e+03 -5.340439e+01 1.577079e+02
    endloop
  endfacet
  facet normal -1.397819e-07 0.000000e+00 -1.000000e+00
    outer loop
      vertex 8.545518e+02 -5.340442e+01 1.577079e+02
      vertex 1.072875e+03 -5.340439e+01 1.577079e+02
      vertex 8.545518e+02 -5.652774e+01 1.577079e+02
    endloop
  endfacet
  facet normal -1.397819e-07 0.000000e+00 -1.000000e+00
    outer loop
      vertex 8.545518e+02 -5.652774e+01 1.577079e+02
      vertex 1.072875e+03 -5.340439e+01 1.577079e+02
      vertex 1.072875e+03 -5.652771e+01 1.577079e+02
    endloop
  endfacet
  facet normal 6.105593e-08 -8.943819e-01 -4.473041e-01
    outer loop
      vertex 8.494262e+02 -5.691827e+01 1.584888e+02
      vertex 8.545518e+02 -5.652774e+01 1.577079e+02
      vertex 1.072889e+03 -5.691824e+01 1.584888e+02
    endloop
  endfacet
  facet normal 6.238339e-08 -8.943818e-01 -4.473045e-01
    outer loop
      vertex 1.072889e+03 -5.691824e+01 1.584888e+02
      vertex 8.545518e+02 -5.652774e+01 1.577079e+02
      vertex 1.072875e+03 -5.652771e+01 1.577079e+02
    endloop
  endfacet
  facet normal 1.314003e-07 -1.000000e+00 3.408358e-07
    outer loop
      vertex 8.406912e+02 -5.691827e+01 1.612218e+02
      vertex 8.435417e+02 -5.691827e+01 1.601228e+02
      vertex 1.072940e+03 -5.691824e+01 1.612217e+02
    endloop
  endfacet
  facet normal 1.330450e-07 -1.000000e+00 -2.489919e-09
    outer loop
      vertex 1.072940e+03 -5.691824e+01 1.612217e+02
      vertex 8.435417e+02 -5.691827e+01 1.601228e+02
      vertex 1.072889e+03 -5.691824e+01 1.584888e+02
    endloop
  endfacet
  facet normal 1.361635e-07 -1.000000e+00 4.352057e-07
    outer loop
      vertex 1.072889e+03 -5.691824e+01 1.584888e+02
      vertex 8.435417e+02 -5.691827e+01 1.601228e+02
      vertex 8.464575e+02 -5.691827e+01 1.592105e+02
    endloop
  endfacet
  facet normal 1.365668e-07 -1.000000e+00 5.617193e-07
    outer loop
      vertex 1.072889e+03 -5.691824e+01 1.584888e+02
      vertex 8.464575e+02 -5.691827e+01 1.592105e+02
      vertex 8.494262e+02 -5.691827e+01 1.584888e+02
    endloop
  endfacet
  facet normal -9.523039e-08 -2.425757e-01 -9.701325e-01
    outer loop
      vertex 8.397943e+02 -5.848001e+01 1.616123e+02
      vertex 8.406912e+02 -5.691827e+01 1.612218e+02
      vertex 1.072948e+03 -5.847998e+01 1.616122e+02
    endloop
  endfacet
  facet normal -9.565343e-08 -2.425758e-01 -9.701325e-01
    outer loop
      vertex 1.072948e+03 -5.847998e+01 1.616122e+02
      vertex 8.406912e+02 -5.691827e+01 1.612218e+02
      vertex 1.072940e+03 -5.691824e+01 1.612217e+02
    endloop
  endfacet
  facet normal -1.828429e-07 5.881904e-01 -8.087225e-01
    outer loop
      vertex 8.397943e+02 -5.848001e+01 1.616123e+02
      vertex 1.072948e+03 -5.847998e+01 1.616122e+02
      vertex 8.494262e+02 -6.277460e+01 1.584888e+02
    endloop
  endfacet
  facet normal -1.907718e-07 5.881907e-01 -8.087223e-01
    outer loop
      vertex 8.494262e+02 -6.277460e+01 1.584888e+02
      vertex 1.072948e+03 -5.847998e+01 1.616122e+02
      vertex 1.072889e+03 -6.277457e+01 1.584888e+02
    endloop
  endfacet
  facet normal 0.000000e+00 1.000000e+00 0.000000e+00
    outer loop
      vertex 8.551516e+02 -6.277460e+01 1.576539e+02
      vertex 8.522761e+02 -6.277460e+01 1.579835e+02
      vertex 8.580419e+02 -6.277460e+01 1.575011e+02
    endloop
  endfacet
  facet normal -1.346460e-07 1.000000e+00 -1.609058e-06
    outer loop
      vertex 8.580419e+02 -6.277460e+01 1.575011e+02
      vertex 8.522761e+02 -6.277460e+01 1.579835e+02
      vertex 1.072889e+03 -6.277457e+01 1.584888e+02
    endloop
  endfacet
  facet normal -1.420554e-07 1.000000e+00 2.653788e-09
    outer loop
      vertex 8.580419e+02 -6.277460e+01 1.575011e+02
      vertex 1.072889e+03 -6.277457e+01 1.584888e+02
      vertex 1.072772e+03 -6.277457e+01 1.522419e+02
    endloop
  endfacet
  facet normal -1.365668e-07 1.000000e+00 -7.703040e-07
    outer loop
      vertex 8.522761e+02 -6.277460e+01 1.579835e+02
      vertex 8.494262e+02 -6.277460e+01 1.584888e+02
      vertex 1.072889e+03 -6.277457e+01 1.584888e+02
    endloop
  endfacet
  facet normal -1.429442e-07 1.000000e+00 -3.363706e-08
    outer loop
      vertex 1.072772e+03 -6.277457e+01 1.522419e+02
      vertex 8.592794e+02 -6.277460e+01 1.522420e+02
      vertex 8.580419e+02 -6.277460e+01 1.575011e+02
    endloop
  endfacet
  facet normal -1.808117e-07 9.486833e-01 -3.162278e-01
    outer loop
      vertex 8.592794e+02 -6.277460e+01 1.522420e+02
      vertex 1.072772e+03 -6.277457e+01 1.522419e+02
      vertex 8.594335e+02 -6.299292e+01 1.515870e+02
    endloop
  endfacet
  facet normal -2.062729e-07 9.486858e-01 -3.162203e-01
    outer loop
      vertex 8.594335e+02 -6.299292e+01 1.515870e+02
      vertex 1.072772e+03 -6.277457e+01 1.522419e+02
      vertex 1.072729e+03 -6.355542e+01 1.498993e+02
    endloop
  endfacet
  facet normal -1.800318e-07 9.486868e-01 -3.162174e-01
    outer loop
      vertex 8.594335e+02 -6.299292e+01 1.515870e+02
      vertex 1.072729e+03 -6.355542e+01 1.498993e+02
      vertex 8.583293e+02 -6.355545e+01 1.498993e+02
    endloop
  endfacet
  facet normal -1.973959e-07 7.999848e-01 -6.000203e-01
    outer loop
      vertex 1.072728e+03 -6.589804e+01 1.467760e+02
      vertex 8.562858e+02 -6.589807e+01 1.467760e+02
      vertex 1.072728e+03 -6.358502e+01 1.498598e+02
    endloop
  endfacet
  facet normal -2.190682e-07 7.999855e-01 -6.000193e-01
    outer loop
      vertex 1.072728e+03 -6.358502e+01 1.498598e+02
      vertex 8.562858e+02 -6.589807e+01 1.467760e+02
      vertex 8.583293e+02 -6.355545e+01 1.498993e+02
    endloop
  endfacet
  facet normal -1.992743e-07 8.000371e-01 -5.999506e-01
    outer loop
      vertex 1.072728e+03 -6.358502e+01 1.498598e+02
      vertex 8.583293e+02 -6.355545e+01 1.498993e+02
      vertex 1.072729e+03 -6.355542e+01 1.498993e+02
    endloop
  endfacet
  facet normal 0.000000e+00 1.000000e+00 0.000000e+00
    outer loop
      vertex 8.525850e+02 -6.589807e+01 1.411196e+02
      vertex 8.562858e+02 -6.589807e+01 1.467760e+02
      vertex 8.841177e+02 -6.589807e+01 1.418000e+02
    endloop
  endfacet
  facet normal 0.000000e+00 1.000000e+00 0.000000e+00
    outer loop
      vertex 8.841177e+02 -6.589807e+01 1.418000e+02
      vertex 8.562858e+02 -6.589807e+01 1.467760e+02
      vertex 8.965388e+02 -6.589807e+01 1.458598e+02
    endloop
  endfacet
  facet normal 0.000000e+00 1.000000e+00 0.000000e+00
    outer loop
      vertex 8.841177e+02 -6.589807e+01 1.418000e+02
      vertex 8.965388e+02 -6.589807e+01 1.458598e+02
      vertex 8.941525e+02 -6.589807e+01 1.418000e+02
    endloop
  endfacet
  facet normal 0.000000e+00 1.000000e+00 0.000000e+00
    outer loop
      vertex 8.965388e+02 -6.589807e+01 1.458598e+02
      vertex 8.562858e+02 -6.589807e+01 1.467760e+02
      vertex 9.345563e+02 -6.589807e+01 1.458598e+02
    endloop
  endfacet
  facet normal -1.409983e-07 1.000000e+00 -1.204602e-05
    outer loop
      vertex 9.345563e+02 -6.589807e+01 1.458598e+02
      vertex 8.562858e+02 -6.589807e+01 1.467760e+02
      vertex 1.072728e+03 -6.589804e+01 1.467760e+02
    endloop
  endfacet
  facet normal -3.572822e-07 1.000000e+00 2.057437e-05
    outer loop
      vertex 9.345563e+02 -6.589807e+01 1.458598e+02
      vertex 1.072728e+03 -6.589804e+01 1.467760e+02
      vertex 1.019972e+03 -6.589804e+01 1.458598e+02
    endloop
  endfacet
  facet normal 0.000000e+00 1.000000e+00 0.000000e+00
    outer loop
      vertex 1.019972e+03 -6.589804e+01 1.458598e+02
      vertex 1.072728e+03 -6.589804e+01 1.467760e+02
      vertex 1.072728e+03 -6.589804e+01 1.458598e+02
    endloop
  endfacet
  facet normal -3.572822e-07 1.000000e+00 -3.908908e-07
    outer loop
      vertex 9.345563e+02 -6.589807e+01 1.458598e+02
      vertex 1.019972e+03 -6.589804e+01 1.458598e+02
      vertex 9.436729e+02 -6.589807e+01 1.375271e+02
    endloop
  endfacet
  facet normal -4.542485e-07 1.000000e+00 4.969818e-07
    outer loop
      vertex 9.436729e+02 -6.589807e+01 1.375271e+02
      vertex 1.019972e+03 -6.589804e+01 1.458598e+02
      vertex 1.010855e+03 -6.589804e+01 1.375271e+02
    endloop
  endfacet
  facet normal -4.542485e-07 1.000000e+00 4.159317e-06
    outer loop
      vertex 9.436729e+02 -6.589807e+01 1.375271e+02
      vertex 1.010855e+03 -6.589804e+01 1.375271e+02
      vertex 9.543733e+02 -6.589804e+01 1.313585e+02
    endloop
  endfacet
  facet normal 0.000000e+00 1.000000e+00 0.000000e+00
    outer loop
      vertex 9.543733e+02 -6.589804e+01 1.313585e+02
      vertex 1.010855e+03 -6.589804e+01 1.375271e+02
      vertex 1.000155e+03 -6.589804e+01 1.313585e+02
    endloop
  endfacet
  facet normal 0.000000e+00 1.000000e+00 0.000000e+00
    outer loop
      vertex 9.543733e+02 -6.589804e+01 1.313585e+02
      vertex 1.000155e+03 -6.589804e+01 1.313585e+02
      vertex 9.661529e+02 -6.589804e+01 1.276451e+02
    endloop
  endfacet
  facet normal 0.000000e+00 1.000000e+00 0.000000e+00
    outer loop
      vertex 9.661529e+02 -6.589804e+01 1.276451e+02
      vertex 1.000155e+03 -6.589804e+01 1.313585e+02
      vertex 9.883755e+02 -6.589804e+01 1.276451e+02
    endloop
  endfacet
  facet normal 0.000000e+00 1.000000e+00 0.000000e+00
    outer loop
      vertex 8.941525e+02 -6.589807e+01 1.418000e+02
      vertex 8.914423e+02 -6.589807e+01 1.385551e+02
      vertex 8.841177e+02 -6.589807e+01 1.418000e+02
    endloop
  endfacet
  facet normal 0.000000e+00 1.000000e+00 0.000000e+00
    outer loop
      vertex 8.841177e+02 -6.589807e+01 1.418000e+02
      vertex 8.914423e+02 -6.589807e+01 1.385551e+02
      vertex 8.859488e+02 -6.589807e+01 1.385551e+02
    endloop
  endfacet
  facet normal 0.000000e+00 7.071759e-01 -7.070377e-01
    outer loop
      vertex 9.683341e+02 -6.628839e+01 1.272546e+02
      vertex 9.661529e+02 -6.589804e+01 1.276451e+02
      vertex 9.861943e+02 -6.628839e+01 1.272546e+02
    endloop
  endfacet
  facet normal 0.000000e+00 7.071759e-01 -7.070377e-01
    outer loop
      vertex 9.861943e+02 -6.628839e+01 1.272546e+02
      vertex 9.661529e+02 -6.589804e+01 1.276451e+02
      vertex 9.883755e+02 -6.589804e+01 1.276451e+02
    endloop
  endfacet
  facet normal 0.000000e+00 4.472136e-01 -8.944272e-01
    outer loop
      vertex 9.712870e+02 -6.706927e+01 1.268642e+02
      vertex 9.683341e+02 -6.628839e+01 1.272546e+02
      vertex 9.832414e+02 -6.706927e+01 1.268642e+02
    endloop
  endfacet
  facet normal 0.000000e+00 4.472136e-01 -8.944272e-01
    outer loop
      vertex 9.832414e+02 -6.706927e+01 1.268642e+02
      vertex 9.683341e+02 -6.628839e+01 1.272546e+02
      vertex 9.861943e+02 -6.628839e+01 1.272546e+02
    endloop
  endfacet
  facet normal 0.000000e+00 0.000000e+00 -1.000000e+00
    outer loop
      vertex 9.832414e+02 -6.785016e+01 1.268642e+02
      vertex 9.712870e+02 -6.785016e+01 1.268642e+02
      vertex 9.832414e+02 -6.706927e+01 1.268642e+02
    endloop
  endfacet
  facet normal 0.000000e+00 0.000000e+00 -1.000000e+00
    outer loop
      vertex 9.832414e+02 -6.706927e+01 1.268642e+02
      vertex 9.712870e+02 -6.785016e+01 1.268642e+02
      vertex 9.712870e+02 -6.706927e+01 1.268642e+02
    endloop
  endfacet
  facet normal 0.000000e+00 -8.320403e-01 -5.547152e-01
    outer loop
      vertex 9.901818e+02 -6.863101e+01 1.280354e+02
      vertex 9.643467e+02 -6.863101e+01 1.280354e+02
      vertex 9.832414e+02 -6.785016e+01 1.268642e+02
    endloop
  endfacet
  facet normal 0.000000e+00 -8.320403e-01 -5.547152e-01
    outer loop
      vertex 9.832414e+02 -6.785016e+01 1.268642e+02
      vertex 9.643467e+02 -6.863101e+01 1.280354e+02
      vertex 9.712870e+02 -6.785016e+01 1.268642e+02
    endloop
  endfacet
  facet normal 0.000000e+00 -7.071621e-01 -7.070515e-01
    outer loop
      vertex 9.917545e+02 -6.902139e+01 1.284259e+02
      vertex 9.627739e+02 -6.902139e+01 1.284259e+02
      vertex 9.901818e+02 -6.863101e+01 1.280354e+02
    endloop
  endfacet
  facet normal 0.000000e+00 -7.071621e-01 -7.070515e-01
    outer loop
      vertex 9.901818e+02 -6.863101e+01 1.280354e+02
      vertex 9.627739e+02 -6.902139e+01 1.284259e+02
      vertex 9.643467e+02 -6.863101e+01 1.280354e+02
    endloop
  endfacet
  facet normal 0.000000e+00 -1.000000e+00 0.000000e+00
    outer loop
      vertex 9.931629e+02 -6.902139e+01 1.288163e+02
      vertex 9.613655e+02 -6.902139e+01 1.288163e+02
      vertex 9.926945e+02 -6.902139e+01 1.286821e+02
    endloop
  endfacet
  facet normal 0.000000e+00 -1.000000e+00 0.000000e+00
    outer loop
      vertex 9.926945e+02 -6.902139e+01 1.286821e+02
      vertex 9.613655e+02 -6.902139e+01 1.288163e+02
      vertex 9.618339e+02 -6.902139e+01 1.286821e+02
    endloop
  endfacet
  facet normal 0.000000e+00 -1.000000e+00 0.000000e+00
    outer loop
      vertex 9.926945e+02 -6.902139e+01 1.286821e+02
      vertex 9.618339e+02 -6.902139e+01 1.286821e+02
      vertex 9.922250e+02 -6.902139e+01 1.285520e+02
    endloop
  endfacet
  facet normal 0.000000e+00 -1.000000e+00 0.000000e+00
    outer loop
      vertex 9.922250e+02 -6.902139e+01 1.285520e+02
      vertex 9.618339e+02 -6.902139e+01 1.286821e+02
      vertex 9.623033e+02 -6.902139e+01 1.285520e+02
    endloop
  endfacet
  facet normal 0.000000e+00 -1.000000e+00 0.000000e+00
    outer loop
      vertex 9.922250e+02 -6.902139e+01 1.285520e+02
      vertex 9.623033e+02 -6.902139e+01 1.285520e+02
      vertex 9.917545e+02 -6.902139e+01 1.284259e+02
    endloop
  endfacet
  facet normal 0.000000e+00 -1.000000e+00 0.000000e+00
    outer loop
      vertex 9.917545e+02 -6.902139e+01 1.284259e+02
      vertex 9.623033e+02 -6.902139e+01 1.285520e+02
      vertex 9.627739e+02 -6.902139e+01 1.284259e+02
    endloop
  endfacet
  facet normal 0.000000e+00 -3.162130e-01 -9.486882e-01
    outer loop
      vertex 9.944474e+02 -7.019278e+01 1.292067e+02
      vertex 9.600810e+02 -7.019278e+01 1.292067e+02
      vertex 9.931629e+02 -6.902139e+01 1.288163e+02
    endloop
  endfacet
  facet normal 0.000000e+00 -3.162129e-01 -9.486883e-01
    outer loop
      vertex 9.931629e+02 -6.902139e+01 1.288163e+02
      vertex 9.600810e+02 -7.019278e+01 1.292067e+02
      vertex 9.613655e+02 -6.902139e+01 1.288163e+02
    endloop
  endfacet
  facet normal 0.000000e+00 -1.644052e-01 -9.863929e-01
    outer loop
      vertex 9.956341e+02 -7.253525e+01 1.295972e+02
      vertex 9.588943e+02 -7.253525e+01 1.295972e+02
      vertex 9.944474e+02 -7.019278e+01 1.292067e+02
    endloop
  endfacet
  facet normal 0.000000e+00 -1.644052e-01 -9.863929e-01
    outer loop
      vertex 9.944474e+02 -7.019278e+01 1.292067e+02
      vertex 9.588943e+02 -7.253525e+01 1.295972e+02
      vertex 9.600810e+02 -7.019278e+01 1.292067e+02
    endloop
  endfacet
  facet normal 0.000000e+00 -6.238071e-02 -9.980524e-01
    outer loop
      vertex 9.967408e+02 -7.878207e+01 1.299876e+02
      vertex 9.577876e+02 -7.878207e+01 1.299876e+02
      vertex 9.956341e+02 -7.253525e+01 1.295972e+02
    endloop
  endfacet
  facet normal 0.000000e+00 -6.238072e-02 -9.980524e-01
    outer loop
      vertex 9.956341e+02 -7.253525e+01 1.295972e+02
      vertex 9.577876e+02 -7.878207e+01 1.299876e+02
      vertex 9.588943e+02 -7.253525e+01 1.295972e+02
    endloop
  endfacet
  facet normal 0.000000e+00 -7.070515e-01 -7.071620e-01
    outer loop
      vertex 9.977805e+02 -7.917258e+01 1.303780e+02
      vertex 9.567479e+02 -7.917258e+01 1.303780e+02
      vertex 9.967408e+02 -7.878207e+01 1.299876e+02
    endloop
  endfacet
  facet normal 0.000000e+00 -7.070515e-01 -7.071620e-01
    outer loop
      vertex 9.967408e+02 -7.878207e+01 1.299876e+02
      vertex 9.567479e+02 -7.917258e+01 1.303780e+02
      vertex 9.577876e+02 -7.878207e+01 1.299876e+02
    endloop
  endfacet
  facet normal 1.423492e-07 -1.000000e+00 1.094720e-06
    outer loop
      vertex 1.072838e+03 -7.917258e+01 1.557558e+02
      vertex 8.584525e+02 -7.917261e+01 1.557558e+02
      vertex 9.345563e+02 -7.917261e+01 1.458598e+02
    endloop
  endfacet
  facet normal 0.000000e+00 -1.000000e+00 0.000000e+00
    outer loop
      vertex 9.345563e+02 -7.917261e+01 1.458598e+02
      vertex 8.584525e+02 -7.917261e+01 1.557558e+02
      vertex 8.594335e+02 -7.917261e+01 1.515870e+02
    endloop
  endfacet
  facet normal 0.000000e+00 -1.000000e+00 0.000000e+00
    outer loop
      vertex 9.345563e+02 -7.917261e+01 1.458598e+02
      vertex 8.594335e+02 -7.917261e+01 1.515870e+02
      vertex 8.965388e+02 -7.917261e+01 1.458598e+02
    endloop
  endfacet
  facet normal 0.000000e+00 -1.000000e+00 0.000000e+00
    outer loop
      vertex 8.965388e+02 -7.917261e+01 1.458598e+02
      vertex 8.594335e+02 -7.917261e+01 1.515870e+02
      vertex 8.525850e+02 -7.917261e+01 1.411196e+02
    endloop
  endfacet
  facet normal 0.000000e+00 -1.000000e+00 0.000000e+00
    outer loop
      vertex 8.965388e+02 -7.917261e+01 1.458598e+02
      vertex 8.525850e+02 -7.917261e+01 1.411196e+02
      vertex 8.841177e+02 -7.917261e+01 1.418000e+02
    endloop
  endfacet
  facet normal -0.000000e+00 -1.000000e+00 -0.000000e+00
    outer loop
      vertex 8.859489e+02 -7.917261e+01 1.385551e+02
      vertex 8.914423e+02 -7.917261e+01 1.385551e+02
      vertex 8.841177e+02 -7.917261e+01 1.418000e+02
    endloop
  endfacet
  facet normal 0.000000e+00 -1.000000e+00 0.000000e+00
    outer loop
      vertex 8.841177e+02 -7.917261e+01 1.418000e+02
      vertex 8.914423e+02 -7.917261e+01 1.385551e+02
      vertex 8.941525e+02 -7.917261e+01 1.418000e+02
    endloop
  endfacet
  facet normal -0.000000e+00 -1.000000e+00 0.000000e+00
    outer loop
      vertex 8.841177e+02 -7.917261e+01 1.418000e+02
      vertex 8.941525e+02 -7.917261e+01 1.418000e+02
      vertex 8.965388e+02 -7.917261e+01 1.458598e+02
    endloop
  endfacet
  facet normal 4.218363e-07 -1.000000e+00 4.356938e-07
    outer loop
      vertex 9.410919e+02 -7.917261e+01 1.395321e+02
      vertex 1.013437e+03 -7.917258e+01 1.395321e+02
      vertex 9.345563e+02 -7.917261e+01 1.458598e+02
    endloop
  endfacet
  facet normal 3.572822e-07 -1.000000e+00 -3.690191e-07
    outer loop
      vertex 9.345563e+02 -7.917261e+01 1.458598e+02
      vertex 1.013437e+03 -7.917258e+01 1.395321e+02
      vertex 1.019972e+03 -7.917258e+01 1.458598e+02
    endloop
  endfacet
  facet normal 3.572822e-07 -1.000000e+00 -1.908665e-06
    outer loop
      vertex 9.345563e+02 -7.917261e+01 1.458598e+02
      vertex 1.019972e+03 -7.917258e+01 1.458598e+02
      vertex 1.072838e+03 -7.917258e+01 1.557558e+02
    endloop
  endfacet
  facet normal 0.000000e+00 -1.000000e+00 0.000000e+00
    outer loop
      vertex 1.072838e+03 -7.917258e+01 1.557558e+02
      vertex 1.019972e+03 -7.917258e+01 1.458598e+02
      vertex 1.072728e+03 -7.917258e+01 1.498598e+02
    endloop
  endfacet
  facet normal 0.000000e+00 -1.000000e+00 0.000000e+00
    outer loop
      vertex 1.072728e+03 -7.917258e+01 1.498598e+02
      vertex 1.019972e+03 -7.917258e+01 1.458598e+02
      vertex 1.072728e+03 -7.917258e+01 1.458598e+02
    endloop
  endfacet
  facet normal 4.218363e-07 -1.000000e+00 -6.046591e-07
    outer loop
      vertex 1.013437e+03 -7.917258e+01 1.395321e+02
      vertex 9.410919e+02 -7.917261e+01 1.395321e+02
      vertex 1.005976e+03 -7.917258e+01 1.343271e+02
    endloop
  endfacet
  facet normal 5.314524e-07 -1.000000e+00 7.617826e-07
    outer loop
      vertex 1.005976e+03 -7.917258e+01 1.343271e+02
      vertex 9.410919e+02 -7.917261e+01 1.395321e+02
      vertex 9.485527e+02 -7.917261e+01 1.343271e+02
    endloop
  endfacet
  facet normal 5.314524e-07 -1.000000e+00 -1.102886e-06
    outer loop
      vertex 1.005976e+03 -7.917258e+01 1.343271e+02
      vertex 9.485527e+02 -7.917261e+01 1.343271e+02
      vertex 9.977805e+02 -7.917258e+01 1.303780e+02
    endloop
  endfacet
  facet normal 0.000000e+00 -1.000000e+00 -7.727826e-06
    outer loop
      vertex 9.977805e+02 -7.917258e+01 1.303780e+02
      vertex 9.485527e+02 -7.917261e+01 1.343271e+02
      vertex 9.567479e+02 -7.917258e+01 1.303780e+02
    endloop
  endfacet
  facet normal -2.009645e-07 7.474172e-01 -6.643550e-01
    outer loop
      vertex 8.584525e+02 -7.917261e+01 1.557558e+02
      vertex 1.072838e+03 -7.917258e+01 1.557558e+02
      vertex 8.592794e+02 -8.229596e+01 1.522420e+02
    endloop
  endfacet
  facet normal -2.018047e-07 7.474172e-01 -6.643550e-01
    outer loop
      vertex 8.592794e+02 -8.229596e+01 1.522420e+02
      vertex 1.072838e+03 -7.917258e+01 1.557558e+02
      vertex 1.072772e+03 -8.229593e+01 1.522419e+02
    endloop
  endfacet
  facet normal -1.917798e-07 8.944272e-01 -4.472136e-01
    outer loop
      vertex 8.592794e+02 -8.229596e+01 1.522420e+02
      vertex 1.072772e+03 -8.229593e+01 1.522419e+02
      vertex 8.594335e+02 -8.262344e+01 1.515870e+02
    endloop
  endfacet
  facet normal -2.321070e-07 8.944324e-01 -4.472031e-01
    outer loop
      vertex 8.594335e+02 -8.262344e+01 1.515870e+02
      vertex 1.072772e+03 -8.229593e+01 1.522419e+02
      vertex 1.072743e+03 -8.307678e+01 1.506802e+02
    endloop
  endfacet
  facet normal -1.914388e-07 8.944362e-01 -4.471955e-01
    outer loop
      vertex 8.594335e+02 -8.262344e+01 1.515870e+02
      vertex 1.072743e+03 -8.307678e+01 1.506802e+02
      vertex 8.588403e+02 -8.307681e+01 1.506802e+02
    endloop
  endfacet
  facet normal -1.843663e-07 9.284698e-01 -3.714080e-01
    outer loop
      vertex 1.072728e+03 -8.385767e+01 1.487281e+02
      vertex 8.575630e+02 -8.385770e+01 1.487281e+02
      vertex 1.072728e+03 -8.340494e+01 1.498598e+02
    endloop
  endfacet
  facet normal -1.834443e-07 9.284697e-01 -3.714081e-01
    outer loop
      vertex 1.072728e+03 -8.340494e+01 1.498598e+02
      vertex 8.575630e+02 -8.385770e+01 1.487281e+02
      vertex 8.588403e+02 -8.307681e+01 1.506802e+02
    endloop
  endfacet
  facet normal -1.854441e-07 9.284695e-01 -3.714086e-01
    outer loop
      vertex 1.072728e+03 -8.340494e+01 1.498598e+02
      vertex 8.588403e+02 -8.307681e+01 1.506802e+02
      vertex 1.072743e+03 -8.307678e+01 1.506802e+02
    endloop
  endfacet
  facet normal -1.898389e-07 4.472136e-01 -8.944272e-01
    outer loop
      vertex 8.570521e+02 -8.541943e+01 1.479472e+02
      vertex 8.575630e+02 -8.385770e+01 1.487281e+02
      vertex 1.072728e+03 -8.541940e+01 1.479472e+02
    endloop
  endfacet
  facet normal -1.900653e-07 4.472136e-01 -8.944272e-01
    outer loop
      vertex 1.072728e+03 -8.541940e+01 1.479472e+02
      vertex 8.575630e+02 -8.385770e+01 1.487281e+02
      vertex 1.072728e+03 -8.385767e+01 1.487281e+02
    endloop
  endfacet
  facet normal -1.414976e-07 0.000000e+00 -1.000000e+00
    outer loop
      vertex 8.570521e+02 -8.541943e+01 1.479472e+02
      vertex 1.072728e+03 -8.541940e+01 1.479472e+02
      vertex 8.570521e+02 -1.104068e+02 1.479472e+02
    endloop
  endfacet
  facet normal -1.414976e-07 0.000000e+00 -1.000000e+00
    outer loop
      vertex 8.570521e+02 -1.104068e+02 1.479472e+02
      vertex 1.072728e+03 -8.541940e+01 1.479472e+02
      vertex 1.072728e+03 -1.104067e+02 1.479472e+02
    endloop
  endfacet
  facet normal -7.882457e-08 -3.713994e-01 -9.284732e-01
    outer loop
      vertex 8.570521e+02 -1.104068e+02 1.479472e+02
      vertex 1.072728e+03 -1.104067e+02 1.479472e+02
      vertex 8.575630e+02 -1.123589e+02 1.487281e+02
    endloop
  endfacet
  facet normal -7.901175e-08 -3.713994e-01 -9.284732e-01
    outer loop
      vertex 8.575630e+02 -1.123589e+02 1.487281e+02
      vertex 1.072728e+03 -1.104067e+02 1.479472e+02
      vertex 1.072728e+03 -1.123589e+02 1.487281e+02
    endloop
  endfacet
  facet normal 1.119089e-07 -9.805681e-01 -1.961793e-01
    outer loop
      vertex 1.072743e+03 -1.127494e+02 1.506802e+02
      vertex 8.588403e+02 -1.127494e+02 1.506802e+02
      vertex 1.072728e+03 -1.125852e+02 1.498598e+02
    endloop
  endfacet
  facet normal 2.044903e-07 -9.805727e-01 -1.961561e-01
    outer loop
      vertex 1.072728e+03 -1.125852e+02 1.498598e+02
      vertex 8.588403e+02 -1.127494e+02 1.506802e+02
      vertex 8.575630e+02 -1.123589e+02 1.487281e+02
    endloop
  endfacet
  facet normal 1.112464e-07 -9.805761e-01 -1.961390e-01
    outer loop
      vertex 1.072728e+03 -1.125852e+02 1.498598e+02
      vertex 8.575630e+02 -1.123589e+02 1.487281e+02
      vertex 1.072728e+03 -1.123589e+02 1.487281e+02
    endloop
  endfacet
  facet normal 6.087538e-09 -7.282042e-01 -6.853603e-01
    outer loop
      vertex 8.580850e+02 -1.189962e+02 1.573176e+02
      vertex 8.594335e+02 -1.136028e+02 1.515870e+02
      vertex 1.072867e+03 -1.189962e+02 1.573175e+02
    endloop
  endfacet
  facet normal -2.158077e-08 -7.282047e-01 -6.853597e-01
    outer loop
      vertex 1.072867e+03 -1.189962e+02 1.573175e+02
      vertex 8.594335e+02 -1.136028e+02 1.515870e+02
      vertex 1.072743e+03 -1.127494e+02 1.506802e+02
    endloop
  endfacet
  facet normal 6.113650e-09 -7.282079e-01 -6.853563e-01
    outer loop
      vertex 1.072743e+03 -1.127494e+02 1.506802e+02
      vertex 8.594335e+02 -1.136028e+02 1.515870e+02
      vertex 8.588403e+02 -1.127494e+02 1.506802e+02
    endloop
  endfacet
  facet normal 1.314003e-07 -1.000000e+00 3.746848e-07
    outer loop
      vertex 8.406912e+02 -1.189962e+02 1.612218e+02
      vertex 8.463026e+02 -1.189962e+02 1.592539e+02
      vertex 1.072940e+03 -1.189962e+02 1.612217e+02
    endloop
  endfacet
  facet normal 1.346755e-07 -1.000000e+00 -2.518057e-09
    outer loop
      vertex 1.072940e+03 -1.189962e+02 1.612217e+02
      vertex 8.463026e+02 -1.189962e+02 1.592539e+02
      vertex 1.072867e+03 -1.189962e+02 1.573175e+02
    endloop
  endfacet
  facet normal 1.402881e-07 -1.000000e+00 6.541914e-07
    outer loop
      vertex 1.072867e+03 -1.189962e+02 1.573175e+02
      vertex 8.463026e+02 -1.189962e+02 1.592539e+02
      vertex 8.521169e+02 -1.189962e+02 1.580070e+02
    endloop
  endfacet
  facet normal 1.434932e-07 -1.000000e+00 1.680341e-06
    outer loop
      vertex 1.072867e+03 -1.189962e+02 1.573175e+02
      vertex 8.521169e+02 -1.189962e+02 1.580070e+02
      vertex 8.580419e+02 -1.189962e+02 1.575011e+02
    endloop
  endfacet
  facet normal 1.420862e-07 -1.000000e+00 3.341258e-08
    outer loop
      vertex 8.580419e+02 -1.189962e+02 1.575011e+02
      vertex 8.580850e+02 -1.189962e+02 1.573176e+02
      vertex 1.072867e+03 -1.189962e+02 1.573175e+02
    endloop
  endfacet
  facet normal 1.314002e-07 0.000000e+00 1.000000e+00
    outer loop
      vertex 8.406912e+02 -1.189962e+02 1.612218e+02
      vertex 1.072940e+03 -1.189962e+02 1.612217e+02
      vertex 8.406912e+02 -1.186057e+02 1.612218e+02
    endloop
  endfacet
  facet normal 1.314002e-07 0.000000e+00 1.000000e+00
    outer loop
      vertex 8.406912e+02 -1.186057e+02 1.612218e+02
      vertex 1.072940e+03 -1.189962e+02 1.612217e+02
      vertex 1.072940e+03 -1.186057e+02 1.612217e+02
    endloop
  endfacet
  facet normal 1.089747e-07 -1.000000e+00 7.823354e-08
    outer loop
      vertex 8.179603e+02 -1.186057e+02 1.815240e+02
      vertex 8.239809e+02 -1.186057e+02 1.731376e+02
      vertex 1.378046e+03 -1.186057e+02 1.815240e+02
    endloop
  endfacet
  facet normal 1.103954e-07 -1.000000e+00 -1.562927e-08
    outer loop
      vertex 1.378046e+03 -1.186057e+02 1.815240e+02
      vertex 8.239809e+02 -1.186057e+02 1.731376e+02
      vertex 1.376853e+03 -1.186057e+02 1.730974e+02
    endloop
  endfacet
  facet normal 1.103575e-07 -1.000000e+00 -5.372318e-07
    outer loop
      vertex 1.376853e+03 -1.186057e+02 1.730974e+02
      vertex 8.239809e+02 -1.186057e+02 1.731376e+02
      vertex 1.073057e+03 -1.186057e+02 1.674974e+02
    endloop
  endfacet
  facet normal 0.000000e+00 -1.000000e+00 5.449532e-06
    outer loop
      vertex 1.376853e+03 -1.186057e+02 1.730974e+02
      vertex 1.073057e+03 -1.186057e+02 1.674974e+02
      vertex 1.198089e+03 -1.186057e+02 1.674974e+02
    endloop
  endfacet
  facet normal 1.257101e-07 -1.000000e+00 1.407481e-07
    outer loop
      vertex 8.239809e+02 -1.186057e+02 1.731376e+02
      vertex 8.316806e+02 -1.186057e+02 1.662606e+02
      vertex 1.073057e+03 -1.186057e+02 1.674974e+02
    endloop
  endfacet
  facet normal 1.264434e-07 -1.000000e+00 -2.361135e-09
    outer loop
      vertex 1.073057e+03 -1.186057e+02 1.674974e+02
      vertex 8.316806e+02 -1.186057e+02 1.662606e+02
      vertex 1.072940e+03 -1.186057e+02 1.612217e+02
    endloop
  endfacet
  facet normal 1.314003e-07 -1.000000e+00 2.349744e-07
    outer loop
      vertex 1.072940e+03 -1.186057e+02 1.612217e+02
      vertex 8.316806e+02 -1.186057e+02 1.662606e+02
      vertex 8.406912e+02 -1.186057e+02 1.612218e+02
    endloop
  endfacet
  facet normal 1.428681e-07 -1.000000e+00 2.670619e-09
    outer loop
      vertex 1.198207e+03 -1.186057e+02 1.612217e+02
      vertex 1.411750e+03 -1.186057e+02 1.646188e+02
      vertex 1.198089e+03 -1.186057e+02 1.674974e+02
    endloop
  endfacet
  facet normal 1.483902e-07 -1.000000e+00 4.125478e-07
    outer loop
      vertex 1.198089e+03 -1.186057e+02 1.674974e+02
      vertex 1.411750e+03 -1.186057e+02 1.646188e+02
      vertex 1.406366e+03 -1.186057e+02 1.665553e+02
    endloop
  endfacet
  facet normal 1.465241e-07 -1.000000e+00 0.000000e+00
    outer loop
      vertex 1.198089e+03 -1.186057e+02 1.674974e+02
      vertex 1.406366e+03 -1.186057e+02 1.665553e+02
      vertex 1.406366e+03 -1.186057e+02 1.680974e+02
    endloop
  endfacet
  facet normal 1.429106e-07 -1.000000e+00 0.000000e+00
    outer loop
      vertex 1.198207e+03 -1.186057e+02 1.612217e+02
      vertex 1.411750e+03 -1.186057e+02 1.612217e+02
      vertex 1.411750e+03 -1.186057e+02 1.646188e+02
    endloop
  endfacet
  facet normal 1.464111e-07 -1.000000e+00 3.922645e-08
    outer loop
      vertex 1.406366e+03 -1.186057e+02 1.680974e+02
      vertex 1.405697e+03 -1.186057e+02 1.705974e+02
      vertex 1.198089e+03 -1.186057e+02 1.674974e+02
    endloop
  endfacet
  facet normal 1.253941e-07 -1.000000e+00 1.446726e-06
    outer loop
      vertex 1.198089e+03 -1.186057e+02 1.674974e+02
      vertex 1.405697e+03 -1.186057e+02 1.705974e+02
      vertex 1.376853e+03 -1.186057e+02 1.730974e+02
    endloop
  endfacet
  facet normal 0.000000e+00 -1.000000e+00 0.000000e+00
    outer loop
      vertex 1.405697e+03 -1.186057e+02 1.705974e+02
      vertex 1.403866e+03 -1.186057e+02 1.724275e+02
      vertex 1.376853e+03 -1.186057e+02 1.730974e+02
    endloop
  endfacet
  facet normal 0.000000e+00 -1.000000e+00 0.000000e+00
    outer loop
      vertex 1.376853e+03 -1.186057e+02 1.730974e+02
      vertex 1.403866e+03 -1.186057e+02 1.724275e+02
      vertex 1.401366e+03 -1.186057e+02 1.730974e+02
    endloop
  endfacet
  facet normal -8.173103e-08 0.000000e+00 -1.000000e+00
    outer loop
      vertex 8.179603e+02 -1.186057e+02 1.815240e+02
      vertex 1.378046e+03 -1.186057e+02 1.815240e+02
      vertex 8.179603e+02 -1.197771e+02 1.815240e+02
    endloop
  endfacet
  facet normal -8.173103e-08 0.000000e+00 -1.000000e+00
    outer loop
      vertex 8.179603e+02 -1.197771e+02 1.815240e+02
      vertex 1.378046e+03 -1.186057e+02 1.815240e+02
      vertex 1.378046e+03 -1.197770e+02 1.815240e+02
    endloop
  endfacet
  facet normal 1.089188e-07 -1.000000e+00 1.256493e-07
    outer loop
      vertex 8.177281e+02 -1.197771e+02 1.819144e+02
      vertex 8.177562e+02 -1.197771e+02 1.818900e+02
      vertex 1.378101e+03 -1.197770e+02 1.819143e+02
    endloop
  endfacet
  facet normal 1.089217e-07 -1.000000e+00 6.032919e-08
    outer loop
      vertex 1.378101e+03 -1.197770e+02 1.819143e+02
      vertex 8.177562e+02 -1.197771e+02 1.818900e+02
      vertex 8.178239e+02 -1.197771e+02 1.817678e+02
    endloop
  endfacet
  facet normal 1.089415e-07 -1.000000e+00 -1.543227e-08
    outer loop
      vertex 1.378101e+03 -1.197770e+02 1.819143e+02
      vertex 8.178239e+02 -1.197771e+02 1.817678e+02
      vertex 1.378046e+03 -1.197770e+02 1.815240e+02
    endloop
  endfacet
  facet normal 1.089746e-07 -1.000000e+00 6.078375e-08
    outer loop
      vertex 1.378046e+03 -1.197770e+02 1.815240e+02
      vertex 8.178239e+02 -1.197771e+02 1.817678e+02
      vertex 8.178919e+02 -1.197771e+02 1.816458e+02
    endloop
  endfacet
  facet normal 1.089747e-07 -1.000000e+00 6.115580e-08
    outer loop
      vertex 1.378046e+03 -1.197770e+02 1.815240e+02
      vertex 8.178919e+02 -1.197771e+02 1.816458e+02
      vertex 8.179603e+02 -1.197771e+02 1.815240e+02
    endloop
  endfacet
  facet normal -8.168910e-08 -0.000000e+00 -1.000000e+00
    outer loop
      vertex 1.378101e+03 -1.205579e+02 1.819143e+02
      vertex 8.177281e+02 -1.205580e+02 1.819144e+02
      vertex 1.378101e+03 -1.197770e+02 1.819143e+02
    endloop
  endfacet
  facet normal -8.168911e-08 0.000000e+00 -1.000000e+00
    outer loop
      vertex 1.378101e+03 -1.197770e+02 1.819143e+02
      vertex 8.177281e+02 -1.205580e+02 1.819144e+02
      vertex 8.177281e+02 -1.197771e+02 1.819144e+02
    endloop
  endfacet
  facet normal 1.087226e-07 -1.000000e+00 1.254320e-07
    outer loop
      vertex 8.168272e+02 -1.205580e+02 1.826952e+02
      vertex 8.177281e+02 -1.205580e+02 1.819144e+02
      vertex 1.378212e+03 -1.205579e+02 1.826952e+02
    endloop
  endfacet
  facet normal 1.089188e-07 -1.000000e+00 -1.542635e-08
    outer loop
      vertex 1.378212e+03 -1.205579e+02 1.826952e+02
      vertex 8.177281e+02 -1.205580e+02 1.819144e+02
      vertex 1.378101e+03 -1.205579e+02 1.819143e+02
    endloop
  endfacet
  facet normal 8.154192e-08 -0.000000e+00 1.000000e+00
    outer loop
      vertex 1.378212e+03 -1.201674e+02 1.826952e+02
      vertex 8.168272e+02 -1.201674e+02 1.826952e+02
      vertex 1.378212e+03 -1.205579e+02 1.826952e+02
    endloop
  endfacet
  facet normal 8.154191e-08 0.000000e+00 1.000000e+00
    outer loop
      vertex 1.378212e+03 -1.205579e+02 1.826952e+02
      vertex 8.168272e+02 -1.201674e+02 1.826952e+02
      vertex 8.168272e+02 -1.205580e+02 1.826952e+02
    endloop
  endfacet
  facet normal 1.086247e-07 -1.000000e+00 1.253261e-07
    outer loop
      vertex 8.163766e+02 -1.201674e+02 1.830858e+02
      vertex 8.168272e+02 -1.201674e+02 1.826952e+02
      vertex 1.378267e+03 -1.201674e+02 1.830857e+02
    endloop
  endfacet
  facet normal 1.087226e-07 -1.000000e+00 -1.536126e-08
    outer loop
      vertex 1.378267e+03 -1.201674e+02 1.830857e+02
      vertex 8.168272e+02 -1.201674e+02 1.826952e+02
      vertex 1.378212e+03 -1.201674e+02 1.826952e+02
    endloop
  endfacet
  facet normal -8.146853e-08 -0.000000e+00 -1.000000e+00
    outer loop
      vertex 1.378267e+03 -1.205579e+02 1.830857e+02
      vertex 8.163766e+02 -1.205580e+02 1.830858e+02
      vertex 1.378267e+03 -1.201674e+02 1.830857e+02
    endloop
  endfacet
  facet normal -8.146853e-08 0.000000e+00 -1.000000e+00
    outer loop
      vertex 1.378267e+03 -1.201674e+02 1.830857e+02
      vertex 8.163766e+02 -1.205580e+02 1.830858e+02
      vertex 8.163766e+02 -1.201674e+02 1.830858e+02
    endloop
  endfacet
  facet normal 1.918243e-08 -7.070930e-01 -7.071205e-01
    outer loop
      vertex 8.159263e+02 -1.209483e+02 1.834761e+02
      vertex 8.163766e+02 -1.205580e+02 1.830858e+02
      vertex 1.378322e+03 -1.209483e+02 1.834761e+02
    endloop
  endfacet
  facet normal 1.921470e-08 -7.070929e-01 -7.071206e-01
    outer loop
      vertex 1.378322e+03 -1.209483e+02 1.834761e+02
      vertex 8.163766e+02 -1.205580e+02 1.830858e+02
      vertex 1.378267e+03 -1.205579e+02 1.830857e+02
    endloop
  endfacet
  facet normal 1.080413e-07 -1.000000e+00 1.246537e-07
    outer loop
      vertex 8.136740e+02 -1.209483e+02 1.854282e+02
      vertex 8.159263e+02 -1.209483e+02 1.834761e+02
      vertex 1.378599e+03 -1.209483e+02 1.854282e+02
    endloop
  endfacet
  facet normal 1.085270e-07 -1.000000e+00 -1.536462e-08
    outer loop
      vertex 1.378599e+03 -1.209483e+02 1.854282e+02
      vertex 8.159263e+02 -1.209483e+02 1.834761e+02
      vertex 1.378322e+03 -1.209483e+02 1.834761e+02
    endloop
  endfacet
  facet normal -8.103095e-08 -0.000000e+00 -1.000000e+00
    outer loop
      vertex 1.378599e+03 -1.213386e+02 1.854282e+02
      vertex 8.136740e+02 -1.213387e+02 1.854282e+02
      vertex 1.378599e+03 -1.209483e+02 1.854282e+02
    endloop
  endfacet
  facet normal -8.103095e-08 0.000000e+00 -1.000000e+00
    outer loop
      vertex 1.378599e+03 -1.209483e+02 1.854282e+02
      vertex 8.136740e+02 -1.213387e+02 1.854282e+02
      vertex 8.136740e+02 -1.209483e+02 1.854282e+02
    endloop
  endfacet
  facet normal -1.100482e-07 1.000000e+00 -8.427754e-08
    outer loop
      vertex 8.224840e+02 -1.213387e+02 1.748868e+02
      vertex 8.207695e+02 -1.213387e+02 1.771256e+02
      vertex 1.377106e+03 -1.213386e+02 1.748868e+02
    endloop
  endfacet
  facet normal -1.100079e-07 1.000000e+00 -7.426603e-08
    outer loop
      vertex 1.377106e+03 -1.213386e+02 1.748868e+02
      vertex 8.207695e+02 -1.213387e+02 1.771256e+02
      vertex 8.191917e+02 -1.213387e+02 1.794628e+02
    endloop
  endfacet
  facet normal -1.092719e-07 1.000000e+00 1.546922e-08
    outer loop
      vertex 1.377106e+03 -1.213386e+02 1.748868e+02
      vertex 8.191917e+02 -1.213387e+02 1.794628e+02
      vertex 1.378599e+03 -1.213386e+02 1.854282e+02
    endloop
  endfacet
  facet normal -1.084231e-07 1.000000e+00 -6.412240e-08
    outer loop
      vertex 1.378599e+03 -1.213386e+02 1.854282e+02
      vertex 8.191917e+02 -1.213387e+02 1.794628e+02
      vertex 8.177562e+02 -1.213387e+02 1.818900e+02
    endloop
  endfacet
  facet normal -1.080413e-07 1.000000e+00 -1.246515e-07
    outer loop
      vertex 1.378599e+03 -1.213386e+02 1.854282e+02
      vertex 8.177562e+02 -1.213387e+02 1.818900e+02
      vertex 8.136740e+02 -1.213387e+02 1.854282e+02
    endloop
  endfacet
  facet normal -8.253613e-08 0.000000e+00 -1.000000e+00
    outer loop
      vertex 8.224840e+02 -1.213387e+02 1.748868e+02
      vertex 1.377106e+03 -1.213386e+02 1.748868e+02
      vertex 8.224840e+02 -1.264143e+02 1.748868e+02
    endloop
  endfacet
  facet normal -8.253613e-08 0.000000e+00 -1.000000e+00
    outer loop
      vertex 8.224840e+02 -1.264143e+02 1.748868e+02
      vertex 1.377106e+03 -1.213386e+02 1.748868e+02
      vertex 1.377106e+03 -1.264142e+02 1.748868e+02
    endloop
  endfacet
  facet normal 9.861372e-08 -1.000000e+00 -3.003468e-07
    outer loop
      vertex 1.399076e+03 -1.264142e+02 2.205667e+02
      vertex 7.801444e+02 -1.264143e+02 2.205667e+02
      vertex 1.382818e+03 -1.264142e+02 2.152285e+02
    endloop
  endfacet
  facet normal 1.011790e-07 -1.000000e+00 -1.073389e-08
    outer loop
      vertex 1.382818e+03 -1.264142e+02 2.152285e+02
      vertex 7.801444e+02 -1.264143e+02 2.205667e+02
      vertex 7.791819e+02 -1.264143e+02 2.114939e+02
    endloop
  endfacet
  facet normal 1.008498e-07 -1.000000e+00 4.246874e-08
    outer loop
      vertex 1.382818e+03 -1.264142e+02 2.152285e+02
      vertex 7.791819e+02 -1.264143e+02 2.114939e+02
      vertex 7.827228e+02 -1.264143e+02 2.030852e+02
    endloop
  endfacet
  facet normal 9.700950e-08 -1.000000e+00 2.322480e-07
    outer loop
      vertex 1.382818e+03 -1.264142e+02 2.152285e+02
      vertex 7.827228e+02 -1.264143e+02 2.030852e+02
      vertex 8.031435e+02 -1.264143e+02 1.945556e+02
    endloop
  endfacet
  facet normal 0.000000e+00 -1.000000e+00 0.000000e+00
    outer loop
      vertex 8.031435e+02 -1.264143e+02 1.945556e+02
      vertex 7.827228e+02 -1.264143e+02 2.030852e+02
      vertex 7.898859e+02 -1.264143e+02 1.974341e+02
    endloop
  endfacet
  facet normal 0.000000e+00 -1.000000e+00 0.000000e+00
    outer loop
      vertex 8.031435e+02 -1.264143e+02 1.945556e+02
      vertex 7.898859e+02 -1.264143e+02 1.974341e+02
      vertex 7.937538e+02 -1.264143e+02 1.945912e+02
    endloop
  endfacet
  facet normal 0.000000e+00 -1.000000e+00 0.000000e+00
    outer loop
      vertex 7.937538e+02 -1.264143e+02 1.945912e+02
      vertex 7.984448e+02 -1.264143e+02 1.935727e+02
      vertex 8.031435e+02 -1.264143e+02 1.945556e+02
    endloop
  endfacet
  facet normal 1.058265e-07 -1.000000e+00 -1.498249e-08
    outer loop
      vertex 1.382818e+03 -1.264142e+02 2.152285e+02
      vertex 8.031435e+02 -1.264143e+02 1.945556e+02
      vertex 1.377106e+03 -1.264142e+02 1.748868e+02
    endloop
  endfacet
  facet normal 1.107173e-07 -1.000000e+00 1.277385e-07
    outer loop
      vertex 1.377106e+03 -1.264142e+02 1.748868e+02
      vertex 8.031435e+02 -1.264143e+02 1.945556e+02
      vertex 8.177562e+02 -1.264143e+02 1.818900e+02
    endloop
  endfacet
  facet normal 1.099320e-07 -1.000000e+00 6.501476e-08
    outer loop
      vertex 1.377106e+03 -1.264142e+02 1.748868e+02
      vertex 8.177562e+02 -1.264143e+02 1.818900e+02
      vertex 8.191917e+02 -1.264143e+02 1.794628e+02
    endloop
  endfacet
  facet normal 1.100079e-07 -1.000000e+00 7.426604e-08
    outer loop
      vertex 8.191917e+02 -1.264143e+02 1.794628e+02
      vertex 8.207695e+02 -1.264143e+02 1.771256e+02
      vertex 1.377106e+03 -1.264142e+02 1.748868e+02
    endloop
  endfacet
  facet normal 1.100482e-07 -1.000000e+00 8.427754e-08
    outer loop
      vertex 1.377106e+03 -1.264142e+02 1.748868e+02
      vertex 8.207695e+02 -1.264143e+02 1.771256e+02
      vertex 8.224840e+02 -1.264143e+02 1.748868e+02
    endloop
  endfacet
  facet normal -1.029777e-07 4.342868e-02 -9.990565e-01
    outer loop
      vertex 7.800035e+02 -1.353941e+02 2.201764e+02
      vertex 7.801444e+02 -1.264143e+02 2.205667e+02
      vertex 1.397887e+03 -1.353940e+02 2.201763e+02
    endloop
  endfacet
  facet normal -1.028134e-07 4.342869e-02 -9.990565e-01
    outer loop
      vertex 1.397887e+03 -1.353940e+02 2.201763e+02
      vertex 7.801444e+02 -1.264143e+02 2.205667e+02
      vertex 1.399076e+03 -1.264142e+02 2.205667e+02
    endloop
  endfacet
  facet normal -9.878102e-08 0.000000e+00 -1.000000e+00
    outer loop
      vertex 7.800035e+02 -1.353941e+02 2.201764e+02
      vertex 1.397887e+03 -1.353940e+02 2.201763e+02
      vertex 7.800035e+02 -1.357846e+02 2.201764e+02
    endloop
  endfacet
  facet normal -9.878102e-08 0.000000e+00 -1.000000e+00
    outer loop
      vertex 7.800035e+02 -1.357846e+02 2.201764e+02
      vertex 1.397887e+03 -1.353940e+02 2.201763e+02
      vertex 1.397887e+03 -1.357845e+02 2.201763e+02
    endloop
  endfacet
  facet normal 0.000000e+00 -7.071068e-01 -7.071068e-01
    outer loop
      vertex 7.800035e+02 -1.357846e+02 2.201764e+02
      vertex 1.397887e+03 -1.357845e+02 2.201763e+02
      vertex 7.801444e+02 -1.361750e+02 2.205667e+02
    endloop
  endfacet
  facet normal 0.000000e+00 -7.071068e-01 -7.071068e-01
    outer loop
      vertex 7.801444e+02 -1.361750e+02 2.205667e+02
      vertex 1.397887e+03 -1.357845e+02 2.201763e+02
      vertex 1.399076e+03 -1.361749e+02 2.205667e+02
    endloop
  endfacet
  facet normal 7.506202e-08 -9.987516e-01 -4.995102e-02
    outer loop
      vertex 2.328763e+03 -1.365654e+02 2.283751e+02
      vertex 7.857668e+02 -1.365655e+02 2.283752e+02
      vertex 2.331091e+03 -1.364526e+02 2.261205e+02
    endloop
  endfacet
  facet normal 7.483614e-08 -9.987516e-01 -4.995118e-02
    outer loop
      vertex 2.331091e+03 -1.364526e+02 2.261205e+02
      vertex 7.857668e+02 -1.365655e+02 2.283752e+02
      vertex 7.834382e+02 -1.364527e+02 2.261206e+02
    endloop
  endfacet
  facet normal 7.483573e-08 -9.987514e-01 -4.995611e-02
    outer loop
      vertex 2.331091e+03 -1.364526e+02 2.261205e+02
      vertex 7.834382e+02 -1.364527e+02 2.261206e+02
      vertex 1.402068e+03 -1.362240e+02 2.215492e+02
    endloop
  endfacet
  facet normal 9.575979e-08 -9.987516e-01 -4.995328e-02
    outer loop
      vertex 1.402068e+03 -1.362240e+02 2.215492e+02
      vertex 7.834382e+02 -1.364527e+02 2.261206e+02
      vertex 7.815443e+02 -1.363212e+02 2.234902e+02
    endloop
  endfacet
  facet normal 1.039818e-07 -9.987517e-01 -4.995067e-02
    outer loop
      vertex 1.402068e+03 -1.362240e+02 2.215492e+02
      vertex 7.815443e+02 -1.363212e+02 2.234902e+02
      vertex 7.801444e+02 -1.361750e+02 2.205667e+02
    endloop
  endfacet
  facet normal 9.356550e-08 -9.987520e-01 -4.994409e-02
    outer loop
      vertex 7.801444e+02 -1.361750e+02 2.205667e+02
      vertex 1.399076e+03 -1.361749e+02 2.205667e+02
      vertex 1.402068e+03 -1.362240e+02 2.215492e+02
    endloop
  endfacet
  facet normal 9.419217e-08 -9.987521e-01 -4.994366e-02
    outer loop
      vertex 1.403561e+03 -1.361749e+02 2.205667e+02
      vertex 1.710968e+03 -1.361749e+02 2.205667e+02
      vertex 1.402068e+03 -1.362240e+02 2.215492e+02
    endloop
  endfacet
  facet normal 9.328606e-08 -9.987520e-01 -4.994395e-02
    outer loop
      vertex 1.402068e+03 -1.362240e+02 2.215492e+02
      vertex 1.710968e+03 -1.361749e+02 2.205667e+02
      vertex 1.712461e+03 -1.362240e+02 2.215492e+02
    endloop
  endfacet
  facet normal 9.328443e-08 -9.987512e-01 -4.995986e-02
    outer loop
      vertex 1.402068e+03 -1.362240e+02 2.215492e+02
      vertex 1.712461e+03 -1.362240e+02 2.215492e+02
      vertex 2.331091e+03 -1.364526e+02 2.261205e+02
    endloop
  endfacet
  facet normal 4.392250e-08 -9.987516e-01 -4.995319e-02
    outer loop
      vertex 2.331091e+03 -1.364526e+02 2.261205e+02
      vertex 1.712461e+03 -1.362240e+02 2.215492e+02
      vertex 2.332985e+03 -1.363210e+02 2.234901e+02
    endloop
  endfacet
  facet normal 3.579790e-08 -9.987517e-01 -4.995060e-02
    outer loop
      vertex 2.332985e+03 -1.363210e+02 2.234901e+02
      vertex 1.712461e+03 -1.362240e+02 2.215492e+02
      vertex 2.334385e+03 -1.361748e+02 2.205666e+02
    endloop
  endfacet
  facet normal 4.678278e-08 -9.987521e-01 -4.994366e-02
    outer loop
      vertex 2.334385e+03 -1.361748e+02 2.205666e+02
      vertex 1.712461e+03 -1.362240e+02 2.215492e+02
      vertex 1.715454e+03 -1.361749e+02 2.205667e+02
    endloop
  endfacet
  facet normal -7.911253e-08 0.000000e+00 -1.000000e+00
    outer loop
      vertex 7.857668e+02 -1.365655e+02 2.283752e+02
      vertex 2.328763e+03 -1.365654e+02 2.283751e+02
      vertex 7.857668e+02 -1.369559e+02 2.283752e+02
    endloop
  endfacet
  facet normal -7.911253e-08 0.000000e+00 -1.000000e+00
    outer loop
      vertex 7.857668e+02 -1.369559e+02 2.283752e+02
      vertex 2.328763e+03 -1.365654e+02 2.283751e+02
      vertex 2.328763e+03 -1.369558e+02 2.283751e+02
    endloop
  endfacet
  facet normal 7.916383e-08 -1.000000e+00 1.036929e-07
    outer loop
      vertex 2.328263e+03 -1.369558e+02 2.287655e+02
      vertex 7.862667e+02 -1.369559e+02 2.287657e+02
      vertex 2.328431e+03 -1.369558e+02 2.286373e+02
    endloop
  endfacet
  facet normal 7.914656e-08 -1.000000e+00 -1.036703e-07
    outer loop
      vertex 2.328431e+03 -1.369558e+02 2.286373e+02
      vertex 7.862667e+02 -1.369559e+02 2.287657e+02
      vertex 7.860986e+02 -1.369559e+02 2.286374e+02
    endloop
  endfacet
  facet normal 7.914657e-08 -1.000000e+00 1.014205e-07
    outer loop
      vertex 2.328431e+03 -1.369558e+02 2.286373e+02
      vertex 7.860986e+02 -1.369559e+02 2.286374e+02
      vertex 2.328598e+03 -1.369558e+02 2.285072e+02
    endloop
  endfacet
  facet normal 7.912946e-08 -1.000000e+00 -1.013985e-07
    outer loop
      vertex 2.328598e+03 -1.369558e+02 2.285072e+02
      vertex 7.860986e+02 -1.369559e+02 2.286374e+02
      vertex 7.859319e+02 -1.369559e+02 2.285073e+02
    endloop
  endfacet
  facet normal 7.912946e-08 -1.000000e+00 9.887527e-08
    outer loop
      vertex 2.328598e+03 -1.369558e+02 2.285072e+02
      vertex 7.859319e+02 -1.369559e+02 2.285073e+02
      vertex 2.328763e+03 -1.369558e+02 2.283751e+02
    endloop
  endfacet
  facet normal 7.911253e-08 -1.000000e+00 -9.885410e-08
    outer loop
      vertex 2.328763e+03 -1.369558e+02 2.283751e+02
      vertex 7.859319e+02 -1.369559e+02 2.285073e+02
      vertex 7.857668e+02 -1.369559e+02 2.283752e+02
    endloop
  endfacet
  facet normal -7.916381e-08 0.000000e+00 -1.000000e+00
    outer loop
      vertex 7.862667e+02 -1.369559e+02 2.287657e+02
      vertex 2.328263e+03 -1.369558e+02 2.287655e+02
      vertex 7.862667e+02 -1.373463e+02 2.287657e+02
    endloop
  endfacet
  facet normal -7.916381e-08 0.000000e+00 -1.000000e+00
    outer loop
      vertex 7.862667e+02 -1.373463e+02 2.287657e+02
      vertex 2.328263e+03 -1.369558e+02 2.287655e+02
      vertex 2.328263e+03 -1.373462e+02 2.287655e+02
    endloop
  endfacet
  facet normal 7.921911e-08 -1.000000e+00 1.119988e-07
    outer loop
      vertex 2.327725e+03 -1.373462e+02 2.291559e+02
      vertex 7.868047e+02 -1.373463e+02 2.291561e+02
      vertex 2.327906e+03 -1.373462e+02 2.290280e+02
    endloop
  endfacet
  facet normal 7.920050e-08 -1.000000e+00 -1.119725e-07
    outer loop
      vertex 2.327906e+03 -1.373462e+02 2.290280e+02
      vertex 7.868047e+02 -1.373463e+02 2.291561e+02
      vertex 7.866238e+02 -1.373463e+02 2.290281e+02
    endloop
  endfacet
  facet normal 7.920051e-08 -1.000000e+00 1.090423e-07
    outer loop
      vertex 2.327906e+03 -1.373462e+02 2.290280e+02
      vertex 7.866238e+02 -1.373463e+02 2.290281e+02
      vertex 2.328085e+03 -1.373462e+02 2.288978e+02
    endloop
  endfacet
  facet normal 7.918208e-08 -1.000000e+00 -1.090912e-07
    outer loop
      vertex 2.328085e+03 -1.373462e+02 2.288978e+02
      vertex 7.866238e+02 -1.373463e+02 2.290281e+02
      vertex 7.864445e+02 -1.373463e+02 2.288979e+02
    endloop
  endfacet
  facet normal 7.918209e-08 -1.000000e+00 1.065259e-07
    outer loop
      vertex 2.328085e+03 -1.373462e+02 2.288978e+02
      vertex 7.864445e+02 -1.373463e+02 2.288979e+02
      vertex 2.328263e+03 -1.373462e+02 2.287655e+02
    endloop
  endfacet
  facet normal 7.916381e-08 -1.000000e+00 -1.064283e-07
    outer loop
      vertex 2.328263e+03 -1.373462e+02 2.287655e+02
      vertex 7.864445e+02 -1.373463e+02 2.288979e+02
      vertex 7.862667e+02 -1.373463e+02 2.287657e+02
    endloop
  endfacet
  facet normal -1.424017e-06 -9.987518e-01 -4.994789e-02
    outer loop
      vertex 7.760422e+02 -1.363582e+02 2.242306e+02
      vertex 7.770710e+02 -1.365584e+02 2.282330e+02
      vertex 7.760422e+02 -1.365655e+02 2.283752e+02
    endloop
  endfacet
  facet normal 3.814455e-05 -9.987661e-01 -4.966235e-02
    outer loop
      vertex 7.760422e+02 -1.365655e+02 2.283752e+02
      vertex 7.770710e+02 -1.365584e+02 2.282330e+02
      vertex 7.770842e+02 -1.365608e+02 2.282809e+02
    endloop
  endfacet
  facet normal -4.174424e-06 -9.987428e-01 -5.012865e-02
    outer loop
      vertex 7.760422e+02 -1.365655e+02 2.283752e+02
      vertex 7.770842e+02 -1.365608e+02 2.282809e+02
      vertex 7.770989e+02 -1.365631e+02 2.283283e+02
    endloop
  endfacet
  facet normal 0.000000e+00 -9.987475e-01 -5.003484e-02
    outer loop
      vertex 7.770989e+02 -1.365631e+02 2.283283e+02
      vertex 7.771152e+02 -1.365655e+02 2.283752e+02
      vertex 7.760422e+02 -1.365655e+02 2.283752e+02
    endloop
  endfacet
  facet normal 0.000000e+00 0.000000e+00 -1.000000e+00
    outer loop
      vertex 7.760422e+02 -1.365655e+02 2.283752e+02
      vertex 7.771152e+02 -1.365655e+02 2.283752e+02
      vertex 7.760422e+02 -1.369559e+02 2.283752e+02
    endloop
  endfacet
  facet normal -0.000000e+00 0.000000e+00 -1.000000e+00
    outer loop
      vertex 7.760422e+02 -1.369559e+02 2.283752e+02
      vertex 7.771152e+02 -1.365655e+02 2.283752e+02
      vertex 7.771152e+02 -1.369559e+02 2.283752e+02
    endloop
  endfacet
  facet normal 0.000000e+00 -1.000000e+00 -0.000000e+00
    outer loop
      vertex 7.760422e+02 -1.369559e+02 2.283752e+02
      vertex 7.771733e+02 -1.369559e+02 2.285122e+02
      vertex 7.760422e+02 -1.369559e+02 2.287657e+02
    endloop
  endfacet
  facet normal 0.000000e+00 -1.000000e+00 0.000000e+00
    outer loop
      vertex 7.760422e+02 -1.369559e+02 2.287657e+02
      vertex 7.771733e+02 -1.369559e+02 2.285122e+02
      vertex 7.772446e+02 -1.369559e+02 2.286428e+02
    endloop
  endfacet
  facet normal 0.000000e+00 -1.000000e+00 0.000000e+00
    outer loop
      vertex 7.760422e+02 -1.369559e+02 2.287657e+02
      vertex 7.772446e+02 -1.369559e+02 2.286428e+02
      vertex 7.773284e+02 -1.369559e+02 2.287657e+02
    endloop
  endfacet
  facet normal -0.000000e+00 -1.000000e+00 0.000000e+00
    outer loop
      vertex 7.760422e+02 -1.369559e+02 2.283752e+02
      vertex 7.771152e+02 -1.369559e+02 2.283752e+02
      vertex 7.771733e+02 -1.369559e+02 2.285122e+02
    endloop
  endfacet
  facet normal 0.000000e+00 0.000000e+00 -1.000000e+00
    outer loop
      vertex 7.760422e+02 -1.369559e+02 2.287657e+02
      vertex 7.773284e+02 -1.369559e+02 2.287657e+02
      vertex 7.760422e+02 -1.373463e+02 2.287657e+02
    endloop
  endfacet
  facet normal -0.000000e+00 0.000000e+00 -1.000000e+00
    outer loop
      vertex 7.760422e+02 -1.373463e+02 2.287657e+02
      vertex 7.773284e+02 -1.369559e+02 2.287657e+02
      vertex 7.773284e+02 -1.373463e+02 2.287657e+02
    endloop
  endfacet
  facet normal 0.000000e+00 -1.000000e+00 -0.000000e+00
    outer loop
      vertex 7.760422e+02 -1.373463e+02 2.287657e+02
      vertex 7.774578e+02 -1.373463e+02 2.289148e+02
      vertex 7.760422e+02 -1.373463e+02 2.291561e+02
    endloop
  endfacet
  facet normal 0.000000e+00 -1.000000e+00 0.000000e+00
    outer loop
      vertex 7.760422e+02 -1.373463e+02 2.291561e+02
      vertex 7.774578e+02 -1.373463e+02 2.289148e+02
      vertex 7.776057e+02 -1.373463e+02 2.290457e+02
    endloop
  endfacet
  facet normal 0.000000e+00 -1.000000e+00 0.000000e+00
    outer loop
      vertex 7.760422e+02 -1.373463e+02 2.291561e+02
      vertex 7.776057e+02 -1.373463e+02 2.290457e+02
      vertex 7.777695e+02 -1.373463e+02 2.291561e+02
    endloop
  endfacet
  facet normal -0.000000e+00 -1.000000e+00 0.000000e+00
    outer loop
      vertex 7.760422e+02 -1.373463e+02 2.287657e+02
      vertex 7.773284e+02 -1.373463e+02 2.287657e+02
      vertex 7.774578e+02 -1.373463e+02 2.289148e+02
    endloop
  endfacet
  facet normal 0.000000e+00 -7.071068e-01 -7.071068e-01
    outer loop
      vertex 7.760422e+02 -1.373463e+02 2.291561e+02
      vertex 7.785239e+02 -1.375498e+02 2.293596e+02
      vertex 7.760422e+02 -1.377368e+02 2.295465e+02
    endloop
  endfacet
  facet normal 0.000000e+00 -7.071068e-01 -7.071068e-01
    outer loop
      vertex 7.760422e+02 -1.377368e+02 2.295465e+02
      vertex 7.785239e+02 -1.375498e+02 2.293596e+02
      vertex 7.871025e+02 -1.375498e+02 2.293596e+02
    endloop
  endfacet
  facet normal 0.000000e+00 -7.071068e-01 -7.071068e-01
    outer loop
      vertex 7.760422e+02 -1.377368e+02 2.295465e+02
      vertex 7.871025e+02 -1.375498e+02 2.293596e+02
      vertex 2.327427e+03 -1.375497e+02 2.293594e+02
    endloop
  endfacet
  facet normal 0.000000e+00 -7.071068e-01 -7.071068e-01
    outer loop
      vertex 2.327427e+03 -1.375497e+02 2.293594e+02
      vertex 7.871025e+02 -1.375498e+02 2.293596e+02
      vertex 7.868047e+02 -1.373463e+02 2.291561e+02
    endloop
  endfacet
  facet normal 0.000000e+00 -7.071068e-01 -7.071068e-01
    outer loop
      vertex 2.327427e+03 -1.375497e+02 2.293594e+02
      vertex 7.868047e+02 -1.373463e+02 2.291561e+02
      vertex 2.327725e+03 -1.373462e+02 2.291559e+02
    endloop
  endfacet
  facet normal -0.000000e+00 -7.071068e-01 -7.071068e-01
    outer loop
      vertex 7.760422e+02 -1.373463e+02 2.291561e+02
      vertex 7.777695e+02 -1.373463e+02 2.291561e+02
      vertex 7.785239e+02 -1.375498e+02 2.293596e+02
    endloop
  endfacet
  facet normal 0.000000e+00 -7.071068e-01 -7.071068e-01
    outer loop
      vertex 7.760422e+02 -1.377368e+02 2.295465e+02
      vertex 2.327427e+03 -1.375497e+02 2.293594e+02
      vertex 2.338487e+03 -1.377367e+02 2.295464e+02
    endloop
  endfacet
  facet normal 0.000000e+00 -7.071068e-01 -7.071068e-01
    outer loop
      vertex 2.338487e+03 -1.377367e+02 2.295464e+02
      vertex 2.327427e+03 -1.375497e+02 2.293594e+02
      vertex 2.336006e+03 -1.375497e+02 2.293594e+02
    endloop
  endfacet
  facet normal 0.000000e+00 -7.071068e-01 -7.071068e-01
    outer loop
      vertex 2.338487e+03 -1.377367e+02 2.295464e+02
      vertex 2.336006e+03 -1.375497e+02 2.293594e+02
      vertex 2.338487e+03 -1.373462e+02 2.291559e+02
    endloop
  endfacet
  facet normal 0.000000e+00 -7.071068e-01 -7.071068e-01
    outer loop
      vertex 2.338487e+03 -1.373462e+02 2.291559e+02
      vertex 2.336006e+03 -1.375497e+02 2.293594e+02
      vertex 2.336760e+03 -1.373462e+02 2.291559e+02
    endloop
  endfacet
  facet normal 7.812775e-08 -1.000000e+00 0.000000e+00
    outer loop
      vertex 7.760422e+02 -1.377368e+02 2.295465e+02
      vertex 2.338487e+03 -1.377367e+02 2.295464e+02
      vertex 7.760422e+02 -1.377368e+02 2.303274e+02
    endloop
  endfacet
  facet normal 7.812774e-08 -1.000000e+00 0.000000e+00
    outer loop
      vertex 7.760422e+02 -1.377368e+02 2.303274e+02
      vertex 2.338487e+03 -1.377367e+02 2.295464e+02
      vertex 2.338487e+03 -1.377367e+02 2.303272e+02
    endloop
  endfacet
  facet normal -7.812775e-08 0.000000e+00 -1.000000e+00
    outer loop
      vertex 7.760422e+02 -1.377368e+02 2.303274e+02
      vertex 2.338487e+03 -1.377367e+02 2.303272e+02
      vertex 7.760422e+02 -1.381272e+02 2.303274e+02
    endloop
  endfacet
  facet normal -7.812775e-08 0.000000e+00 -1.000000e+00
    outer loop
      vertex 7.760422e+02 -1.381272e+02 2.303274e+02
      vertex 2.338487e+03 -1.377367e+02 2.303272e+02
      vertex 2.338487e+03 -1.381271e+02 2.303272e+02
    endloop
  endfacet
  facet normal -8.146194e-06 -1.000000e+00 2.773306e-06
    outer loop
      vertex 2.338487e+03 -1.381270e+02 2.523353e+02
      vertex 2.337515e+03 -1.381270e+02 2.494790e+02
      vertex 2.338487e+03 -1.381271e+02 2.303272e+02
    endloop
  endfacet
  facet normal -4.949966e-06 -1.000000e+00 2.935591e-06
    outer loop
      vertex 2.338487e+03 -1.381271e+02 2.303272e+02
      vertex 2.337515e+03 -1.381270e+02 2.494790e+02
      vertex 2.337200e+03 -1.381270e+02 2.489484e+02
    endloop
  endfacet
  facet normal -2.236495e-06 -1.000000e+00 3.123149e-06
    outer loop
      vertex 2.338487e+03 -1.381271e+02 2.303272e+02
      vertex 2.337200e+03 -1.381270e+02 2.489484e+02
      vertex 2.336699e+03 -1.381270e+02 2.485893e+02
    endloop
  endfacet
  facet normal -6.880983e-07 -1.000000e+00 3.274798e-06
    outer loop
      vertex 2.336699e+03 -1.381270e+02 2.485893e+02
      vertex 2.336095e+03 -1.381270e+02 2.484624e+02
      vertex 2.338487e+03 -1.381271e+02 2.303272e+02
    endloop
  endfacet
  facet normal 0.000000e+00 -1.000000e+00 3.365570e-06
    outer loop
      vertex 2.338487e+03 -1.381271e+02 2.303272e+02
      vertex 2.336095e+03 -1.381270e+02 2.484624e+02
      vertex 2.326219e+03 -1.381270e+02 2.484624e+02
    endloop
  endfacet
  facet normal 1.575744e-07 -1.000000e+00 3.472172e-06
    outer loop
      vertex 2.338487e+03 -1.381271e+02 2.303272e+02
      vertex 2.326219e+03 -1.381270e+02 2.484624e+02
      vertex 2.288161e+03 -1.381270e+02 2.501895e+02
    endloop
  endfacet
  facet normal 0.000000e+00 -1.000000e+00 0.000000e+00
    outer loop
      vertex 2.288161e+03 -1.381270e+02 2.501895e+02
      vertex 2.326219e+03 -1.381270e+02 2.484624e+02
      vertex 2.326219e+03 -1.381270e+02 2.486895e+02
    endloop
  endfacet
  facet normal 0.000000e+00 -1.000000e+00 0.000000e+00
    outer loop
      vertex 2.288161e+03 -1.381270e+02 2.501895e+02
      vertex 2.326219e+03 -1.381270e+02 2.486895e+02
      vertex 2.326018e+03 -1.381270e+02 2.494395e+02
    endloop
  endfacet
  facet normal 0.000000e+00 -1.000000e+00 0.000000e+00
    outer loop
      vertex 2.326018e+03 -1.381270e+02 2.494395e+02
      vertex 2.325469e+03 -1.381270e+02 2.499886e+02
      vertex 2.288161e+03 -1.381270e+02 2.501895e+02
    endloop
  endfacet
  facet normal 0.000000e+00 -1.000000e+00 0.000000e+00
    outer loop
      vertex 2.288161e+03 -1.381270e+02 2.501895e+02
      vertex 2.325469e+03 -1.381270e+02 2.499886e+02
      vertex 2.324719e+03 -1.381270e+02 2.501895e+02
    endloop
  endfacet
  facet normal 8.350244e-08 -1.000000e+00 -7.127398e-10
    outer loop
      vertex 2.288203e+03 -1.381270e+02 2.551092e+02
      vertex 8.263260e+02 -1.381271e+02 2.551093e+02
      vertex 2.288161e+03 -1.381270e+02 2.501895e+02
    endloop
  endfacet
  facet normal 8.350723e-08 -1.000000e+00 7.127807e-10
    outer loop
      vertex 2.288161e+03 -1.381270e+02 2.501895e+02
      vertex 8.263260e+02 -1.381271e+02 2.551093e+02
      vertex 8.263680e+02 -1.381271e+02 2.501896e+02
    endloop
  endfacet
  facet normal 8.350747e-08 -1.000000e+00 2.861332e-06
    outer loop
      vertex 2.288161e+03 -1.381270e+02 2.501895e+02
      vertex 8.263680e+02 -1.381271e+02 2.501896e+02
      vertex 7.760422e+02 -1.381272e+02 2.303274e+02
    endloop
  endfacet
  facet normal -1.575749e-07 -1.000000e+00 3.472173e-06
    outer loop
      vertex 7.760422e+02 -1.381272e+02 2.303274e+02
      vertex 8.263680e+02 -1.381271e+02 2.501896e+02
      vertex 7.883110e+02 -1.381271e+02 2.484625e+02
    endloop
  endfacet
  facet normal 0.000000e+00 -1.000000e+00 3.365570e-06
    outer loop
      vertex 7.760422e+02 -1.381272e+02 2.303274e+02
      vertex 7.883110e+02 -1.381271e+02 2.484625e+02
      vertex 7.784346e+02 -1.381271e+02 2.484625e+02
    endloop
  endfacet
  facet normal 0.000000e+00 -1.000000e+00 0.000000e+00
    outer loop
      vertex 2.313693e+03 -1.381270e+02 2.551092e+02
      vertex 2.313693e+03 -1.381270e+02 2.575749e+02
      vertex 2.288203e+03 -1.381270e+02 2.551092e+02
    endloop
  endfacet
  facet normal 0.000000e+00 -1.000000e+00 -0.000000e+00
    outer loop
      vertex 2.288203e+03 -1.381270e+02 2.551092e+02
      vertex 2.313693e+03 -1.381270e+02 2.575749e+02
      vertex 2.288203e+03 -1.381270e+02 2.578307e+02
    endloop
  endfacet
  facet normal 8.350244e-08 -1.000000e+00 0.000000e+00
    outer loop
      vertex 2.288203e+03 -1.381270e+02 2.551092e+02
      vertex 2.288203e+03 -1.381270e+02 2.578307e+02
      vertex 8.263260e+02 -1.381271e+02 2.551093e+02
    endloop
  endfacet
  facet normal 8.350244e-08 -1.000000e+00 0.000000e+00
    outer loop
      vertex 8.263260e+02 -1.381271e+02 2.551093e+02
      vertex 2.288203e+03 -1.381270e+02 2.578307e+02
      vertex 8.263260e+02 -1.381271e+02 2.578308e+02
    endloop
  endfacet
  facet normal 0.000000e+00 -1.000000e+00 0.000000e+00
    outer loop
      vertex 8.263260e+02 -1.381271e+02 2.551093e+02
      vertex 8.263260e+02 -1.381271e+02 2.578308e+02
      vertex 8.008362e+02 -1.381271e+02 2.575750e+02
    endloop
  endfacet
  facet normal 0.000000e+00 -1.000000e+00 0.000000e+00
    outer loop
      vertex 8.008362e+02 -1.381271e+02 2.575750e+02
      vertex 8.263260e+02 -1.381271e+02 2.578308e+02
      vertex 8.157419e+02 -1.381271e+02 2.578308e+02
    endloop
  endfacet
  facet normal 0.000000e+00 -1.000000e+00 0.000000e+00
    outer loop
      vertex 8.008362e+02 -1.381271e+02 2.575750e+02
      vertex 8.157419e+02 -1.381271e+02 2.578308e+02
      vertex 8.009486e+02 -1.381271e+02 2.579839e+02
    endloop
  endfacet
  facet normal -0.000000e+00 -1.000000e+00 0.000000e+00
    outer loop
      vertex 8.009486e+02 -1.381271e+02 2.579839e+02
      vertex 8.157419e+02 -1.381271e+02 2.578308e+02
      vertex 8.012542e+02 -1.381271e+02 2.582779e+02
    endloop
  endfacet
  facet normal -0.000000e+00 -1.000000e+00 0.000000e+00
    outer loop
      vertex 8.012542e+02 -1.381271e+02 2.582779e+02
      vertex 8.157419e+02 -1.381271e+02 2.578308e+02
      vertex 8.016671e+02 -1.381271e+02 2.583745e+02
    endloop
  endfacet
  facet normal 0.000000e+00 -1.000000e+00 0.000000e+00
    outer loop
      vertex 2.288203e+03 -1.381270e+02 2.578307e+02
      vertex 2.313693e+03 -1.381270e+02 2.575749e+02
      vertex 2.298788e+03 -1.381270e+02 2.578307e+02
    endloop
  endfacet
  facet normal -0.000000e+00 -1.000000e+00 0.000000e+00
    outer loop
      vertex 2.298788e+03 -1.381270e+02 2.578307e+02
      vertex 2.313693e+03 -1.381270e+02 2.575749e+02
      vertex 2.313581e+03 -1.381270e+02 2.579838e+02
    endloop
  endfacet
  facet normal 0.000000e+00 -1.000000e+00 0.000000e+00
    outer loop
      vertex 2.298788e+03 -1.381270e+02 2.578307e+02
      vertex 2.313581e+03 -1.381270e+02 2.579838e+02
      vertex 2.313275e+03 -1.381270e+02 2.582778e+02
    endloop
  endfacet
  facet normal 0.000000e+00 -1.000000e+00 0.000000e+00
    outer loop
      vertex 2.313275e+03 -1.381270e+02 2.582778e+02
      vertex 2.312862e+03 -1.381270e+02 2.583743e+02
      vertex 2.298788e+03 -1.381270e+02 2.578307e+02
    endloop
  endfacet
  facet normal 8.350359e-08 -1.000000e+00 1.388330e-05
    outer loop
      vertex 2.288203e+03 -1.381270e+02 2.578307e+02
      vertex 2.288203e+03 -1.381270e+02 2.600288e+02
      vertex 8.263260e+02 -1.381271e+02 2.578308e+02
    endloop
  endfacet
  facet normal 8.350359e-08 -1.000000e+00 1.388330e-05
    outer loop
      vertex 8.263260e+02 -1.381271e+02 2.578308e+02
      vertex 2.288203e+03 -1.381270e+02 2.600288e+02
      vertex 8.263260e+02 -1.381271e+02 2.600290e+02
    endloop
  endfacet
  facet normal 8.350244e-08 -1.000000e+00 1.285486e-07
    outer loop
      vertex 8.263260e+02 -1.381271e+02 2.600290e+02
      vertex 2.288203e+03 -1.381270e+02 2.600288e+02
      vertex 8.218947e+02 -1.381271e+02 2.629075e+02
    endloop
  endfacet
  facet normal 0.000000e+00 -1.000000e+00 0.000000e+00
    outer loop
      vertex 8.263260e+02 -1.381271e+02 2.600290e+02
      vertex 8.218947e+02 -1.381271e+02 2.629075e+02
      vertex 8.178295e+02 -1.381271e+02 2.600290e+02
    endloop
  endfacet
  facet normal 0.000000e+00 -1.000000e+00 -0.000000e+00
    outer loop
      vertex 8.178295e+02 -1.381271e+02 2.600290e+02
      vertex 8.218947e+02 -1.381271e+02 2.629075e+02
      vertex 8.178295e+02 -1.381271e+02 2.629075e+02
    endloop
  endfacet
  facet normal 8.299924e-08 -1.000000e+00 -1.277740e-07
    outer loop
      vertex 8.218947e+02 -1.381271e+02 2.629075e+02
      vertex 2.288203e+03 -1.381270e+02 2.600288e+02
      vertex 2.292635e+03 -1.381270e+02 2.629074e+02
    endloop
  endfacet
  facet normal 0.000000e+00 -1.000000e+00 0.000000e+00
    outer loop
      vertex 2.292635e+03 -1.381270e+02 2.629074e+02
      vertex 2.288203e+03 -1.381270e+02 2.600288e+02
      vertex 2.296700e+03 -1.381270e+02 2.600288e+02
    endloop
  endfacet
  facet normal 0.000000e+00 -1.000000e+00 0.000000e+00
    outer loop
      vertex 2.292635e+03 -1.381270e+02 2.629074e+02
      vertex 2.296700e+03 -1.381270e+02 2.600288e+02
      vertex 2.296700e+03 -1.381270e+02 2.629074e+02
    endloop
  endfacet
  facet normal 8.299924e-08 -1.000000e+00 0.000000e+00
    outer loop
      vertex 2.292635e+03 -1.381270e+02 2.629074e+02
      vertex 2.292635e+03 -1.381270e+02 2.657859e+02
      vertex 8.218947e+02 -1.381271e+02 2.629075e+02
    endloop
  endfacet
  facet normal 8.299924e-08 -1.000000e+00 0.000000e+00
    outer loop
      vertex 8.218947e+02 -1.381271e+02 2.629075e+02
      vertex 2.292635e+03 -1.381270e+02 2.657859e+02
      vertex 8.218947e+02 -1.381271e+02 2.657860e+02
    endloop
  endfacet
  facet normal 8.299924e-08 -1.000000e+00 -3.485294e-08
    outer loop
      vertex 8.218947e+02 -1.381271e+02 2.657860e+02
      vertex 2.292635e+03 -1.381270e+02 2.657859e+02
      vertex 2.293844e+03 -1.381270e+02 2.686644e+02
    endloop
  endfacet
  facet normal 8.286305e-08 -1.000000e+00 3.479224e-08
    outer loop
      vertex 8.218947e+02 -1.381271e+02 2.657860e+02
      vertex 2.293844e+03 -1.381270e+02 2.686644e+02
      vertex 8.206860e+02 -1.381271e+02 2.686646e+02
    endloop
  endfacet
  facet normal 8.286366e-08 -1.000000e+00 7.475628e-06
    outer loop
      vertex 8.206860e+02 -1.381271e+02 2.686646e+02
      vertex 2.293844e+03 -1.381270e+02 2.686644e+02
      vertex 2.293844e+03 -1.381270e+02 2.727467e+02
    endloop
  endfacet
  facet normal 8.286366e-08 -1.000000e+00 7.475629e-06
    outer loop
      vertex 8.206860e+02 -1.381271e+02 2.686646e+02
      vertex 2.293844e+03 -1.381270e+02 2.727467e+02
      vertex 8.206860e+02 -1.381271e+02 2.727468e+02
    endloop
  endfacet
  facet normal 8.286305e-08 -1.000000e+00 -1.932846e-08
    outer loop
      vertex 8.206860e+02 -1.381271e+02 2.727468e+02
      vertex 2.293844e+03 -1.381270e+02 2.727467e+02
      vertex 8.214918e+02 -1.381271e+02 2.762010e+02
    endloop
  endfacet
  facet normal 0.000000e+00 -1.000000e+00 -0.000000e+00
    outer loop
      vertex 8.206860e+02 -1.381271e+02 2.727468e+02
      vertex 8.214918e+02 -1.381271e+02 2.762010e+02
      vertex 8.174266e+02 -1.381271e+02 2.762010e+02
    endloop
  endfacet
  facet normal -0.000000e+00 -1.000000e+00 0.000000e+00
    outer loop
      vertex 2.292635e+03 -1.381270e+02 2.657859e+02
      vertex 2.297103e+03 -1.381270e+02 2.657859e+02
      vertex 2.293844e+03 -1.381270e+02 2.686644e+02
    endloop
  endfacet
  facet normal 0.000000e+00 -1.000000e+00 0.000000e+00
    outer loop
      vertex 2.293844e+03 -1.381270e+02 2.686644e+02
      vertex 2.297103e+03 -1.381270e+02 2.657859e+02
      vertex 2.297103e+03 -1.381270e+02 2.686644e+02
    endloop
  endfacet
  facet normal 0.000000e+00 -1.000000e+00 0.000000e+00
    outer loop
      vertex 2.297103e+03 -1.381270e+02 2.727467e+02
      vertex 2.297103e+03 -1.381270e+02 2.762009e+02
      vertex 2.293844e+03 -1.381270e+02 2.727467e+02
    endloop
  endfacet
  facet normal 0.000000e+00 -1.000000e+00 -0.000000e+00
    outer loop
      vertex 2.293844e+03 -1.381270e+02 2.727467e+02
      vertex 2.297103e+03 -1.381270e+02 2.762009e+02
      vertex 2.293038e+03 -1.381270e+02 2.762009e+02
    endloop
  endfacet
  facet normal 8.295378e-08 -1.000000e+00 1.934816e-08
    outer loop
      vertex 2.293844e+03 -1.381270e+02 2.727467e+02
      vertex 2.293038e+03 -1.381270e+02 2.762009e+02
      vertex 8.214918e+02 -1.381271e+02 2.762010e+02
    endloop
  endfacet
  facet normal 8.295378e-08 -1.000000e+00 0.000000e+00
    outer loop
      vertex 8.214918e+02 -1.381271e+02 2.762010e+02
      vertex 2.293038e+03 -1.381270e+02 2.762009e+02
      vertex 8.214918e+02 -1.381271e+02 2.783500e+02
    endloop
  endfacet
  facet normal 8.295378e-08 -1.000000e+00 0.000000e+00
    outer loop
      vertex 8.214918e+02 -1.381271e+02 2.783500e+02
      vertex 2.293038e+03 -1.381270e+02 2.762009e+02
      vertex 2.293038e+03 -1.381270e+02 2.783499e+02
    endloop
  endfacet
  facet normal 0.000000e+00 -1.000000e+00 0.000000e+00
    outer loop
      vertex 8.174266e+02 -1.381271e+02 2.762010e+02
      vertex 8.174266e+02 -1.381271e+02 2.727468e+02
      vertex 8.206860e+02 -1.381271e+02 2.727468e+02
    endloop
  endfacet
  facet normal 0.000000e+00 -1.000000e+00 0.000000e+00
    outer loop
      vertex 8.174266e+02 -1.381271e+02 2.686646e+02
      vertex 8.174266e+02 -1.381271e+02 2.657860e+02
      vertex 8.206860e+02 -1.381271e+02 2.686646e+02
    endloop
  endfacet
  facet normal 0.000000e+00 -1.000000e+00 0.000000e+00
    outer loop
      vertex 8.206860e+02 -1.381271e+02 2.686646e+02
      vertex 8.174266e+02 -1.381271e+02 2.657860e+02
      vertex 8.218947e+02 -1.381271e+02 2.657860e+02
    endloop
  endfacet
  facet normal 0.000000e+00 -1.000000e+00 0.000000e+00
    outer loop
      vertex 8.008362e+02 -1.381271e+02 2.575750e+02
      vertex 8.008362e+02 -1.381271e+02 2.551093e+02
      vertex 8.263260e+02 -1.381271e+02 2.551093e+02
    endloop
  endfacet
  facet normal 0.000000e+00 -1.000000e+00 0.000000e+00
    outer loop
      vertex 7.898110e+02 -1.381271e+02 2.501896e+02
      vertex 7.890610e+02 -1.381271e+02 2.499887e+02
      vertex 8.263680e+02 -1.381271e+02 2.501896e+02
    endloop
  endfacet
  facet normal 0.000000e+00 -1.000000e+00 0.000000e+00
    outer loop
      vertex 8.263680e+02 -1.381271e+02 2.501896e+02
      vertex 7.890610e+02 -1.381271e+02 2.499887e+02
      vertex 7.885120e+02 -1.381271e+02 2.494396e+02
    endloop
  endfacet
  facet normal 0.000000e+00 -1.000000e+00 0.000000e+00
    outer loop
      vertex 8.263680e+02 -1.381271e+02 2.501896e+02
      vertex 7.885120e+02 -1.381271e+02 2.494396e+02
      vertex 7.883110e+02 -1.381271e+02 2.486896e+02
    endloop
  endfacet
  facet normal -0.000000e+00 -1.000000e+00 0.000000e+00
    outer loop
      vertex 7.883110e+02 -1.381271e+02 2.486896e+02
      vertex 7.883110e+02 -1.381271e+02 2.484625e+02
      vertex 8.263680e+02 -1.381271e+02 2.501896e+02
    endloop
  endfacet
  facet normal 6.880982e-07 -1.000000e+00 3.274798e-06
    outer loop
      vertex 7.784346e+02 -1.381271e+02 2.484625e+02
      vertex 7.778308e+02 -1.381271e+02 2.485894e+02
      vertex 7.760422e+02 -1.381272e+02 2.303274e+02
    endloop
  endfacet
  facet normal 2.235987e-06 -1.000000e+00 3.123198e-06
    outer loop
      vertex 7.760422e+02 -1.381272e+02 2.303274e+02
      vertex 7.778308e+02 -1.381271e+02 2.485894e+02
      vertex 7.773292e+02 -1.381271e+02 2.489485e+02
    endloop
  endfacet
  facet normal 4.950876e-06 -1.000000e+00 2.935561e-06
    outer loop
      vertex 7.760422e+02 -1.381272e+02 2.303274e+02
      vertex 7.773292e+02 -1.381271e+02 2.489485e+02
      vertex 7.770146e+02 -1.381271e+02 2.494791e+02
    endloop
  endfacet
  facet normal 8.146705e-06 -1.000000e+00 2.773306e-06
    outer loop
      vertex 7.770146e+02 -1.381271e+02 2.494791e+02
      vertex 7.760422e+02 -1.381271e+02 2.523354e+02
      vertex 7.760422e+02 -1.381272e+02 2.303274e+02
    endloop
  endfacet
  facet normal 7.812800e-08 -1.000000e+00 3.270875e-06
    outer loop
      vertex 7.760422e+02 -1.381272e+02 2.303274e+02
      vertex 2.338487e+03 -1.381271e+02 2.303272e+02
      vertex 2.288161e+03 -1.381270e+02 2.501895e+02
    endloop
  endfacet
  facet normal 5.219675e-08 -9.478736e-01 -3.186467e-01
    outer loop
      vertex 2.293038e+03 -1.381270e+02 2.783499e+02
      vertex 2.293038e+03 -1.385658e+02 2.796552e+02
      vertex 8.214918e+02 -1.381271e+02 2.783500e+02
    endloop
  endfacet
  facet normal 5.217836e-08 -9.478736e-01 -3.186467e-01
    outer loop
      vertex 8.214918e+02 -1.381271e+02 2.783500e+02
      vertex 2.293038e+03 -1.385658e+02 2.796552e+02
      vertex 8.214918e+02 -1.385659e+02 2.796553e+02
    endloop
  endfacet
  facet normal 5.253882e-08 -9.489068e-01 -3.155563e-01
    outer loop
      vertex 8.214918e+02 -1.385659e+02 2.796553e+02
      vertex 2.293038e+03 -1.385658e+02 2.796552e+02
      vertex 8.205128e+02 -1.393491e+02 2.820105e+02
    endloop
  endfacet
  facet normal 0.000000e+00 -9.489068e-01 -3.155563e-01
    outer loop
      vertex 8.214918e+02 -1.385659e+02 2.796553e+02
      vertex 8.205128e+02 -1.393491e+02 2.820105e+02
      vertex 8.174266e+02 -1.385659e+02 2.796553e+02
    endloop
  endfacet
  facet normal 0.000000e+00 -9.489068e-01 -3.155563e-01
    outer loop
      vertex 8.174266e+02 -1.385659e+02 2.796553e+02
      vertex 8.205128e+02 -1.393491e+02 2.820105e+02
      vertex 8.174266e+02 -1.393491e+02 2.820105e+02
    endloop
  endfacet
  facet normal 5.246902e-08 -9.489068e-01 -3.155563e-01
    outer loop
      vertex 8.205128e+02 -1.393491e+02 2.820105e+02
      vertex 2.293038e+03 -1.385658e+02 2.796552e+02
      vertex 2.294017e+03 -1.393490e+02 2.820103e+02
    endloop
  endfacet
  facet normal 0.000000e+00 -9.489068e-01 -3.155563e-01
    outer loop
      vertex 2.294017e+03 -1.393490e+02 2.820103e+02
      vertex 2.293038e+03 -1.385658e+02 2.796552e+02
      vertex 2.297103e+03 -1.385658e+02 2.796552e+02
    endloop
  endfacet
  facet normal -0.000000e+00 -9.489068e-01 -3.155563e-01
    outer loop
      vertex 2.294017e+03 -1.393490e+02 2.820103e+02
      vertex 2.297103e+03 -1.385658e+02 2.796552e+02
      vertex 2.297103e+03 -1.393490e+02 2.820103e+02
    endloop
  endfacet
  facet normal 5.823068e-08 -9.650319e-01 -2.621326e-01
    outer loop
      vertex 2.294017e+03 -1.393490e+02 2.820103e+02
      vertex 2.302125e+03 -1.531655e+02 3.328755e+02
      vertex 8.205128e+02 -1.393491e+02 2.820105e+02
    endloop
  endfacet
  facet normal 6.762638e-08 -9.650318e-01 -2.621329e-01
    outer loop
      vertex 8.205128e+02 -1.393491e+02 2.820105e+02
      vertex 2.302125e+03 -1.531655e+02 3.328755e+02
      vertex 8.124044e+02 -1.531656e+02 3.328756e+02
    endloop
  endfacet
  facet normal 8.167783e-08 -9.927642e-01 -1.200805e-01
    outer loop
      vertex 8.124044e+02 -1.531656e+02 3.328756e+02
      vertex 2.302125e+03 -1.531655e+02 3.328755e+02
      vertex 2.301338e+03 -1.595547e+02 3.856983e+02
    endloop
  endfacet
  facet normal 8.209341e-08 -9.927642e-01 -1.200805e-01
    outer loop
      vertex 8.124044e+02 -1.531656e+02 3.328756e+02
      vertex 2.301338e+03 -1.595547e+02 3.856983e+02
      vertex 8.131911e+02 -1.595549e+02 3.856984e+02
    endloop
  endfacet
  facet normal 9.473741e-08 -9.995361e-01 3.045626e-02
    outer loop
      vertex 8.131911e+02 -1.595549e+02 3.856984e+02
      vertex 2.301338e+03 -1.595547e+02 3.856983e+02
      vertex 2.297949e+03 -1.587344e+02 4.126199e+02
    endloop
  endfacet
  facet normal 9.517769e-08 -9.995361e-01 3.045624e-02
    outer loop
      vertex 8.131911e+02 -1.595549e+02 3.856984e+02
      vertex 2.297949e+03 -1.587344e+02 4.126199e+02
      vertex 8.165801e+02 -1.587346e+02 4.126200e+02
    endloop
  endfacet
  facet normal 1.002551e-07 -9.952912e-01 9.693057e-02
    outer loop
      vertex 8.165801e+02 -1.587346e+02 4.126200e+02
      vertex 2.297949e+03 -1.587344e+02 4.126199e+02
      vertex 2.304344e+03 -1.584611e+02 4.154266e+02
    endloop
  endfacet
  facet normal 9.940364e-08 -9.952911e-01 9.693102e-02
    outer loop
      vertex 8.165801e+02 -1.587346e+02 4.126200e+02
      vertex 2.304344e+03 -1.584611e+02 4.154266e+02
      vertex 8.101849e+02 -1.584612e+02 4.154268e+02
    endloop
  endfacet
  facet normal 9.997206e-08 -9.944851e-01 1.048777e-01
    outer loop
      vertex 8.101849e+02 -1.584612e+02 4.154268e+02
      vertex 2.304344e+03 -1.584611e+02 4.154266e+02
      vertex 2.305138e+03 -1.584028e+02 4.159789e+02
    endloop
  endfacet
  facet normal 9.986322e-08 -9.944851e-01 1.048780e-01
    outer loop
      vertex 8.101849e+02 -1.584612e+02 4.154268e+02
      vertex 2.305138e+03 -1.584028e+02 4.159789e+02
      vertex 8.093916e+02 -1.584030e+02 4.159790e+02
    endloop
  endfacet
  facet normal 1.000998e-07 -9.941362e-01 1.081356e-01
    outer loop
      vertex 8.093916e+02 -1.584030e+02 4.159790e+02
      vertex 2.305138e+03 -1.584028e+02 4.159789e+02
      vertex 2.305661e+03 -1.583148e+02 4.167883e+02
    endloop
  endfacet
  facet normal 1.000317e-07 -9.941362e-01 1.081357e-01
    outer loop
      vertex 8.093916e+02 -1.584030e+02 4.159790e+02
      vertex 2.305661e+03 -1.583148e+02 4.167883e+02
      vertex 8.088681e+02 -1.583149e+02 4.167885e+02
    endloop
  endfacet
  facet normal 1.003294e-07 -9.936707e-01 1.123320e-01
    outer loop
      vertex 8.088681e+02 -1.583149e+02 4.167885e+02
      vertex 2.305661e+03 -1.583148e+02 4.167883e+02
      vertex 2.305840e+03 -1.582080e+02 4.177330e+02
    endloop
  endfacet
  facet normal 1.003028e-07 -9.936707e-01 1.123321e-01
    outer loop
      vertex 8.088681e+02 -1.583149e+02 4.167885e+02
      vertex 2.305840e+03 -1.582080e+02 4.177330e+02
      vertex 8.086898e+02 -1.582081e+02 4.177332e+02
    endloop
  endfacet
  facet normal 1.006278e-07 -9.931465e-01 1.168758e-01
    outer loop
      vertex 8.086898e+02 -1.582081e+02 4.177332e+02
      vertex 2.305840e+03 -1.582080e+02 4.177330e+02
      vertex 2.305649e+03 -1.580972e+02 4.186745e+02
    endloop
  endfacet
  facet normal 1.006568e-07 -9.931465e-01 1.168758e-01
    outer loop
      vertex 8.086898e+02 -1.582081e+02 4.177332e+02
      vertex 2.305649e+03 -1.580972e+02 4.186745e+02
      vertex 8.088808e+02 -1.580973e+02 4.186746e+02
    endloop
  endfacet
  facet normal 1.036175e-07 -9.871166e-01 1.600024e-01
    outer loop
      vertex 8.088808e+02 -1.580973e+02 4.186746e+02
      vertex 2.305649e+03 -1.580972e+02 4.186745e+02
      vertex 2.288561e+03 -1.554388e+02 4.350753e+02
    endloop
  endfacet
  facet normal 1.061173e-07 -9.871167e-01 1.600021e-01
    outer loop
      vertex 8.088808e+02 -1.580973e+02 4.186746e+02
      vertex 2.288561e+03 -1.554388e+02 4.350753e+02
      vertex 8.259683e+02 -1.554389e+02 4.350754e+02
    endloop
  endfacet
  facet normal 1.112595e-07 -9.704488e-01 2.413073e-01
    outer loop
      vertex 8.259683e+02 -1.554389e+02 4.350754e+02
      vertex 2.288561e+03 -1.554388e+02 4.350753e+02
      vertex 8.369724e+02 -1.516308e+02 4.503904e+02
    endloop
  endfacet
  facet normal 1.129592e-07 -9.704487e-01 2.413075e-01
    outer loop
      vertex 8.369724e+02 -1.516308e+02 4.503904e+02
      vertex 2.288561e+03 -1.554388e+02 4.350753e+02
      vertex 2.277557e+03 -1.516306e+02 4.503902e+02
    endloop
  endfacet
  facet normal 1.171654e-07 -9.491063e-01 3.149559e-01
    outer loop
      vertex 8.369724e+02 -1.516308e+02 4.503904e+02
      vertex 2.277557e+03 -1.516306e+02 4.503902e+02
      vertex 2.263826e+03 -1.473848e+02 4.631848e+02
    endloop
  endfacet
  facet normal 9.354759e-03 -9.854884e-01 1.694847e-01
    outer loop
      vertex 2.305649e+03 -1.580972e+02 4.186745e+02
      vertex 2.297915e+03 -1.549670e+02 4.373022e+02
      vertex 2.288561e+03 -1.554388e+02 4.350753e+02
    endloop
  endfacet
  facet normal -1.280016e-03 -9.771833e-01 2.123939e-01
    outer loop
      vertex 2.288561e+03 -1.554388e+02 4.350753e+02
      vertex 2.297915e+03 -1.549670e+02 4.373022e+02
      vertex 2.294331e+03 -1.547032e+02 4.384944e+02
    endloop
  endfacet
  facet normal -3.804154e-04 -9.766198e-01 2.149734e-01
    outer loop
      vertex 2.294331e+03 -1.547032e+02 4.384944e+02
      vertex 2.297915e+03 -1.549670e+02 4.373022e+02
      vertex 2.297316e+03 -1.547764e+02 4.381672e+02
    endloop
  endfacet
  facet normal 7.880454e-05 -9.757329e-01 2.189641e-01
    outer loop
      vertex 2.294331e+03 -1.547032e+02 4.384944e+02
      vertex 2.297316e+03 -1.547764e+02 4.381672e+02
      vertex 2.296405e+03 -1.546541e+02 4.387123e+02
    endloop
  endfacet
  facet normal -5.105083e-05 -9.754682e-01 2.201404e-01
    outer loop
      vertex 2.296405e+03 -1.546541e+02 4.387123e+02
      vertex 2.295343e+03 -1.546276e+02 4.388297e+02
      vertex 2.294331e+03 -1.547032e+02 4.384944e+02
    endloop
  endfacet
  facet normal 1.048960e-07 -9.266255e-01 3.759857e-01
    outer loop
      vertex 2.247811e+03 -1.433768e+02 4.730628e+02
      vertex 8.667189e+02 -1.433769e+02 4.730629e+02
      vertex 2.263826e+03 -1.473848e+02 4.631848e+02
    endloop
  endfacet
  facet normal 1.225297e-07 -9.266246e-01 3.759879e-01
    outer loop
      vertex 2.263826e+03 -1.473848e+02 4.631848e+02
      vertex 8.667189e+02 -1.433769e+02 4.730629e+02
      vertex 8.507037e+02 -1.473850e+02 4.631849e+02
    endloop
  endfacet
  facet normal 1.194424e-07 -9.491064e-01 3.149557e-01
    outer loop
      vertex 2.263826e+03 -1.473848e+02 4.631848e+02
      vertex 8.507037e+02 -1.473850e+02 4.631849e+02
      vertex 8.369724e+02 -1.516308e+02 4.503904e+02
    endloop
  endfacet
  facet normal 1.073934e-07 -9.067782e-01 4.216079e-01
    outer loop
      vertex 2.247811e+03 -1.433768e+02 4.730628e+02
      vertex 2.230015e+03 -1.403174e+02 4.796428e+02
      vertex 8.667189e+02 -1.433769e+02 4.730629e+02
    endloop
  endfacet
  facet normal 1.205330e-07 -9.067793e-01 4.216057e-01
    outer loop
      vertex 8.667189e+02 -1.433769e+02 4.730629e+02
      vertex 2.230015e+03 -1.403174e+02 4.796428e+02
      vertex 8.845146e+02 -1.403175e+02 4.796429e+02
    endloop
  endfacet
  facet normal 1.243384e-07 -8.596989e-01 5.108011e-01
    outer loop
      vertex 8.845146e+02 -1.403175e+02 4.796429e+02
      vertex 2.230015e+03 -1.403174e+02 4.796428e+02
      vertex 2.211888e+03 -1.264360e+02 5.030058e+02
    endloop
  endfacet
  facet normal 1.278007e-07 -8.596990e-01 5.108010e-01
    outer loop
      vertex 8.845146e+02 -1.403175e+02 4.796429e+02
      vertex 2.211888e+03 -1.264360e+02 5.030058e+02
      vertex 9.026417e+02 -1.264361e+02 5.030059e+02
    endloop
  endfacet
  facet normal 1.315085e-07 -7.566251e-01 6.538490e-01
    outer loop
      vertex 9.026417e+02 -1.264361e+02 5.030059e+02
      vertex 2.211888e+03 -1.264360e+02 5.030058e+02
      vertex 2.195371e+03 -1.080396e+02 5.242938e+02
    endloop
  endfacet
  facet normal 1.351354e-07 -7.566251e-01 6.538489e-01
    outer loop
      vertex 9.026417e+02 -1.264361e+02 5.030059e+02
      vertex 2.195371e+03 -1.080396e+02 5.242938e+02
      vertex 9.191590e+02 -1.080397e+02 5.242939e+02
    endloop
  endfacet
  facet normal 1.352025e-07 -6.843709e-01 7.291340e-01
    outer loop
      vertex 9.191590e+02 -1.080397e+02 5.242939e+02
      vertex 2.195371e+03 -1.080396e+02 5.242938e+02
      vertex 9.110554e+02 -1.064932e+02 5.257455e+02
    endloop
  endfacet
  facet normal 7.463479e-04 -6.822891e-01 7.310821e-01
    outer loop
      vertex 9.191590e+02 -1.080397e+02 5.242939e+02
      vertex 9.110554e+02 -1.064932e+02 5.257455e+02
      vertex 9.123219e+02 -1.075798e+02 5.247301e+02
    endloop
  endfacet
  facet normal 0.000000e+00 -6.881532e-01 7.255654e-01
    outer loop
      vertex 2.200391e+03 -1.080396e+02 5.242938e+02
      vertex 2.202208e+03 -1.075797e+02 5.247300e+02
      vertex 2.195371e+03 -1.080396e+02 5.242938e+02
    endloop
  endfacet
  facet normal -7.463727e-04 -6.822891e-01 7.310821e-01
    outer loop
      vertex 2.195371e+03 -1.080396e+02 5.242938e+02
      vertex 2.202208e+03 -1.075797e+02 5.247300e+02
      vertex 2.203474e+03 -1.064931e+02 5.257454e+02
    endloop
  endfacet
  facet normal 1.335084e-07 -6.843717e-01 7.291333e-01
    outer loop
      vertex 2.195371e+03 -1.080396e+02 5.242938e+02
      vertex 2.203474e+03 -1.064931e+02 5.257454e+02
      vertex 9.110554e+02 -1.064932e+02 5.257455e+02
    endloop
  endfacet
  facet normal 1.333866e-07 -6.686727e-01 7.435569e-01
    outer loop
      vertex 9.110554e+02 -1.064932e+02 5.257455e+02
      vertex 2.203474e+03 -1.064931e+02 5.257454e+02
      vertex 9.101384e+02 -1.036594e+02 5.282939e+02
    endloop
  endfacet
  facet normal 1.331976e-07 -6.686727e-01 7.435569e-01
    outer loop
      vertex 9.101384e+02 -1.036594e+02 5.282939e+02
      vertex 2.203474e+03 -1.064931e+02 5.257454e+02
      vertex 2.204391e+03 -1.036592e+02 5.282938e+02
    endloop
  endfacet
  facet normal 1.314655e-07 -5.774134e-01 8.164519e-01
    outer loop
      vertex 9.101384e+02 -1.036594e+02 5.282939e+02
      vertex 2.204391e+03 -1.036592e+02 5.282938e+02
      vertex 2.204391e+03 -8.112460e+01 5.442308e+02
    endloop
  endfacet
  facet normal 1.314655e-07 -5.774134e-01 8.164519e-01
    outer loop
      vertex 2.204391e+03 -8.112460e+01 5.442308e+02
      vertex 9.101384e+02 -8.112473e+01 5.442310e+02
      vertex 9.101384e+02 -1.036594e+02 5.282939e+02
    endloop
  endfacet
  facet normal 0.000000e+00 -6.881532e-01 7.255654e-01
    outer loop
      vertex 9.123219e+02 -1.075798e+02 5.247301e+02
      vertex 9.141384e+02 -1.080397e+02 5.242939e+02
      vertex 9.191590e+02 -1.080397e+02 5.242939e+02
    endloop
  endfacet
  facet normal -9.354794e-03 -9.854884e-01 1.694848e-01
    outer loop
      vertex 8.088808e+02 -1.580973e+02 4.186746e+02
      vertex 8.259683e+02 -1.554389e+02 4.350754e+02
      vertex 8.166149e+02 -1.549671e+02 4.373023e+02
    endloop
  endfacet
  facet normal 1.280051e-03 -9.771833e-01 2.123940e-01
    outer loop
      vertex 8.166149e+02 -1.549671e+02 4.373023e+02
      vertex 8.259683e+02 -1.554389e+02 4.350754e+02
      vertex 8.201982e+02 -1.547033e+02 4.384945e+02
    endloop
  endfacet
  facet normal 3.804145e-04 -9.766198e-01 2.149734e-01
    outer loop
      vertex 8.166149e+02 -1.549671e+02 4.373023e+02
      vertex 8.201982e+02 -1.547033e+02 4.384945e+02
      vertex 8.172136e+02 -1.547765e+02 4.381673e+02
    endloop
  endfacet
  facet normal -7.880789e-05 -9.757329e-01 2.189641e-01
    outer loop
      vertex 8.172136e+02 -1.547765e+02 4.381673e+02
      vertex 8.201982e+02 -1.547033e+02 4.384945e+02
      vertex 8.181243e+02 -1.546543e+02 4.387124e+02
    endloop
  endfacet
  facet normal 5.105160e-05 -9.754682e-01 2.201403e-01
    outer loop
      vertex 8.181243e+02 -1.546543e+02 4.387124e+02
      vertex 8.201982e+02 -1.547033e+02 4.384945e+02
      vertex 8.191868e+02 -1.546277e+02 4.388298e+02
    endloop
  endfacet
  facet normal 9.431722e-08 -1.000000e+00 0.000000e+00
    outer loop
      vertex 2.204391e+03 -8.112460e+01 5.442308e+02
      vertex 2.204391e+03 -8.112460e+01 5.495492e+02
      vertex 9.101384e+02 -8.112473e+01 5.442310e+02
    endloop
  endfacet
  facet normal 9.431722e-08 -1.000000e+00 0.000000e+00
    outer loop
      vertex 9.101384e+02 -8.112473e+01 5.442310e+02
      vertex 2.204391e+03 -8.112460e+01 5.495492e+02
      vertex 1.557265e+03 -8.112466e+01 5.535492e+02
    endloop
  endfacet
  facet normal 3.358163e-09 -1.000000e+00 6.316859e-06
    outer loop
      vertex 9.101384e+02 -8.112473e+01 5.442310e+02
      vertex 1.557265e+03 -8.112466e+01 5.535492e+02
      vertex 1.487231e+03 -8.112466e+01 5.535864e+02
    endloop
  endfacet
  facet normal 0.000000e+00 -1.000000e+00 0.000000e+00
    outer loop
      vertex 1.487231e+03 -8.112466e+01 5.535864e+02
      vertex 1.557265e+03 -8.112466e+01 5.535492e+02
      vertex 1.506421e+03 -8.112466e+01 5.535864e+02
    endloop
  endfacet
  facet normal -0.000000e+00 -1.000000e+00 0.000000e+00
    outer loop
      vertex 1.487231e+03 -8.112466e+01 5.535864e+02
      vertex 1.506421e+03 -8.112466e+01 5.535864e+02
      vertex 1.506421e+03 -8.112466e+01 5.578959e+02
    endloop
  endfacet
  facet normal 8.435516e-08 -1.000000e+00 2.260249e-08
    outer loop
      vertex 2.203855e+03 -8.112460e+01 5.515492e+02
      vertex 1.841619e+03 -8.112463e+01 5.532723e+02
      vertex 2.204391e+03 -8.112460e+01 5.495492e+02
    endloop
  endfacet
  facet normal -1.771416e-08 -1.000000e+00 -9.922738e-06
    outer loop
      vertex 2.204391e+03 -8.112460e+01 5.495492e+02
      vertex 1.841619e+03 -8.112463e+01 5.532723e+02
      vertex 1.665680e+03 -8.112463e+01 5.535864e+02
    endloop
  endfacet
  facet normal 8.762144e-07 -1.000000e+00 1.093593e-04
    outer loop
      vertex 2.204391e+03 -8.112460e+01 5.495492e+02
      vertex 1.665680e+03 -8.112463e+01 5.535864e+02
      vertex 1.630851e+03 -8.112466e+01 5.535864e+02
    endloop
  endfacet
  facet normal 8.762153e-07 -1.000000e+00 0.000000e+00
    outer loop
      vertex 1.630851e+03 -8.112466e+01 5.535864e+02
      vertex 1.665680e+03 -8.112463e+01 5.535864e+02
      vertex 1.665680e+03 -8.112463e+01 5.578959e+02
    endloop
  endfacet
  facet normal 8.762153e-07 -1.000000e+00 0.000000e+00
    outer loop
      vertex 1.630851e+03 -8.112466e+01 5.535864e+02
      vertex 1.665680e+03 -8.112463e+01 5.578959e+02
      vertex 1.630851e+03 -8.112466e+01 5.578959e+02
    endloop
  endfacet
  facet normal 0.000000e+00 -1.000000e+00 0.000000e+00
    outer loop
      vertex 2.202391e+03 -8.112460e+01 5.530133e+02
      vertex 2.099385e+03 -8.112460e+01 5.535492e+02
      vertex 2.203855e+03 -8.112460e+01 5.515492e+02
    endloop
  endfacet
  facet normal 0.000000e+00 -1.000000e+00 0.000000e+00
    outer loop
      vertex 2.203855e+03 -8.112460e+01 5.515492e+02
      vertex 2.099385e+03 -8.112460e+01 5.535492e+02
      vertex 2.081106e+03 -8.112460e+01 5.535492e+02
    endloop
  endfacet
  facet normal 0.000000e+00 -1.000000e+00 0.000000e+00
    outer loop
      vertex 2.203855e+03 -8.112460e+01 5.515492e+02
      vertex 2.081106e+03 -8.112460e+01 5.535492e+02
      vertex 2.011981e+03 -8.112460e+01 5.535492e+02
    endloop
  endfacet
  facet normal 0.000000e+00 -1.000000e+00 0.000000e+00
    outer loop
      vertex 2.202391e+03 -8.112460e+01 5.530133e+02
      vertex 2.200391e+03 -8.112460e+01 5.535492e+02
      vertex 2.099385e+03 -8.112460e+01 5.535492e+02
    endloop
  endfacet
  facet normal 0.000000e+00 -1.000000e+00 -0.000000e+00
    outer loop
      vertex 2.099385e+03 -8.112460e+01 5.535492e+02
      vertex 2.099447e+03 -8.112460e+01 5.571976e+02
      vertex 2.081106e+03 -8.112460e+01 5.535492e+02
    endloop
  endfacet
  facet normal 0.000000e+00 -1.000000e+00 -0.000000e+00
    outer loop
      vertex 2.081106e+03 -8.112460e+01 5.535492e+02
      vertex 2.099447e+03 -8.112460e+01 5.571976e+02
      vertex 2.079817e+03 -8.112460e+01 5.571976e+02
    endloop
  endfacet
  facet normal -0.000000e+00 -1.000000e+00 0.000000e+00
    outer loop
      vertex 2.079817e+03 -8.112460e+01 5.571976e+02
      vertex 2.099447e+03 -8.112460e+01 5.571976e+02
      vertex 2.098910e+03 -8.112460e+01 5.574443e+02
    endloop
  endfacet
  facet normal 0.000000e+00 -1.000000e+00 0.000000e+00
    outer loop
      vertex 2.079817e+03 -8.112460e+01 5.571976e+02
      vertex 2.098910e+03 -8.112460e+01 5.574443e+02
      vertex 2.080354e+03 -8.112460e+01 5.574443e+02
    endloop
  endfacet
  facet normal -0.000000e+00 -1.000000e+00 0.000000e+00
    outer loop
      vertex 2.080354e+03 -8.112460e+01 5.574443e+02
      vertex 2.098910e+03 -8.112460e+01 5.574443e+02
      vertex 2.080897e+03 -8.112460e+01 5.576771e+02
    endloop
  endfacet
  facet normal 0.000000e+00 -1.000000e+00 0.000000e+00
    outer loop
      vertex 2.080897e+03 -8.112460e+01 5.576771e+02
      vertex 2.098910e+03 -8.112460e+01 5.574443e+02
      vertex 2.098366e+03 -8.112460e+01 5.576771e+02
    endloop
  endfacet
  facet normal -0.000000e+00 -1.000000e+00 0.000000e+00
    outer loop
      vertex 2.080897e+03 -8.112460e+01 5.576771e+02
      vertex 2.098366e+03 -8.112460e+01 5.576771e+02
      vertex 2.081447e+03 -8.112460e+01 5.578959e+02
    endloop
  endfacet
  facet normal 0.000000e+00 -1.000000e+00 0.000000e+00
    outer loop
      vertex 2.081447e+03 -8.112460e+01 5.578959e+02
      vertex 2.098366e+03 -8.112460e+01 5.576771e+02
      vertex 2.097817e+03 -8.112460e+01 5.578959e+02
    endloop
  endfacet
  facet normal 1.841431e-06 -1.000000e+00 1.766611e-04
    outer loop
      vertex 2.203855e+03 -8.112460e+01 5.515492e+02
      vertex 2.011981e+03 -8.112460e+01 5.535492e+02
      vertex 1.995409e+03 -8.112463e+01 5.535492e+02
    endloop
  endfacet
  facet normal 1.841431e-06 -1.000000e+00 0.000000e+00
    outer loop
      vertex 1.995409e+03 -8.112463e+01 5.535492e+02
      vertex 2.011981e+03 -8.112460e+01 5.535492e+02
      vertex 2.011981e+03 -8.112460e+01 5.578779e+02
    endloop
  endfacet
  facet normal 1.773855e-06 -1.000000e+00 2.587174e-07
    outer loop
      vertex 1.995409e+03 -8.112463e+01 5.535492e+02
      vertex 2.011981e+03 -8.112460e+01 5.578779e+02
      vertex 1.994777e+03 -8.112463e+01 5.578779e+02
    endloop
  endfacet
  facet normal 1.773855e-06 -1.000000e+00 3.764916e-06
    outer loop
      vertex 1.994777e+03 -8.112463e+01 5.578779e+02
      vertex 2.011981e+03 -8.112460e+01 5.578779e+02
      vertex 2.011969e+03 -8.112460e+01 5.578839e+02
    endloop
  endfacet
  facet normal 1.776477e-06 -1.000000e+00 -3.770481e-06
    outer loop
      vertex 1.994777e+03 -8.112463e+01 5.578779e+02
      vertex 2.011969e+03 -8.112460e+01 5.578839e+02
      vertex 1.994790e+03 -8.112463e+01 5.578839e+02
    endloop
  endfacet
  facet normal 1.776477e-06 -1.000000e+00 -3.770481e-06
    outer loop
      vertex 1.994790e+03 -8.112463e+01 5.578839e+02
      vertex 2.011969e+03 -8.112460e+01 5.578839e+02
      vertex 1.994803e+03 -8.112463e+01 5.578899e+02
    endloop
  endfacet
  facet normal 1.779106e-06 -1.000000e+00 3.776062e-06
    outer loop
      vertex 1.994803e+03 -8.112463e+01 5.578899e+02
      vertex 2.011969e+03 -8.112460e+01 5.578839e+02
      vertex 2.011956e+03 -8.112460e+01 5.578899e+02
    endloop
  endfacet
  facet normal 1.779106e-06 -1.000000e+00 3.776062e-06
    outer loop
      vertex 1.994803e+03 -8.112463e+01 5.578899e+02
      vertex 2.011956e+03 -8.112460e+01 5.578899e+02
      vertex 2.011943e+03 -8.112460e+01 5.578959e+02
    endloop
  endfacet
  facet normal 1.781769e-06 -1.000000e+00 -3.854439e-06
    outer loop
      vertex 2.011943e+03 -8.112460e+01 5.578959e+02
      vertex 1.994816e+03 -8.112463e+01 5.578959e+02
      vertex 1.994803e+03 -8.112463e+01 5.578899e+02
    endloop
  endfacet
  facet normal 2.312948e-08 -1.000000e+00 -1.284816e-05
    outer loop
      vertex 2.203855e+03 -8.112460e+01 5.515492e+02
      vertex 1.995409e+03 -8.112463e+01 5.535492e+02
      vertex 1.841619e+03 -8.112463e+01 5.532723e+02
    endloop
  endfacet
  facet normal 0.000000e+00 -1.000000e+00 0.000000e+00
    outer loop
      vertex 1.841619e+03 -8.112463e+01 5.532723e+02
      vertex 1.995409e+03 -8.112463e+01 5.535492e+02
      vertex 1.894759e+03 -8.112463e+01 5.535492e+02
    endloop
  endfacet
  facet normal 0.000000e+00 -1.000000e+00 0.000000e+00
    outer loop
      vertex 1.841619e+03 -8.112463e+01 5.532723e+02
      vertex 1.894759e+03 -8.112463e+01 5.535492e+02
      vertex 1.864178e+03 -8.112463e+01 5.536387e+02
    endloop
  endfacet
  facet normal -0.000000e+00 -1.000000e+00 0.000000e+00
    outer loop
      vertex 1.864178e+03 -8.112463e+01 5.536387e+02
      vertex 1.894759e+03 -8.112463e+01 5.535492e+02
      vertex 1.894759e+03 -8.112463e+01 5.578959e+02
    endloop
  endfacet
  facet normal 0.000000e+00 -1.000000e+00 -0.000000e+00
    outer loop
      vertex 1.864178e+03 -8.112463e+01 5.536387e+02
      vertex 1.894759e+03 -8.112463e+01 5.578959e+02
      vertex 1.864178e+03 -8.112463e+01 5.578959e+02
    endloop
  endfacet
  facet normal 0.000000e+00 -1.000000e+00 0.000000e+00
    outer loop
      vertex 1.864178e+03 -8.112463e+01 5.536387e+02
      vertex 1.858575e+03 -8.112463e+01 5.536387e+02
      vertex 1.841619e+03 -8.112463e+01 5.532723e+02
    endloop
  endfacet
  facet normal 0.000000e+00 -1.000000e+00 0.000000e+00
    outer loop
      vertex 1.841619e+03 -8.112463e+01 5.532723e+02
      vertex 1.858575e+03 -8.112463e+01 5.536387e+02
      vertex 1.851250e+03 -8.112463e+01 5.537433e+02
    endloop
  endfacet
  facet normal 0.000000e+00 -1.000000e+00 -0.000000e+00
    outer loop
      vertex 1.841619e+03 -8.112463e+01 5.532723e+02
      vertex 1.851250e+03 -8.112463e+01 5.537433e+02
      vertex 1.841619e+03 -8.112463e+01 5.570405e+02
    endloop
  endfacet
  facet normal 0.000000e+00 -1.000000e+00 0.000000e+00
    outer loop
      vertex 1.841619e+03 -8.112463e+01 5.570405e+02
      vertex 1.851250e+03 -8.112463e+01 5.537433e+02
      vertex 1.851250e+03 -8.112463e+01 5.570405e+02
    endloop
  endfacet
  facet normal 0.000000e+00 -1.000000e+00 0.000000e+00
    outer loop
      vertex 1.851250e+03 -8.112463e+01 5.537433e+02
      vertex 1.858575e+03 -8.112463e+01 5.536387e+02
      vertex 1.854913e+03 -8.112463e+01 5.537433e+02
    endloop
  endfacet
  facet normal -0.000000e+00 -1.000000e+00 0.000000e+00
    outer loop
      vertex 1.854913e+03 -8.112463e+01 5.537433e+02
      vertex 1.858575e+03 -8.112463e+01 5.536387e+02
      vertex 1.858575e+03 -8.112463e+01 5.578959e+02
    endloop
  endfacet
  facet normal 0.000000e+00 -1.000000e+00 -0.000000e+00
    outer loop
      vertex 1.854913e+03 -8.112463e+01 5.537433e+02
      vertex 1.858575e+03 -8.112463e+01 5.578959e+02
      vertex 1.854913e+03 -8.112463e+01 5.578959e+02
    endloop
  endfacet
  facet normal 0.000000e+00 -1.000000e+00 -1.511807e-05
    outer loop
      vertex 1.630851e+03 -8.112466e+01 5.535864e+02
      vertex 1.627299e+03 -8.112466e+01 5.535864e+02
      vertex 2.204391e+03 -8.112460e+01 5.495492e+02
    endloop
  endfacet
  facet normal 7.469445e-09 -1.000000e+00 -1.405037e-05
    outer loop
      vertex 2.204391e+03 -8.112460e+01 5.495492e+02
      vertex 1.627299e+03 -8.112466e+01 5.535864e+02
      vertex 1.557265e+03 -8.112466e+01 5.535492e+02
    endloop
  endfacet
  facet normal 0.000000e+00 -1.000000e+00 0.000000e+00
    outer loop
      vertex 1.557265e+03 -8.112466e+01 5.535492e+02
      vertex 1.627299e+03 -8.112466e+01 5.535864e+02
      vertex 1.608108e+03 -8.112466e+01 5.535864e+02
    endloop
  endfacet
  facet normal -0.000000e+00 -1.000000e+00 0.000000e+00
    outer loop
      vertex 1.608108e+03 -8.112466e+01 5.535864e+02
      vertex 1.627299e+03 -8.112466e+01 5.535864e+02
      vertex 1.627299e+03 -8.112466e+01 5.578959e+02
    endloop
  endfacet
  facet normal 0.000000e+00 -1.000000e+00 -0.000000e+00
    outer loop
      vertex 1.608108e+03 -8.112466e+01 5.535864e+02
      vertex 1.627299e+03 -8.112466e+01 5.578959e+02
      vertex 1.608108e+03 -8.112466e+01 5.578959e+02
    endloop
  endfacet
  facet normal 0.000000e+00 -1.000000e+00 0.000000e+00
    outer loop
      vertex 1.506421e+03 -8.112466e+01 5.578959e+02
      vertex 1.487231e+03 -8.112466e+01 5.578959e+02
      vertex 1.487231e+03 -8.112466e+01 5.535864e+02
    endloop
  endfacet
  facet normal 0.000000e+00 -1.000000e+00 6.524008e-06
    outer loop
      vertex 1.487231e+03 -8.112466e+01 5.535864e+02
      vertex 1.483678e+03 -8.112466e+01 5.535864e+02
      vertex 9.101384e+02 -8.112473e+01 5.442310e+02
    endloop
  endfacet
  facet normal 0.000000e+00 -1.000000e+00 6.524017e-06
    outer loop
      vertex 9.101384e+02 -8.112473e+01 5.442310e+02
      vertex 1.483678e+03 -8.112466e+01 5.535864e+02
      vertex 1.448849e+03 -8.112466e+01 5.535864e+02
    endloop
  endfacet
  facet normal 1.803485e-07 -1.000000e+00 -3.860901e-06
    outer loop
      vertex 9.101384e+02 -8.112473e+01 5.442310e+02
      vertex 1.448849e+03 -8.112466e+01 5.535864e+02
      vertex 1.272911e+03 -8.112469e+01 5.532723e+02
    endloop
  endfacet
  facet normal 0.000000e+00 -1.000000e+00 0.000000e+00
    outer loop
      vertex 1.483678e+03 -8.112466e+01 5.535864e+02
      vertex 1.483678e+03 -8.112466e+01 5.578959e+02
      vertex 1.448849e+03 -8.112466e+01 5.535864e+02
    endloop
  endfacet
  facet normal 0.000000e+00 -1.000000e+00 -0.000000e+00
    outer loop
      vertex 1.448849e+03 -8.112466e+01 5.535864e+02
      vertex 1.483678e+03 -8.112466e+01 5.578959e+02
      vertex 1.448849e+03 -8.112466e+01 5.578959e+02
    endloop
  endfacet
  facet normal 0.000000e+00 -1.000000e+00 0.000000e+00
    outer loop
      vertex 1.272911e+03 -8.112469e+01 5.570406e+02
      vertex 1.263279e+03 -8.112469e+01 5.537434e+02
      vertex 1.272911e+03 -8.112469e+01 5.532723e+02
    endloop
  endfacet
  facet normal 0.000000e+00 -1.000000e+00 0.000000e+00
    outer loop
      vertex 1.272911e+03 -8.112469e+01 5.532723e+02
      vertex 1.263279e+03 -8.112469e+01 5.537434e+02
      vertex 1.255954e+03 -8.112469e+01 5.536387e+02
    endloop
  endfacet
  facet normal 0.000000e+00 -1.000000e+00 0.000000e+00
    outer loop
      vertex 1.272911e+03 -8.112469e+01 5.532723e+02
      vertex 1.255954e+03 -8.112469e+01 5.536387e+02
      vertex 1.250351e+03 -8.112469e+01 5.536387e+02
    endloop
  endfacet
  facet normal 0.000000e+00 -1.000000e+00 0.000000e+00
    outer loop
      vertex 1.272911e+03 -8.112469e+01 5.570406e+02
      vertex 1.263279e+03 -8.112469e+01 5.570406e+02
      vertex 1.263279e+03 -8.112469e+01 5.537434e+02
    endloop
  endfacet
  facet normal 0.000000e+00 -1.000000e+00 0.000000e+00
    outer loop
      vertex 1.263279e+03 -8.112469e+01 5.537434e+02
      vertex 1.259617e+03 -8.112469e+01 5.537434e+02
      vertex 1.255954e+03 -8.112469e+01 5.536387e+02
    endloop
  endfacet
  facet normal 0.000000e+00 -1.000000e+00 -0.000000e+00
    outer loop
      vertex 1.255954e+03 -8.112469e+01 5.536387e+02
      vertex 1.259617e+03 -8.112469e+01 5.537434e+02
      vertex 1.255954e+03 -8.112469e+01 5.578959e+02
    endloop
  endfacet
  facet normal 0.000000e+00 -1.000000e+00 0.000000e+00
    outer loop
      vertex 1.255954e+03 -8.112469e+01 5.578959e+02
      vertex 1.259617e+03 -8.112469e+01 5.537434e+02
      vertex 1.259617e+03 -8.112469e+01 5.578959e+02
    endloop
  endfacet
  facet normal 0.000000e+00 -1.000000e+00 0.000000e+00
    outer loop
      vertex 1.250351e+03 -8.112469e+01 5.578959e+02
      vertex 1.219771e+03 -8.112469e+01 5.578959e+02
      vertex 1.250351e+03 -8.112469e+01 5.536387e+02
    endloop
  endfacet
  facet normal 0.000000e+00 -1.000000e+00 0.000000e+00
    outer loop
      vertex 1.250351e+03 -8.112469e+01 5.536387e+02
      vertex 1.219771e+03 -8.112469e+01 5.578959e+02
      vertex 1.219771e+03 -8.112469e+01 5.535492e+02
    endloop
  endfacet
  facet normal 0.000000e+00 -1.000000e+00 0.000000e+00
    outer loop
      vertex 1.250351e+03 -8.112469e+01 5.536387e+02
      vertex 1.219771e+03 -8.112469e+01 5.535492e+02
      vertex 1.272911e+03 -8.112469e+01 5.532723e+02
    endloop
  endfacet
  facet normal 0.000000e+00 -1.000000e+00 0.000000e+00
    outer loop
      vertex 1.272911e+03 -8.112469e+01 5.532723e+02
      vertex 1.219771e+03 -8.112469e+01 5.535492e+02
      vertex 1.119121e+03 -8.112469e+01 5.535493e+02
    endloop
  endfacet
  facet normal 2.313806e-08 -1.000000e+00 1.284726e-05
    outer loop
      vertex 1.272911e+03 -8.112469e+01 5.532723e+02
      vertex 1.119121e+03 -8.112469e+01 5.535493e+02
      vertex 9.106743e+02 -8.112473e+01 5.515493e+02
    endloop
  endfacet
  facet normal 0.000000e+00 -1.000000e+00 1.525879e-05
    outer loop
      vertex 9.106743e+02 -8.112473e+01 5.515493e+02
      vertex 1.119121e+03 -8.112469e+01 5.535493e+02
      vertex 1.102548e+03 -8.112469e+01 5.535493e+02
    endloop
  endfacet
  facet normal 0.000000e+00 -1.000000e+00 1.525879e-05
    outer loop
      vertex 9.106743e+02 -8.112473e+01 5.515493e+02
      vertex 1.102548e+03 -8.112469e+01 5.535493e+02
      vertex 1.033424e+03 -8.112469e+01 5.535493e+02
    endloop
  endfacet
  facet normal -0.000000e+00 -1.000000e+00 -0.000000e+00
    outer loop
      vertex 1.102548e+03 -8.112469e+01 5.535493e+02
      vertex 1.119121e+03 -8.112469e+01 5.535493e+02
      vertex 1.102548e+03 -8.112469e+01 5.578781e+02
    endloop
  endfacet
  facet normal 0.000000e+00 -1.000000e+00 0.000000e+00
    outer loop
      vertex 1.102548e+03 -8.112469e+01 5.578781e+02
      vertex 1.119121e+03 -8.112469e+01 5.535493e+02
      vertex 1.119752e+03 -8.112469e+01 5.578781e+02
    endloop
  endfacet
  facet normal -0.000000e+00 -1.000000e+00 0.000000e+00
    outer loop
      vertex 1.102548e+03 -8.112469e+01 5.578781e+02
      vertex 1.119752e+03 -8.112469e+01 5.578781e+02
      vertex 1.119740e+03 -8.112469e+01 5.578840e+02
    endloop
  endfacet
  facet normal 0.000000e+00 -1.000000e+00 0.000000e+00
    outer loop
      vertex 1.119727e+03 -8.112469e+01 5.578900e+02
      vertex 1.102573e+03 -8.112469e+01 5.578900e+02
      vertex 1.119740e+03 -8.112469e+01 5.578840e+02
    endloop
  endfacet
  facet normal 0.000000e+00 -1.000000e+00 0.000000e+00
    outer loop
      vertex 1.119740e+03 -8.112469e+01 5.578840e+02
      vertex 1.102573e+03 -8.112469e+01 5.578900e+02
      vertex 1.102561e+03 -8.112469e+01 5.578840e+02
    endloop
  endfacet
  facet normal 0.000000e+00 -1.000000e+00 0.000000e+00
    outer loop
      vertex 1.119740e+03 -8.112469e+01 5.578840e+02
      vertex 1.102561e+03 -8.112469e+01 5.578840e+02
      vertex 1.102548e+03 -8.112469e+01 5.578781e+02
    endloop
  endfacet
  facet normal 0.000000e+00 -1.000000e+00 0.000000e+00
    outer loop
      vertex 1.119714e+03 -8.112469e+01 5.578960e+02
      vertex 1.102586e+03 -8.112469e+01 5.578960e+02
      vertex 1.119727e+03 -8.112469e+01 5.578900e+02
    endloop
  endfacet
  facet normal 0.000000e+00 -1.000000e+00 0.000000e+00
    outer loop
      vertex 1.119727e+03 -8.112469e+01 5.578900e+02
      vertex 1.102586e+03 -8.112469e+01 5.578960e+02
      vertex 1.102573e+03 -8.112469e+01 5.578900e+02
    endloop
  endfacet
  facet normal 0.000000e+00 -1.000000e+00 0.000000e+00
    outer loop
      vertex 1.034713e+03 -8.112469e+01 5.571978e+02
      vertex 1.015083e+03 -8.112469e+01 5.571978e+02
      vertex 1.033424e+03 -8.112469e+01 5.535493e+02
    endloop
  endfacet
  facet normal 0.000000e+00 -1.000000e+00 0.000000e+00
    outer loop
      vertex 1.033424e+03 -8.112469e+01 5.535493e+02
      vertex 1.015083e+03 -8.112469e+01 5.571978e+02
      vertex 1.015145e+03 -8.112469e+01 5.535493e+02
    endloop
  endfacet
  facet normal 0.000000e+00 -1.000000e+00 1.525879e-05
    outer loop
      vertex 1.033424e+03 -8.112469e+01 5.535493e+02
      vertex 1.015145e+03 -8.112469e+01 5.535493e+02
      vertex 9.106743e+02 -8.112473e+01 5.515493e+02
    endloop
  endfacet
  facet normal 2.978190e-07 -1.000000e+00 -2.978190e-07
    outer loop
      vertex 9.106743e+02 -8.112473e+01 5.515493e+02
      vertex 1.015145e+03 -8.112469e+01 5.535493e+02
      vertex 9.121384e+02 -8.112473e+01 5.530134e+02
    endloop
  endfacet
  facet normal 3.021360e-07 -1.000000e+00 -1.127607e-06
    outer loop
      vertex 9.121384e+02 -8.112473e+01 5.530134e+02
      vertex 1.015145e+03 -8.112469e+01 5.535493e+02
      vertex 9.141384e+02 -8.112473e+01 5.535493e+02
    endloop
  endfacet
  facet normal 0.000000e+00 -1.000000e+00 0.000000e+00
    outer loop
      vertex 1.034713e+03 -8.112469e+01 5.571978e+02
      vertex 1.034176e+03 -8.112469e+01 5.574445e+02
      vertex 1.015083e+03 -8.112469e+01 5.571978e+02
    endloop
  endfacet
  facet normal 0.000000e+00 -1.000000e+00 0.000000e+00
    outer loop
      vertex 1.015083e+03 -8.112469e+01 5.571978e+02
      vertex 1.034176e+03 -8.112469e+01 5.574445e+02
      vertex 1.015620e+03 -8.112469e+01 5.574445e+02
    endloop
  endfacet
  facet normal -0.000000e+00 -1.000000e+00 0.000000e+00
    outer loop
      vertex 1.015620e+03 -8.112469e+01 5.574445e+02
      vertex 1.034176e+03 -8.112469e+01 5.574445e+02
      vertex 1.033632e+03 -8.112469e+01 5.576772e+02
    endloop
  endfacet
  facet normal 0.000000e+00 -1.000000e+00 0.000000e+00
    outer loop
      vertex 1.015620e+03 -8.112469e+01 5.574445e+02
      vertex 1.033632e+03 -8.112469e+01 5.576772e+02
      vertex 1.016163e+03 -8.112469e+01 5.576772e+02
    endloop
  endfacet
  facet normal -0.000000e+00 -1.000000e+00 0.000000e+00
    outer loop
      vertex 1.016163e+03 -8.112469e+01 5.576772e+02
      vertex 1.033632e+03 -8.112469e+01 5.576772e+02
      vertex 1.033083e+03 -8.112469e+01 5.578960e+02
    endloop
  endfacet
  facet normal 0.000000e+00 -1.000000e+00 0.000000e+00
    outer loop
      vertex 1.016163e+03 -8.112469e+01 5.576772e+02
      vertex 1.033083e+03 -8.112469e+01 5.578960e+02
      vertex 1.016713e+03 -8.112469e+01 5.578960e+02
    endloop
  endfacet
  facet normal 8.435516e-08 -1.000000e+00 -2.260249e-08
    outer loop
      vertex 9.106743e+02 -8.112473e+01 5.515493e+02
      vertex 9.101384e+02 -8.112473e+01 5.495493e+02
      vertex 1.272911e+03 -8.112469e+01 5.532723e+02
    endloop
  endfacet
  facet normal 8.412319e-08 -1.000000e+00 0.000000e+00
    outer loop
      vertex 1.272911e+03 -8.112469e+01 5.532723e+02
      vertex 9.101384e+02 -8.112473e+01 5.495493e+02
      vertex 9.101384e+02 -8.112473e+01 5.442310e+02
    endloop
  endfacet
  facet normal 0.000000e+00 -8.354037e-01 5.496369e-01
    outer loop
      vertex 1.033083e+03 -8.112469e+01 5.578960e+02
      vertex 1.024898e+03 -8.012808e+01 5.594108e+02
      vertex 1.016713e+03 -8.112469e+01 5.578960e+02
    endloop
  endfacet
  facet normal 0.000000e+00 -8.354171e-01 5.496165e-01
    outer loop
      vertex 1.119714e+03 -8.112469e+01 5.578960e+02
      vertex 1.111150e+03 -7.987500e+01 5.597955e+02
      vertex 1.102586e+03 -8.112469e+01 5.578960e+02
    endloop
  endfacet
  facet normal 0.000000e+00 -8.354127e-01 5.496233e-01
    outer loop
      vertex 1.250351e+03 -8.112469e+01 5.578959e+02
      vertex 1.250351e+03 -7.948370e+01 5.603901e+02
      vertex 1.219771e+03 -8.112469e+01 5.578959e+02
    endloop
  endfacet
  facet normal 0.000000e+00 -8.354127e-01 5.496233e-01
    outer loop
      vertex 1.219771e+03 -8.112469e+01 5.578959e+02
      vertex 1.250351e+03 -7.948370e+01 5.603901e+02
      vertex 1.219771e+03 -7.948370e+01 5.603901e+02
    endloop
  endfacet
  facet normal 0.000000e+00 -8.354183e-01 5.496146e-01
    outer loop
      vertex 1.259617e+03 -8.112469e+01 5.578959e+02
      vertex 1.259617e+03 -7.917383e+01 5.608612e+02
      vertex 1.255954e+03 -8.112469e+01 5.578959e+02
    endloop
  endfacet
  facet normal 0.000000e+00 -8.354183e-01 5.496146e-01
    outer loop
      vertex 1.255954e+03 -8.112469e+01 5.578959e+02
      vertex 1.259617e+03 -7.917383e+01 5.608612e+02
      vertex 1.255954e+03 -7.917383e+01 5.608612e+02
    endloop
  endfacet
  facet normal 0.000000e+00 -8.354114e-01 5.496251e-01
    outer loop
      vertex 1.483678e+03 -8.112466e+01 5.578959e+02
      vertex 1.483678e+03 -7.962140e+01 5.601808e+02
      vertex 1.448849e+03 -8.112466e+01 5.578959e+02
    endloop
  endfacet
  facet normal 0.000000e+00 -8.354114e-01 5.496251e-01
    outer loop
      vertex 1.448849e+03 -8.112466e+01 5.578959e+02
      vertex 1.483678e+03 -7.962140e+01 5.601808e+02
      vertex 1.448849e+03 -7.962140e+01 5.601808e+02
    endloop
  endfacet
  facet normal 0.000000e+00 -8.354085e-01 5.496295e-01
    outer loop
      vertex 1.506421e+03 -8.112466e+01 5.578959e+02
      vertex 1.497156e+03 -8.027560e+01 5.591864e+02
      vertex 1.487231e+03 -8.112466e+01 5.578959e+02
    endloop
  endfacet
  facet normal 3.612768e-06 -8.354213e-01 5.496101e-01
    outer loop
      vertex 1.487231e+03 -8.112466e+01 5.578959e+02
      vertex 1.497156e+03 -8.027560e+01 5.591864e+02
      vertex 1.494100e+03 -8.029947e+01 5.591501e+02
    endloop
  endfacet
  facet normal 2.444603e-06 -8.354183e-01 5.496146e-01
    outer loop
      vertex 1.487231e+03 -8.112466e+01 5.578959e+02
      vertex 1.494100e+03 -8.029947e+01 5.591501e+02
      vertex 1.487231e+03 -7.917380e+01 5.608612e+02
    endloop
  endfacet
  facet normal 0.000000e+00 -8.354228e-01 5.496078e-01
    outer loop
      vertex 1.487231e+03 -7.917380e+01 5.608612e+02
      vertex 1.494100e+03 -8.029947e+01 5.591501e+02
      vertex 1.494100e+03 -7.917380e+01 5.608612e+02
    endloop
  endfacet
  facet normal 0.000000e+00 -8.354084e-01 5.496296e-01
    outer loop
      vertex 1.506421e+03 -8.027560e+01 5.591864e+02
      vertex 1.501440e+03 -8.027560e+01 5.591864e+02
      vertex 1.506421e+03 -8.112466e+01 5.578959e+02
    endloop
  endfacet
  facet normal 0.000000e+00 -8.354085e-01 5.496295e-01
    outer loop
      vertex 1.506421e+03 -8.112466e+01 5.578959e+02
      vertex 1.501440e+03 -8.027560e+01 5.591864e+02
      vertex 1.497156e+03 -8.027560e+01 5.591864e+02
    endloop
  endfacet
  facet normal 0.000000e+00 -8.354200e-01 5.496121e-01
    outer loop
      vertex 1.501440e+03 -8.027560e+01 5.591864e+02
      vertex 1.501440e+03 -7.662582e+01 5.647341e+02
      vertex 1.497156e+03 -8.027560e+01 5.591864e+02
    endloop
  endfacet
  facet normal 0.000000e+00 -8.354200e-01 5.496121e-01
    outer loop
      vertex 1.497156e+03 -8.027560e+01 5.591864e+02
      vertex 1.501440e+03 -7.662582e+01 5.647341e+02
      vertex 1.497156e+03 -7.662582e+01 5.647341e+02
    endloop
  endfacet
  facet normal -2.454382e-06 -8.354183e-01 5.496146e-01
    outer loop
      vertex 1.627299e+03 -7.917380e+01 5.608612e+02
      vertex 1.620430e+03 -8.029947e+01 5.591501e+02
      vertex 1.627299e+03 -8.112466e+01 5.578959e+02
    endloop
  endfacet
  facet normal -3.612768e-06 -8.354213e-01 5.496101e-01
    outer loop
      vertex 1.627299e+03 -8.112466e+01 5.578959e+02
      vertex 1.620430e+03 -8.029947e+01 5.591501e+02
      vertex 1.617374e+03 -8.027560e+01 5.591864e+02
    endloop
  endfacet
  facet normal 0.000000e+00 -8.354084e-01 5.496296e-01
    outer loop
      vertex 1.627299e+03 -8.112466e+01 5.578959e+02
      vertex 1.617374e+03 -8.027560e+01 5.591864e+02
      vertex 1.608108e+03 -8.112466e+01 5.578959e+02
    endloop
  endfacet
  facet normal 0.000000e+00 -8.354085e-01 5.496296e-01
    outer loop
      vertex 1.608108e+03 -8.112466e+01 5.578959e+02
      vertex 1.617374e+03 -8.027560e+01 5.591864e+02
      vertex 1.613089e+03 -8.027560e+01 5.591864e+02
    endloop
  endfacet
  facet normal 0.000000e+00 -8.354084e-01 5.496296e-01
    outer loop
      vertex 1.608108e+03 -8.112466e+01 5.578959e+02
      vertex 1.613089e+03 -8.027560e+01 5.591864e+02
      vertex 1.608108e+03 -8.027560e+01 5.591864e+02
    endloop
  endfacet
  facet normal 0.000000e+00 -8.354228e-01 5.496078e-01
    outer loop
      vertex 1.627299e+03 -7.917380e+01 5.608612e+02
      vertex 1.620430e+03 -7.917380e+01 5.608612e+02
      vertex 1.620430e+03 -8.029947e+01 5.591501e+02
    endloop
  endfacet
  facet normal 0.000000e+00 -8.354200e-01 5.496121e-01
    outer loop
      vertex 1.617374e+03 -8.027560e+01 5.591864e+02
      vertex 1.617374e+03 -7.662582e+01 5.647341e+02
      vertex 1.613089e+03 -8.027560e+01 5.591864e+02
    endloop
  endfacet
  facet normal 0.000000e+00 -8.354200e-01 5.496121e-01
    outer loop
      vertex 1.613089e+03 -8.027560e+01 5.591864e+02
      vertex 1.617374e+03 -7.662582e+01 5.647341e+02
      vertex 1.613089e+03 -7.662582e+01 5.647341e+02
    endloop
  endfacet
  facet normal 7.320003e-07 -8.354114e-01 5.496251e-01
    outer loop
      vertex 1.665680e+03 -8.112463e+01 5.578959e+02
      vertex 1.665680e+03 -7.962137e+01 5.601808e+02
      vertex 1.630851e+03 -8.112466e+01 5.578959e+02
    endloop
  endfacet
  facet normal 7.333299e-07 -8.354114e-01 5.496251e-01
    outer loop
      vertex 1.630851e+03 -8.112466e+01 5.578959e+02
      vertex 1.665680e+03 -7.962137e+01 5.601808e+02
      vertex 1.630851e+03 -7.962140e+01 5.601808e+02
    endloop
  endfacet
  facet normal 0.000000e+00 -8.354183e-01 5.496146e-01
    outer loop
      vertex 1.858575e+03 -8.112463e+01 5.578959e+02
      vertex 1.858575e+03 -7.917377e+01 5.608612e+02
      vertex 1.854913e+03 -8.112463e+01 5.578959e+02
    endloop
  endfacet
  facet normal 0.000000e+00 -8.354183e-01 5.496146e-01
    outer loop
      vertex 1.854913e+03 -8.112463e+01 5.578959e+02
      vertex 1.858575e+03 -7.917377e+01 5.608612e+02
      vertex 1.854913e+03 -7.917377e+01 5.608612e+02
    endloop
  endfacet
  facet normal 0.000000e+00 -8.354126e-01 5.496233e-01
    outer loop
      vertex 1.894759e+03 -8.112463e+01 5.578959e+02
      vertex 1.894759e+03 -7.948364e+01 5.603901e+02
      vertex 1.864178e+03 -8.112463e+01 5.578959e+02
    endloop
  endfacet
  facet normal 0.000000e+00 -8.354126e-01 5.496233e-01
    outer loop
      vertex 1.864178e+03 -8.112463e+01 5.578959e+02
      vertex 1.894759e+03 -7.948364e+01 5.603901e+02
      vertex 1.864178e+03 -7.948364e+01 5.603901e+02
    endloop
  endfacet
  facet normal 1.488515e-06 -8.354140e-01 5.496212e-01
    outer loop
      vertex 1.994816e+03 -8.112463e+01 5.578959e+02
      vertex 2.011943e+03 -8.112460e+01 5.578959e+02
      vertex 2.003379e+03 -7.987491e+01 5.597954e+02
    endloop
  endfacet
  facet normal 0.000000e+00 -8.354037e-01 5.496369e-01
    outer loop
      vertex 2.081447e+03 -8.112460e+01 5.578959e+02
      vertex 2.097817e+03 -8.112460e+01 5.578959e+02
      vertex 2.089632e+03 -8.012799e+01 5.594106e+02
    endloop
  endfacet
  facet normal -8.146194e-06 1.000000e+00 2.773306e-06
    outer loop
      vertex 2.338487e+03 1.421998e+02 2.523353e+02
      vertex 2.338487e+03 1.421999e+02 2.303272e+02
      vertex 2.337515e+03 1.421998e+02 2.494790e+02
    endloop
  endfacet
  facet normal -4.949967e-06 1.000000e+00 2.935591e-06
    outer loop
      vertex 2.337515e+03 1.421998e+02 2.494790e+02
      vertex 2.338487e+03 1.421999e+02 2.303272e+02
      vertex 2.337200e+03 1.421998e+02 2.489484e+02
    endloop
  endfacet
  facet normal -2.236495e-06 1.000000e+00 3.123149e-06
    outer loop
      vertex 2.337200e+03 1.421998e+02 2.489484e+02
      vertex 2.338487e+03 1.421999e+02 2.303272e+02
      vertex 2.336699e+03 1.421998e+02 2.485893e+02
    endloop
  endfacet
  facet normal -6.880983e-07 1.000000e+00 3.274798e-06
    outer loop
      vertex 2.336699e+03 1.421998e+02 2.485893e+02
      vertex 2.338487e+03 1.421999e+02 2.303272e+02
      vertex 2.336095e+03 1.421998e+02 2.484624e+02
    endloop
  endfacet
  facet normal -0.000000e+00 1.000000e+00 3.365570e-06
    outer loop
      vertex 2.336095e+03 1.421998e+02 2.484624e+02
      vertex 2.338487e+03 1.421999e+02 2.303272e+02
      vertex 2.326219e+03 1.421998e+02 2.484624e+02
    endloop
  endfacet
  facet normal 1.575744e-07 1.000000e+00 3.472172e-06
    outer loop
      vertex 2.326219e+03 1.421998e+02 2.484624e+02
      vertex 2.338487e+03 1.421999e+02 2.303272e+02
      vertex 2.288161e+03 1.421998e+02 2.501895e+02
    endloop
  endfacet
  facet normal 0.000000e+00 1.000000e+00 0.000000e+00
    outer loop
      vertex 2.326219e+03 1.421998e+02 2.484624e+02
      vertex 2.288161e+03 1.421998e+02 2.501895e+02
      vertex 2.326219e+03 1.421998e+02 2.486895e+02
    endloop
  endfacet
  facet normal 0.000000e+00 1.000000e+00 0.000000e+00
    outer loop
      vertex 2.326219e+03 1.421998e+02 2.486895e+02
      vertex 2.288161e+03 1.421998e+02 2.501895e+02
      vertex 2.326018e+03 1.421998e+02 2.494395e+02
    endloop
  endfacet
  facet normal 0.000000e+00 1.000000e+00 0.000000e+00
    outer loop
      vertex 2.326018e+03 1.421998e+02 2.494395e+02
      vertex 2.288161e+03 1.421998e+02 2.501895e+02
      vertex 2.325469e+03 1.421998e+02 2.499886e+02
    endloop
  endfacet
  facet normal 0.000000e+00 1.000000e+00 0.000000e+00
    outer loop
      vertex 2.325469e+03 1.421998e+02 2.499886e+02
      vertex 2.288161e+03 1.421998e+02 2.501895e+02
      vertex 2.324719e+03 1.421998e+02 2.501895e+02
    endloop
  endfacet
  facet normal -7.812752e-08 1.000000e+00 2.874963e-06
    outer loop
      vertex 2.338487e+03 1.421999e+02 2.303272e+02
      vertex 7.760422e+02 1.421998e+02 2.303274e+02
      vertex 2.288161e+03 1.421998e+02 2.501895e+02
    endloop
  endfacet
  facet normal -8.350695e-08 1.000000e+00 3.284503e-06
    outer loop
      vertex 2.288161e+03 1.421998e+02 2.501895e+02
      vertex 7.760422e+02 1.421998e+02 2.303274e+02
      vertex 8.263680e+02 1.421997e+02 2.501896e+02
    endloop
  endfacet
  facet normal -8.350723e-08 1.000000e+00 7.127807e-10
    outer loop
      vertex 2.288161e+03 1.421998e+02 2.501895e+02
      vertex 8.263680e+02 1.421997e+02 2.501896e+02
      vertex 2.288203e+03 1.421998e+02 2.551092e+02
    endloop
  endfacet
  facet normal -8.350244e-08 1.000000e+00 -7.127398e-10
    outer loop
      vertex 2.288203e+03 1.421998e+02 2.551092e+02
      vertex 8.263680e+02 1.421997e+02 2.501896e+02
      vertex 8.263260e+02 1.421997e+02 2.551093e+02
    endloop
  endfacet
  facet normal -8.350244e-08 1.000000e+00 0.000000e+00
    outer loop
      vertex 2.288203e+03 1.421998e+02 2.551092e+02
      vertex 8.263260e+02 1.421997e+02 2.551093e+02
      vertex 8.263260e+02 1.421997e+02 2.578308e+02
    endloop
  endfacet
  facet normal 0.000000e+00 1.000000e+00 0.000000e+00
    outer loop
      vertex 8.263260e+02 1.421997e+02 2.578308e+02
      vertex 8.263260e+02 1.421997e+02 2.551093e+02
      vertex 8.008362e+02 1.421997e+02 2.575750e+02
    endloop
  endfacet
  facet normal 0.000000e+00 1.000000e+00 0.000000e+00
    outer loop
      vertex 8.263260e+02 1.421997e+02 2.578308e+02
      vertex 8.008362e+02 1.421997e+02 2.575750e+02
      vertex 8.157419e+02 1.421997e+02 2.578308e+02
    endloop
  endfacet
  facet normal -0.000000e+00 1.000000e+00 0.000000e+00
    outer loop
      vertex 8.157419e+02 1.421997e+02 2.578308e+02
      vertex 8.008362e+02 1.421997e+02 2.575750e+02
      vertex 8.009486e+02 1.421997e+02 2.579839e+02
    endloop
  endfacet
  facet normal 0.000000e+00 1.000000e+00 0.000000e+00
    outer loop
      vertex 8.157419e+02 1.421997e+02 2.578308e+02
      vertex 8.009486e+02 1.421997e+02 2.579839e+02
      vertex 8.012542e+02 1.421997e+02 2.582779e+02
    endloop
  endfacet
  facet normal 8.146194e-06 1.000000e+00 2.773306e-06
    outer loop
      vertex 7.760422e+02 1.421997e+02 2.523354e+02
      vertex 7.770146e+02 1.421997e+02 2.494791e+02
      vertex 7.760422e+02 1.421998e+02 2.303274e+02
    endloop
  endfacet
  facet normal 4.950851e-06 1.000000e+00 2.935546e-06
    outer loop
      vertex 7.760422e+02 1.421998e+02 2.303274e+02
      vertex 7.770146e+02 1.421997e+02 2.494791e+02
      vertex 7.773292e+02 1.421997e+02 2.489485e+02
    endloop
  endfacet
  facet normal 2.235982e-06 1.000000e+00 3.123192e-06
    outer loop
      vertex 7.760422e+02 1.421998e+02 2.303274e+02
      vertex 7.773292e+02 1.421997e+02 2.489485e+02
      vertex 7.778308e+02 1.421997e+02 2.485894e+02
    endloop
  endfacet
  facet normal 6.881660e-07 1.000000e+00 3.274789e-06
    outer loop
      vertex 7.778308e+02 1.421997e+02 2.485894e+02
      vertex 7.784345e+02 1.421997e+02 2.484625e+02
      vertex 7.760422e+02 1.421998e+02 2.303274e+02
    endloop
  endfacet
  facet normal 0.000000e+00 1.000000e+00 3.365570e-06
    outer loop
      vertex 7.760422e+02 1.421998e+02 2.303274e+02
      vertex 7.784345e+02 1.421997e+02 2.484625e+02
      vertex 7.883110e+02 1.421997e+02 2.484625e+02
    endloop
  endfacet
  facet normal -1.575749e-07 1.000000e+00 3.472173e-06
    outer loop
      vertex 7.760422e+02 1.421998e+02 2.303274e+02
      vertex 7.883110e+02 1.421997e+02 2.484625e+02
      vertex 8.263680e+02 1.421997e+02 2.501896e+02
    endloop
  endfacet
  facet normal 0.000000e+00 1.000000e+00 0.000000e+00
    outer loop
      vertex 8.263680e+02 1.421997e+02 2.501896e+02
      vertex 7.883110e+02 1.421997e+02 2.484625e+02
      vertex 7.883110e+02 1.421997e+02 2.486896e+02
    endloop
  endfacet
  facet normal 0.000000e+00 1.000000e+00 0.000000e+00
    outer loop
      vertex 8.263680e+02 1.421997e+02 2.501896e+02
      vertex 7.883110e+02 1.421997e+02 2.486896e+02
      vertex 7.885120e+02 1.421997e+02 2.494396e+02
    endloop
  endfacet
  facet normal 0.000000e+00 1.000000e+00 0.000000e+00
    outer loop
      vertex 7.885120e+02 1.421997e+02 2.494396e+02
      vertex 7.890610e+02 1.421997e+02 2.499887e+02
      vertex 8.263680e+02 1.421997e+02 2.501896e+02
    endloop
  endfacet
  facet normal 0.000000e+00 1.000000e+00 0.000000e+00
    outer loop
      vertex 8.263680e+02 1.421997e+02 2.501896e+02
      vertex 7.890610e+02 1.421997e+02 2.499887e+02
      vertex 7.898110e+02 1.421997e+02 2.501896e+02
    endloop
  endfacet
  facet normal -0.000000e+00 1.000000e+00 0.000000e+00
    outer loop
      vertex 8.263260e+02 1.421997e+02 2.551093e+02
      vertex 8.008362e+02 1.421997e+02 2.551093e+02
      vertex 8.008362e+02 1.421997e+02 2.575750e+02
    endloop
  endfacet
  facet normal 0.000000e+00 1.000000e+00 0.000000e+00
    outer loop
      vertex 8.012542e+02 1.421997e+02 2.582779e+02
      vertex 8.016671e+02 1.421997e+02 2.583745e+02
      vertex 8.157419e+02 1.421997e+02 2.578308e+02
    endloop
  endfacet
  facet normal -8.350244e-08 1.000000e+00 0.000000e+00
    outer loop
      vertex 2.288203e+03 1.421998e+02 2.551092e+02
      vertex 8.263260e+02 1.421997e+02 2.578308e+02
      vertex 2.288203e+03 1.421998e+02 2.578307e+02
    endloop
  endfacet
  facet normal -8.350011e-08 1.000000e+00 2.776659e-05
    outer loop
      vertex 2.288203e+03 1.421998e+02 2.578307e+02
      vertex 8.263260e+02 1.421997e+02 2.578308e+02
      vertex 8.263260e+02 1.421996e+02 2.600290e+02
    endloop
  endfacet
  facet normal -8.350011e-08 1.000000e+00 2.776659e-05
    outer loop
      vertex 2.288203e+03 1.421998e+02 2.578307e+02
      vertex 8.263260e+02 1.421996e+02 2.600290e+02
      vertex 2.288203e+03 1.421998e+02 2.600288e+02
    endloop
  endfacet
  facet normal -8.350243e-08 1.000000e+00 1.285486e-07
    outer loop
      vertex 2.288203e+03 1.421998e+02 2.600288e+02
      vertex 8.263260e+02 1.421996e+02 2.600290e+02
      vertex 2.292635e+03 1.421998e+02 2.629074e+02
    endloop
  endfacet
  facet normal 0.000000e+00 1.000000e+00 0.000000e+00
    outer loop
      vertex 2.288203e+03 1.421998e+02 2.600288e+02
      vertex 2.292635e+03 1.421998e+02 2.629074e+02
      vertex 2.296700e+03 1.421998e+02 2.600288e+02
    endloop
  endfacet
  facet normal 0.000000e+00 1.000000e+00 0.000000e+00
    outer loop
      vertex 2.296700e+03 1.421998e+02 2.600288e+02
      vertex 2.292635e+03 1.421998e+02 2.629074e+02
      vertex 2.296700e+03 1.421998e+02 2.629074e+02
    endloop
  endfacet
  facet normal -8.299924e-08 1.000000e+00 -1.277775e-07
    outer loop
      vertex 2.292635e+03 1.421998e+02 2.629074e+02
      vertex 8.263260e+02 1.421996e+02 2.600290e+02
      vertex 8.218946e+02 1.421996e+02 2.629075e+02
    endloop
  endfacet
  facet normal 0.000000e+00 1.000000e+00 -0.000000e+00
    outer loop
      vertex 8.218946e+02 1.421996e+02 2.629075e+02
      vertex 8.263260e+02 1.421996e+02 2.600290e+02
      vertex 8.178294e+02 1.421996e+02 2.600290e+02
    endloop
  endfacet
  facet normal 0.000000e+00 1.000000e+00 0.000000e+00
    outer loop
      vertex 8.218946e+02 1.421996e+02 2.629075e+02
      vertex 8.178294e+02 1.421996e+02 2.600290e+02
      vertex 8.178294e+02 1.421996e+02 2.629075e+02
    endloop
  endfacet
  facet normal -8.299924e-08 1.000000e+00 0.000000e+00
    outer loop
      vertex 8.218946e+02 1.421996e+02 2.629075e+02
      vertex 8.218946e+02 1.421996e+02 2.657860e+02
      vertex 2.292635e+03 1.421998e+02 2.629074e+02
    endloop
  endfacet
  facet normal -8.299924e-08 1.000000e+00 0.000000e+00
    outer loop
      vertex 2.292635e+03 1.421998e+02 2.629074e+02
      vertex 8.218946e+02 1.421996e+02 2.657860e+02
      vertex 2.292635e+03 1.421998e+02 2.657859e+02
    endloop
  endfacet
  facet normal -8.299924e-08 1.000000e+00 -3.484590e-08
    outer loop
      vertex 2.292635e+03 1.421998e+02 2.657859e+02
      vertex 8.218946e+02 1.421996e+02 2.657860e+02
      vertex 8.206860e+02 1.421996e+02 2.686646e+02
    endloop
  endfacet
  facet normal -8.286304e-08 1.000000e+00 3.479575e-08
    outer loop
      vertex 2.292635e+03 1.421998e+02 2.657859e+02
      vertex 8.206860e+02 1.421996e+02 2.686646e+02
      vertex 2.293844e+03 1.421998e+02 2.686644e+02
    endloop
  endfacet
  facet normal -8.286305e-08 1.000000e+00 0.000000e+00
    outer loop
      vertex 2.293844e+03 1.421998e+02 2.686644e+02
      vertex 8.206860e+02 1.421996e+02 2.686646e+02
      vertex 8.206860e+02 1.421996e+02 2.727468e+02
    endloop
  endfacet
  facet normal -8.286305e-08 1.000000e+00 0.000000e+00
    outer loop
      vertex 2.293844e+03 1.421998e+02 2.686644e+02
      vertex 8.206860e+02 1.421996e+02 2.727468e+02
      vertex 2.293844e+03 1.421998e+02 2.727467e+02
    endloop
  endfacet
  facet normal -8.286305e-08 1.000000e+00 -1.932700e-08
    outer loop
      vertex 2.293844e+03 1.421998e+02 2.727467e+02
      vertex 8.206860e+02 1.421996e+02 2.727468e+02
      vertex 2.293038e+03 1.421998e+02 2.762009e+02
    endloop
  endfacet
  facet normal 0.000000e+00 1.000000e+00 0.000000e+00
    outer loop
      vertex 2.293844e+03 1.421998e+02 2.727467e+02
      vertex 2.293038e+03 1.421998e+02 2.762009e+02
      vertex 2.297103e+03 1.421998e+02 2.762009e+02
    endloop
  endfacet
  facet normal -0.000000e+00 1.000000e+00 0.000000e+00
    outer loop
      vertex 8.218946e+02 1.421996e+02 2.657860e+02
      vertex 8.174266e+02 1.421996e+02 2.657860e+02
      vertex 8.206860e+02 1.421996e+02 2.686646e+02
    endloop
  endfacet
  facet normal 0.000000e+00 1.000000e+00 0.000000e+00
    outer loop
      vertex 8.206860e+02 1.421996e+02 2.686646e+02
      vertex 8.174266e+02 1.421996e+02 2.657860e+02
      vertex 8.174266e+02 1.421996e+02 2.686646e+02
    endloop
  endfacet
  facet normal 0.000000e+00 1.000000e+00 0.000000e+00
    outer loop
      vertex 8.174266e+02 1.421996e+02 2.727468e+02
      vertex 8.174266e+02 1.421996e+02 2.762010e+02
      vertex 8.206860e+02 1.421996e+02 2.727468e+02
    endloop
  endfacet
  facet normal 0.000000e+00 1.000000e+00 0.000000e+00
    outer loop
      vertex 8.206860e+02 1.421996e+02 2.727468e+02
      vertex 8.174266e+02 1.421996e+02 2.762010e+02
      vertex 8.214918e+02 1.421996e+02 2.762010e+02
    endloop
  endfacet
  facet normal -8.295378e-08 1.000000e+00 1.934963e-08
    outer loop
      vertex 8.206860e+02 1.421996e+02 2.727468e+02
      vertex 8.214918e+02 1.421996e+02 2.762010e+02
      vertex 2.293038e+03 1.421998e+02 2.762009e+02
    endloop
  endfacet
  facet normal -8.295378e-08 1.000000e+00 0.000000e+00
    outer loop
      vertex 2.293038e+03 1.421998e+02 2.762009e+02
      vertex 8.214918e+02 1.421996e+02 2.762010e+02
      vertex 8.214918e+02 1.421996e+02 2.783500e+02
    endloop
  endfacet
  facet normal -8.295378e-08 1.000000e+00 0.000000e+00
    outer loop
      vertex 2.293038e+03 1.421998e+02 2.762009e+02
      vertex 8.214918e+02 1.421996e+02 2.783500e+02
      vertex 2.293038e+03 1.421998e+02 2.783499e+02
    endloop
  endfacet
  facet normal 0.000000e+00 1.000000e+00 0.000000e+00
    outer loop
      vertex 2.297103e+03 1.421998e+02 2.762009e+02
      vertex 2.297103e+03 1.421998e+02 2.727467e+02
      vertex 2.293844e+03 1.421998e+02 2.727467e+02
    endloop
  endfacet
  facet normal 0.000000e+00 1.000000e+00 0.000000e+00
    outer loop
      vertex 2.297103e+03 1.421998e+02 2.686644e+02
      vertex 2.297103e+03 1.421998e+02 2.657859e+02
      vertex 2.293844e+03 1.421998e+02 2.686644e+02
    endloop
  endfacet
  facet normal 0.000000e+00 1.000000e+00 -0.000000e+00
    outer loop
      vertex 2.293844e+03 1.421998e+02 2.686644e+02
      vertex 2.297103e+03 1.421998e+02 2.657859e+02
      vertex 2.292635e+03 1.421998e+02 2.657859e+02
    endloop
  endfacet
  facet normal 0.000000e+00 1.000000e+00 0.000000e+00
    outer loop
      vertex 2.288203e+03 1.421998e+02 2.551092e+02
      vertex 2.288203e+03 1.421998e+02 2.578307e+02
      vertex 2.313693e+03 1.421998e+02 2.575749e+02
    endloop
  endfacet
  facet normal 0.000000e+00 1.000000e+00 0.000000e+00
    outer loop
      vertex 2.313693e+03 1.421998e+02 2.575749e+02
      vertex 2.288203e+03 1.421998e+02 2.578307e+02
      vertex 2.298788e+03 1.421998e+02 2.578307e+02
    endloop
  endfacet
  facet normal 0.000000e+00 1.000000e+00 0.000000e+00
    outer loop
      vertex 2.313693e+03 1.421998e+02 2.575749e+02
      vertex 2.298788e+03 1.421998e+02 2.578307e+02
      vertex 2.313581e+03 1.421998e+02 2.579838e+02
    endloop
  endfacet
  facet normal -0.000000e+00 1.000000e+00 0.000000e+00
    outer loop
      vertex 2.313581e+03 1.421998e+02 2.579838e+02
      vertex 2.298788e+03 1.421998e+02 2.578307e+02
      vertex 2.313275e+03 1.421998e+02 2.582778e+02
    endloop
  endfacet
  facet normal -0.000000e+00 1.000000e+00 0.000000e+00
    outer loop
      vertex 2.313275e+03 1.421998e+02 2.582778e+02
      vertex 2.298788e+03 1.421998e+02 2.578307e+02
      vertex 2.312862e+03 1.421998e+02 2.583743e+02
    endloop
  endfacet
  facet normal 0.000000e+00 1.000000e+00 0.000000e+00
    outer loop
      vertex 2.313693e+03 1.421998e+02 2.575749e+02
      vertex 2.313693e+03 1.421998e+02 2.551092e+02
      vertex 2.288203e+03 1.421998e+02 2.551092e+02
    endloop
  endfacet
  facet normal -7.812775e-08 0.000000e+00 -1.000000e+00
    outer loop
      vertex 7.760422e+02 1.421998e+02 2.303274e+02
      vertex 2.338487e+03 1.421999e+02 2.303272e+02
      vertex 7.760422e+02 1.418093e+02 2.303274e+02
    endloop
  endfacet
  facet normal -7.812775e-08 0.000000e+00 -1.000000e+00
    outer loop
      vertex 7.760422e+02 1.418093e+02 2.303274e+02
      vertex 2.338487e+03 1.421999e+02 2.303272e+02
      vertex 2.338487e+03 1.418094e+02 2.303272e+02
    endloop
  endfacet
  facet normal -7.812775e-08 1.000000e+00 0.000000e+00
    outer loop
      vertex 7.760422e+02 1.418093e+02 2.303274e+02
      vertex 2.338487e+03 1.418094e+02 2.303272e+02
      vertex 7.760422e+02 1.418093e+02 2.295465e+02
    endloop
  endfacet
  facet normal -7.812775e-08 1.000000e+00 0.000000e+00
    outer loop
      vertex 7.760422e+02 1.418093e+02 2.295465e+02
      vertex 2.338487e+03 1.418094e+02 2.303272e+02
      vertex 2.338487e+03 1.418094e+02 2.295464e+02
    endloop
  endfacet
  facet normal 0.000000e+00 7.071068e-01 -7.071068e-01
    outer loop
      vertex 7.777695e+02 1.414189e+02 2.291561e+02
      vertex 7.760422e+02 1.414189e+02 2.291561e+02
      vertex 7.785238e+02 1.416224e+02 2.293596e+02
    endloop
  endfacet
  facet normal 0.000000e+00 7.071068e-01 -7.071068e-01
    outer loop
      vertex 7.785238e+02 1.416224e+02 2.293596e+02
      vertex 7.760422e+02 1.414189e+02 2.291561e+02
      vertex 7.760422e+02 1.418093e+02 2.295465e+02
    endloop
  endfacet
  facet normal 0.000000e+00 7.071068e-01 -7.071068e-01
    outer loop
      vertex 7.785238e+02 1.416224e+02 2.293596e+02
      vertex 7.760422e+02 1.418093e+02 2.295465e+02
      vertex 7.871024e+02 1.416224e+02 2.293596e+02
    endloop
  endfacet
  facet normal -1.120761e-07 7.071035e-01 -7.071101e-01
    outer loop
      vertex 7.871024e+02 1.416224e+02 2.293596e+02
      vertex 7.760422e+02 1.418093e+02 2.295465e+02
      vertex 2.327427e+03 1.416225e+02 2.293594e+02
    endloop
  endfacet
  facet normal -1.120761e-07 7.071068e-01 -7.071067e-01
    outer loop
      vertex 7.871024e+02 1.416224e+02 2.293596e+02
      vertex 2.327427e+03 1.416225e+02 2.293594e+02
      vertex 7.868047e+02 1.414189e+02 2.291561e+02
    endloop
  endfacet
  facet normal -1.120327e-07 7.071066e-01 -7.071069e-01
    outer loop
      vertex 7.868047e+02 1.414189e+02 2.291561e+02
      vertex 2.327427e+03 1.416225e+02 2.293594e+02
      vertex 2.327725e+03 1.414190e+02 2.291559e+02
    endloop
  endfacet
  facet normal -1.104893e-07 7.071100e-01 -7.071036e-01
    outer loop
      vertex 7.760422e+02 1.418093e+02 2.295465e+02
      vertex 2.338487e+03 1.418094e+02 2.295464e+02
      vertex 2.327427e+03 1.416225e+02 2.293594e+02
    endloop
  endfacet
  facet normal 0.000000e+00 7.071068e-01 -7.071068e-01
    outer loop
      vertex 2.327427e+03 1.416225e+02 2.293594e+02
      vertex 2.338487e+03 1.418094e+02 2.295464e+02
      vertex 2.336006e+03 1.416225e+02 2.293594e+02
    endloop
  endfacet
  facet normal 0.000000e+00 7.071068e-01 -7.071068e-01
    outer loop
      vertex 2.336006e+03 1.416225e+02 2.293594e+02
      vertex 2.338487e+03 1.418094e+02 2.295464e+02
      vertex 2.338487e+03 1.414190e+02 2.291559e+02
    endloop
  endfacet
  facet normal 0.000000e+00 7.071068e-01 -7.071068e-01
    outer loop
      vertex 2.336006e+03 1.416225e+02 2.293594e+02
      vertex 2.338487e+03 1.414190e+02 2.291559e+02
      vertex 2.336760e+03 1.414190e+02 2.291559e+02
    endloop
  endfacet
  facet normal 0.000000e+00 1.000000e+00 0.000000e+00
    outer loop
      vertex 2.337201e+03 1.414190e+02 2.287655e+02
      vertex 2.337072e+03 1.414190e+02 2.289147e+02
      vertex 2.338487e+03 1.414190e+02 2.287655e+02
    endloop
  endfacet
  facet normal 0.000000e+00 1.000000e+00 0.000000e+00
    outer loop
      vertex 2.338487e+03 1.414190e+02 2.287655e+02
      vertex 2.337072e+03 1.414190e+02 2.289147e+02
      vertex 2.338487e+03 1.414190e+02 2.291559e+02
    endloop
  endfacet
  facet normal 0.000000e+00 1.000000e+00 0.000000e+00
    outer loop
      vertex 2.338487e+03 1.414190e+02 2.291559e+02
      vertex 2.337072e+03 1.414190e+02 2.289147e+02
      vertex 2.336924e+03 1.414190e+02 2.290456e+02
    endloop
  endfacet
  facet normal 0.000000e+00 1.000000e+00 0.000000e+00
    outer loop
      vertex 2.338487e+03 1.414190e+02 2.291559e+02
      vertex 2.336924e+03 1.414190e+02 2.290456e+02
      vertex 2.336760e+03 1.414190e+02 2.291559e+02
    endloop
  endfacet
  facet normal -7.916383e-08 1.000000e+00 -1.065014e-07
    outer loop
      vertex 2.328263e+03 1.414190e+02 2.287655e+02
      vertex 7.862666e+02 1.414189e+02 2.287657e+02
      vertex 2.328085e+03 1.414190e+02 2.288978e+02
    endloop
  endfacet
  facet normal -7.918207e-08 1.000000e+00 1.063798e-07
    outer loop
      vertex 2.328085e+03 1.414190e+02 2.288978e+02
      vertex 7.862666e+02 1.414189e+02 2.287657e+02
      vertex 7.864444e+02 1.414189e+02 2.288979e+02
    endloop
  endfacet
  facet normal -7.918209e-08 1.000000e+00 -1.090169e-07
    outer loop
      vertex 2.328085e+03 1.414190e+02 2.288978e+02
      vertex 7.864444e+02 1.414189e+02 2.288979e+02
      vertex 2.327906e+03 1.414190e+02 2.290280e+02
    endloop
  endfacet
  facet normal -7.920050e-08 1.000000e+00 1.091908e-07
    outer loop
      vertex 2.327906e+03 1.414190e+02 2.290280e+02
      vertex 7.864444e+02 1.414189e+02 2.288979e+02
      vertex 7.866238e+02 1.414189e+02 2.290281e+02
    endloop
  endfacet
  facet normal -7.920051e-08 1.000000e+00 -1.119725e-07
    outer loop
      vertex 2.327906e+03 1.414190e+02 2.290280e+02
      vertex 7.866238e+02 1.414189e+02 2.290281e+02
      vertex 2.327725e+03 1.414190e+02 2.291559e+02
    endloop
  endfacet
  facet normal -7.921909e-08 1.000000e+00 1.119988e-07
    outer loop
      vertex 2.327725e+03 1.414190e+02 2.291559e+02
      vertex 7.866238e+02 1.414189e+02 2.290281e+02
      vertex 7.868047e+02 1.414189e+02 2.291561e+02
    endloop
  endfacet
  facet normal -0.000000e+00 1.000000e+00 0.000000e+00
    outer loop
      vertex 7.773284e+02 1.414189e+02 2.287657e+02
      vertex 7.760422e+02 1.414189e+02 2.287657e+02
      vertex 7.774578e+02 1.414189e+02 2.289148e+02
    endloop
  endfacet
  facet normal -0.000000e+00 1.000000e+00 0.000000e+00
    outer loop
      vertex 7.774578e+02 1.414189e+02 2.289148e+02
      vertex 7.760422e+02 1.414189e+02 2.287657e+02
      vertex 7.760422e+02 1.414189e+02 2.291561e+02
    endloop
  endfacet
  facet normal 0.000000e+00 1.000000e+00 0.000000e+00
    outer loop
      vertex 7.774578e+02 1.414189e+02 2.289148e+02
      vertex 7.760422e+02 1.414189e+02 2.291561e+02
      vertex 7.776057e+02 1.414189e+02 2.290457e+02
    endloop
  endfacet
  facet normal 0.000000e+00 1.000000e+00 0.000000e+00
    outer loop
      vertex 7.776057e+02 1.414189e+02 2.290457e+02
      vertex 7.760422e+02 1.414189e+02 2.291561e+02
      vertex 7.777695e+02 1.414189e+02 2.291561e+02
    endloop
  endfacet
  facet normal 0.000000e+00 0.000000e+00 -1.000000e+00
    outer loop
      vertex 2.337201e+03 1.414190e+02 2.287655e+02
      vertex 2.338487e+03 1.414190e+02 2.287655e+02
      vertex 2.337201e+03 1.410286e+02 2.287655e+02
    endloop
  endfacet
  facet normal -0.000000e+00 0.000000e+00 -1.000000e+00
    outer loop
      vertex 2.337201e+03 1.410286e+02 2.287655e+02
      vertex 2.338487e+03 1.414190e+02 2.287655e+02
      vertex 2.338487e+03 1.410286e+02 2.287655e+02
    endloop
  endfacet
  facet normal -7.916381e-08 0.000000e+00 -1.000000e+00
    outer loop
      vertex 7.862666e+02 1.414189e+02 2.287657e+02
      vertex 2.328263e+03 1.414190e+02 2.287655e+02
      vertex 7.862666e+02 1.410284e+02 2.287657e+02
    endloop
  endfacet
  facet normal -7.916381e-08 0.000000e+00 -1.000000e+00
    outer loop
      vertex 7.862666e+02 1.410284e+02 2.287657e+02
      vertex 2.328263e+03 1.414190e+02 2.287655e+02
      vertex 2.328263e+03 1.410286e+02 2.287655e+02
    endloop
  endfacet
  facet normal 0.000000e+00 0.000000e+00 -1.000000e+00
    outer loop
      vertex 7.760422e+02 1.414189e+02 2.287657e+02
      vertex 7.773284e+02 1.414189e+02 2.287657e+02
      vertex 7.760422e+02 1.410284e+02 2.287657e+02
    endloop
  endfacet
  facet normal -0.000000e+00 0.000000e+00 -1.000000e+00
    outer loop
      vertex 7.760422e+02 1.410284e+02 2.287657e+02
      vertex 7.773284e+02 1.414189e+02 2.287657e+02
      vertex 7.773284e+02 1.410284e+02 2.287657e+02
    endloop
  endfacet
  facet normal 0.000000e+00 1.000000e+00 0.000000e+00
    outer loop
      vertex 2.337414e+03 1.410286e+02 2.283751e+02
      vertex 2.337356e+03 1.410286e+02 2.285121e+02
      vertex 2.338487e+03 1.410286e+02 2.283751e+02
    endloop
  endfacet
  facet normal 0.000000e+00 1.000000e+00 0.000000e+00
    outer loop
      vertex 2.338487e+03 1.410286e+02 2.283751e+02
      vertex 2.337356e+03 1.410286e+02 2.285121e+02
      vertex 2.338487e+03 1.410286e+02 2.287655e+02
    endloop
  endfacet
  facet normal 0.000000e+00 1.000000e+00 0.000000e+00
    outer loop
      vertex 2.338487e+03 1.410286e+02 2.287655e+02
      vertex 2.337356e+03 1.410286e+02 2.285121e+02
      vertex 2.337285e+03 1.410286e+02 2.286427e+02
    endloop
  endfacet
  facet normal 0.000000e+00 1.000000e+00 0.000000e+00
    outer loop
      vertex 2.338487e+03 1.410286e+02 2.287655e+02
      vertex 2.337285e+03 1.410286e+02 2.286427e+02
      vertex 2.337201e+03 1.410286e+02 2.287655e+02
    endloop
  endfacet
  facet normal -7.911254e-08 1.000000e+00 -9.885412e-08
    outer loop
      vertex 2.328763e+03 1.410286e+02 2.283751e+02
      vertex 7.857668e+02 1.410284e+02 2.283752e+02
      vertex 2.328598e+03 1.410286e+02 2.285072e+02
    endloop
  endfacet
  facet normal -7.912945e-08 1.000000e+00 9.887525e-08
    outer loop
      vertex 2.328598e+03 1.410286e+02 2.285072e+02
      vertex 7.857668e+02 1.410284e+02 2.283752e+02
      vertex 7.859319e+02 1.410284e+02 2.285073e+02
    endloop
  endfacet
  facet normal -7.912946e-08 1.000000e+00 -1.013985e-07
    outer loop
      vertex 2.328598e+03 1.410286e+02 2.285072e+02
      vertex 7.859319e+02 1.410284e+02 2.285073e+02
      vertex 2.328431e+03 1.410286e+02 2.286373e+02
    endloop
  endfacet
  facet normal -7.914656e-08 1.000000e+00 1.013462e-07
    outer loop
      vertex 2.328431e+03 1.410286e+02 2.286373e+02
      vertex 7.859319e+02 1.410284e+02 2.285073e+02
      vertex 7.860985e+02 1.410284e+02 2.286374e+02
    endloop
  endfacet
  facet normal -7.914657e-08 1.000000e+00 -1.036703e-07
    outer loop
      vertex 2.328431e+03 1.410286e+02 2.286373e+02
      vertex 7.860985e+02 1.410284e+02 2.286374e+02
      vertex 2.328263e+03 1.410286e+02 2.287655e+02
    endloop
  endfacet
  facet normal -7.916381e-08 1.000000e+00 1.037683e-07
    outer loop
      vertex 2.328263e+03 1.410286e+02 2.287655e+02
      vertex 7.860985e+02 1.410284e+02 2.286374e+02
      vertex 7.862666e+02 1.410284e+02 2.287657e+02
    endloop
  endfacet
  facet normal -0.000000e+00 1.000000e+00 0.000000e+00
    outer loop
      vertex 7.771152e+02 1.410284e+02 2.283752e+02
      vertex 7.760422e+02 1.410284e+02 2.283752e+02
      vertex 7.771732e+02 1.410284e+02 2.285122e+02
    endloop
  endfacet
  facet normal -0.000000e+00 1.000000e+00 0.000000e+00
    outer loop
      vertex 7.771732e+02 1.410284e+02 2.285122e+02
      vertex 7.760422e+02 1.410284e+02 2.283752e+02
      vertex 7.760422e+02 1.410284e+02 2.287657e+02
    endloop
  endfacet
  facet normal 0.000000e+00 1.000000e+00 0.000000e+00
    outer loop
      vertex 7.771732e+02 1.410284e+02 2.285122e+02
      vertex 7.760422e+02 1.410284e+02 2.287657e+02
      vertex 7.772445e+02 1.410284e+02 2.286428e+02
    endloop
  endfacet
  facet normal 0.000000e+00 1.000000e+00 0.000000e+00
    outer loop
      vertex 7.772445e+02 1.410284e+02 2.286428e+02
      vertex 7.760422e+02 1.410284e+02 2.287657e+02
      vertex 7.773284e+02 1.410284e+02 2.287657e+02
    endloop
  endfacet
  facet normal 0.000000e+00 0.000000e+00 -1.000000e+00
    outer loop
      vertex 2.337414e+03 1.410286e+02 2.283751e+02
      vertex 2.338487e+03 1.410286e+02 2.283751e+02
      vertex 2.337414e+03 1.406382e+02 2.283751e+02
    endloop
  endfacet
  facet normal -0.000000e+00 0.000000e+00 -1.000000e+00
    outer loop
      vertex 2.337414e+03 1.406382e+02 2.283751e+02
      vertex 2.338487e+03 1.410286e+02 2.283751e+02
      vertex 2.338487e+03 1.406382e+02 2.283751e+02
    endloop
  endfacet
  facet normal -7.911254e-08 0.000000e+00 -1.000000e+00
    outer loop
      vertex 7.857668e+02 1.410284e+02 2.283752e+02
      vertex 2.328763e+03 1.410286e+02 2.283751e+02
      vertex 7.857668e+02 1.406381e+02 2.283752e+02
    endloop
  endfacet
  facet normal -7.911254e-08 0.000000e+00 -1.000000e+00
    outer loop
      vertex 7.857668e+02 1.406381e+02 2.283752e+02
      vertex 2.328763e+03 1.410286e+02 2.283751e+02
      vertex 2.328763e+03 1.406382e+02 2.283751e+02
    endloop
  endfacet
  facet normal 0.000000e+00 0.000000e+00 -1.000000e+00
    outer loop
      vertex 7.760422e+02 1.410284e+02 2.283752e+02
      vertex 7.771152e+02 1.410284e+02 2.283752e+02
      vertex 7.760422e+02 1.406381e+02 2.283752e+02
    endloop
  endfacet
  facet normal -0.000000e+00 0.000000e+00 -1.000000e+00
    outer loop
      vertex 7.760422e+02 1.406381e+02 2.283752e+02
      vertex 7.771152e+02 1.410284e+02 2.283752e+02
      vertex 7.771152e+02 1.406381e+02 2.283752e+02
    endloop
  endfacet
  facet normal -2.820112e-05 9.987518e-01 -4.994789e-02
    outer loop
      vertex 2.338487e+03 1.404309e+02 2.242304e+02
      vertex 2.337458e+03 1.406310e+02 2.282329e+02
      vertex 2.338487e+03 1.406382e+02 2.283751e+02
    endloop
  endfacet
  facet normal -6.668473e-05 9.987656e-01 -4.967019e-02
    outer loop
      vertex 2.338487e+03 1.406382e+02 2.283751e+02
      vertex 2.337458e+03 1.406310e+02 2.282329e+02
      vertex 2.337445e+03 1.406334e+02 2.282808e+02
    endloop
  endfacet
  facet normal -2.428032e-05 9.987423e-01 -5.013742e-02
    outer loop
      vertex 2.338487e+03 1.406382e+02 2.283751e+02
      vertex 2.337445e+03 1.406334e+02 2.282808e+02
      vertex 2.337431e+03 1.406358e+02 2.283282e+02
    endloop
  endfacet
  facet normal 0.000000e+00 9.987148e-01 -5.068299e-02
    outer loop
      vertex 2.337431e+03 1.406358e+02 2.283282e+02
      vertex 2.337414e+03 1.406382e+02 2.283751e+02
      vertex 2.338487e+03 1.406382e+02 2.283751e+02
    endloop
  endfacet
  facet normal -1.034158e-07 9.987521e-01 -4.994349e-02
    outer loop
      vertex 1.399076e+03 1.402476e+02 2.205667e+02
      vertex 7.801444e+02 1.402475e+02 2.205667e+02
      vertex 1.402068e+03 1.402967e+02 2.215492e+02
    endloop
  endfacet
  facet normal -7.572030e-08 9.987512e-01 -4.996098e-02
    outer loop
      vertex 1.402068e+03 1.402967e+02 2.215492e+02
      vertex 7.801444e+02 1.402475e+02 2.205667e+02
      vertex 7.815443e+02 1.403937e+02 2.234902e+02
    endloop
  endfacet
  facet normal -1.510178e-08 9.987521e-01 -4.994165e-02
    outer loop
      vertex 1.402068e+03 1.402967e+02 2.215492e+02
      vertex 7.815443e+02 1.403937e+02 2.234902e+02
      vertex 7.834382e+02 1.405253e+02 2.261206e+02
    endloop
  endfacet
  facet normal -8.273057e-08 9.987517e-01 -4.995078e-02
    outer loop
      vertex 1.402068e+03 1.402967e+02 2.215492e+02
      vertex 7.834382e+02 1.405253e+02 2.261206e+02
      vertex 2.331091e+03 1.405254e+02 2.261205e+02
    endloop
  endfacet
  facet normal -8.271688e-08 9.987510e-01 -4.996450e-02
    outer loop
      vertex 2.331091e+03 1.405254e+02 2.261205e+02
      vertex 7.834382e+02 1.405253e+02 2.261206e+02
      vertex 7.857668e+02 1.406381e+02 2.283752e+02
    endloop
  endfacet
  facet normal -8.296656e-08 9.987510e-01 -4.996467e-02
    outer loop
      vertex 2.331091e+03 1.405254e+02 2.261205e+02
      vertex 7.857668e+02 1.406381e+02 2.283752e+02
      vertex 2.328763e+03 1.406382e+02 2.283751e+02
    endloop
  endfacet
  facet normal -4.912672e-09 9.987509e-01 -4.996655e-02
    outer loop
      vertex 1.402068e+03 1.402967e+02 2.215492e+02
      vertex 2.331091e+03 1.405254e+02 2.261205e+02
      vertex 1.712461e+03 1.402967e+02 2.215492e+02
    endloop
  endfacet
  facet normal -1.882628e-07 9.987521e-01 -4.994179e-02
    outer loop
      vertex 1.712461e+03 1.402967e+02 2.215492e+02
      vertex 2.331091e+03 1.405254e+02 2.261205e+02
      vertex 2.332985e+03 1.403939e+02 2.234901e+02
    endloop
  endfacet
  facet normal -1.278239e-07 9.987512e-01 -4.996108e-02
    outer loop
      vertex 1.712461e+03 1.402967e+02 2.215492e+02
      vertex 2.332985e+03 1.403939e+02 2.234901e+02
      vertex 2.334385e+03 1.402476e+02 2.205666e+02
    endloop
  endfacet
  facet normal -1.009533e-07 9.987520e-01 -4.994411e-02
    outer loop
      vertex 2.334385e+03 1.402476e+02 2.205666e+02
      vertex 1.715454e+03 1.402476e+02 2.205667e+02
      vertex 1.712461e+03 1.402967e+02 2.215492e+02
    endloop
  endfacet
  facet normal -4.910435e-09 9.987521e-01 -4.994380e-02
    outer loop
      vertex 1.712461e+03 1.402967e+02 2.215492e+02
      vertex 1.710968e+03 1.402476e+02 2.205667e+02
      vertex 1.402068e+03 1.402967e+02 2.215492e+02
    endloop
  endfacet
  facet normal -4.951973e-09 9.987521e-01 -4.994382e-02
    outer loop
      vertex 1.402068e+03 1.402967e+02 2.215492e+02
      vertex 1.710968e+03 1.402476e+02 2.205667e+02
      vertex 1.403561e+03 1.402476e+02 2.205667e+02
    endloop
  endfacet
  facet normal 2.819944e-05 9.987518e-01 -4.994789e-02
    outer loop
      vertex 7.760422e+02 1.404308e+02 2.242306e+02
      vertex 7.760422e+02 1.406381e+02 2.283752e+02
      vertex 7.770710e+02 1.406309e+02 2.282330e+02
    endloop
  endfacet
  facet normal 6.668092e-05 9.987656e-01 -4.967019e-02
    outer loop
      vertex 7.770710e+02 1.406309e+02 2.282330e+02
      vertex 7.760422e+02 1.406381e+02 2.283752e+02
      vertex 7.770842e+02 1.406333e+02 2.282809e+02
    endloop
  endfacet
  facet normal 2.427618e-05 9.987423e-01 -5.013746e-02
    outer loop
      vertex 7.770842e+02 1.406333e+02 2.282809e+02
      vertex 7.760422e+02 1.406381e+02 2.283752e+02
      vertex 7.770989e+02 1.406357e+02 2.283283e+02
    endloop
  endfacet
  facet normal 0.000000e+00 9.987148e-01 -5.068299e-02
    outer loop
      vertex 7.770989e+02 1.406357e+02 2.283283e+02
      vertex 7.760422e+02 1.406381e+02 2.283752e+02
      vertex 7.771152e+02 1.406381e+02 2.283752e+02
    endloop
  endfacet
  facet normal -1.047744e-07 7.071344e-01 -7.070792e-01
    outer loop
      vertex 2.334526e+03 1.398573e+02 2.201763e+02
      vertex 1.716643e+03 1.398572e+02 2.201763e+02
      vertex 2.334385e+03 1.402476e+02 2.205666e+02
    endloop
  endfacet
  facet normal -1.045970e-07 7.071342e-01 -7.070793e-01
    outer loop
      vertex 2.334385e+03 1.402476e+02 2.205666e+02
      vertex 1.716643e+03 1.398572e+02 2.201763e+02
      vertex 1.715454e+03 1.402476e+02 2.205667e+02
    endloop
  endfacet
  facet normal -7.046670e-08 7.071344e-01 -7.070792e-01
    outer loop
      vertex 1.404155e+03 1.398572e+02 2.201763e+02
      vertex 1.403561e+03 1.402476e+02 2.205667e+02
      vertex 1.710375e+03 1.398572e+02 2.201763e+02
    endloop
  endfacet
  facet normal -7.016178e-08 7.071345e-01 -7.070791e-01
    outer loop
      vertex 1.710375e+03 1.398572e+02 2.201763e+02
      vertex 1.403561e+03 1.402476e+02 2.205667e+02
      vertex 1.710968e+03 1.402476e+02 2.205667e+02
    endloop
  endfacet
  facet normal -1.396974e-07 7.071344e-01 -7.070791e-01
    outer loop
      vertex 7.800035e+02 1.398572e+02 2.201764e+02
      vertex 7.801444e+02 1.402475e+02 2.205667e+02
      vertex 1.397887e+03 1.398572e+02 2.201763e+02
    endloop
  endfacet
  facet normal -1.394336e-07 7.071346e-01 -7.070789e-01
    outer loop
      vertex 1.397887e+03 1.398572e+02 2.201763e+02
      vertex 7.801444e+02 1.402475e+02 2.205667e+02
      vertex 1.399076e+03 1.402476e+02 2.205667e+02
    endloop
  endfacet
  facet normal -4.939050e-08 -0.000000e+00 -1.000000e+00
    outer loop
      vertex 2.334526e+03 1.394668e+02 2.201763e+02
      vertex 1.716643e+03 1.394667e+02 2.201763e+02
      vertex 2.334526e+03 1.398573e+02 2.201763e+02
    endloop
  endfacet
  facet normal -4.939050e-08 0.000000e+00 -1.000000e+00
    outer loop
      vertex 2.334526e+03 1.398573e+02 2.201763e+02
      vertex 1.716643e+03 1.394667e+02 2.201763e+02
      vertex 1.716643e+03 1.398572e+02 2.201763e+02
    endloop
  endfacet
  facet normal -9.965885e-08 0.000000e+00 -1.000000e+00
    outer loop
      vertex 1.404155e+03 1.398572e+02 2.201763e+02
      vertex 1.710375e+03 1.398572e+02 2.201763e+02
      vertex 1.404155e+03 1.394667e+02 2.201763e+02
    endloop
  endfacet
  facet normal -9.965885e-08 0.000000e+00 -1.000000e+00
    outer loop
      vertex 1.404155e+03 1.394667e+02 2.201763e+02
      vertex 1.710375e+03 1.398572e+02 2.201763e+02
      vertex 1.710375e+03 1.394667e+02 2.201763e+02
    endloop
  endfacet
  facet normal -9.878102e-08 0.000000e+00 -1.000000e+00
    outer loop
      vertex 7.800035e+02 1.398572e+02 2.201764e+02
      vertex 1.397887e+03 1.398572e+02 2.201763e+02
      vertex 7.800035e+02 1.394667e+02 2.201764e+02
    endloop
  endfacet
  facet normal -9.878102e-08 0.000000e+00 -1.000000e+00
    outer loop
      vertex 7.800035e+02 1.394667e+02 2.201764e+02
      vertex 1.397887e+03 1.398572e+02 2.201763e+02
      vertex 1.397887e+03 1.394667e+02 2.201763e+02
    endloop
  endfacet
  facet normal -4.497771e-08 -4.342853e-02 -9.990565e-01
    outer loop
      vertex 1.715454e+03 1.304869e+02 2.205667e+02
      vertex 1.716643e+03 1.394667e+02 2.201763e+02
      vertex 2.334385e+03 1.304869e+02 2.205666e+02
    endloop
  endfacet
  facet normal -4.503286e-08 -4.342853e-02 -9.990565e-01
    outer loop
      vertex 2.334385e+03 1.304869e+02 2.205666e+02
      vertex 1.716643e+03 1.394667e+02 2.201763e+02
      vertex 2.334526e+03 1.394668e+02 2.201763e+02
    endloop
  endfacet
  facet normal -9.956482e-08 -4.342853e-02 -9.990565e-01
    outer loop
      vertex 1.404155e+03 1.394667e+02 2.201763e+02
      vertex 1.710375e+03 1.394667e+02 2.201763e+02
      vertex 1.403561e+03 1.304869e+02 2.205667e+02
    endloop
  endfacet
  facet normal -9.918053e-08 -4.342854e-02 -9.990565e-01
    outer loop
      vertex 1.403561e+03 1.304869e+02 2.205667e+02
      vertex 1.710375e+03 1.394667e+02 2.201763e+02
      vertex 1.710968e+03 1.304869e+02 2.205667e+02
    endloop
  endfacet
  facet normal -9.439790e-08 -4.342853e-02 -9.990565e-01
    outer loop
      vertex 7.800035e+02 1.394667e+02 2.201764e+02
      vertex 1.397887e+03 1.394667e+02 2.201763e+02
      vertex 7.801444e+02 1.304868e+02 2.205667e+02
    endloop
  endfacet
  facet normal -9.423805e-08 -4.342854e-02 -9.990565e-01
    outer loop
      vertex 7.801444e+02 1.304868e+02 2.205667e+02
      vertex 1.397887e+03 1.394667e+02 2.201763e+02
      vertex 1.399076e+03 1.304869e+02 2.205667e+02
    endloop
  endfacet
  facet normal -1.058265e-07 1.000000e+00 -1.498248e-08
    outer loop
      vertex 1.731712e+03 1.304869e+02 2.152285e+02
      vertex 2.311386e+03 1.304869e+02 1.945554e+02
      vertex 1.737423e+03 1.304869e+02 1.748867e+02
    endloop
  endfacet
  facet normal -1.107173e-07 1.000000e+00 1.277374e-07
    outer loop
      vertex 1.737423e+03 1.304869e+02 1.748867e+02
      vertex 2.311386e+03 1.304869e+02 1.945554e+02
      vertex 2.296773e+03 1.304869e+02 1.818899e+02
    endloop
  endfacet
  facet normal -1.099320e-07 1.000000e+00 6.501754e-08
    outer loop
      vertex 1.737423e+03 1.304869e+02 1.748867e+02
      vertex 2.296773e+03 1.304869e+02 1.818899e+02
      vertex 2.295338e+03 1.304869e+02 1.794627e+02
    endloop
  endfacet
  facet normal -9.861378e-08 1.000000e+00 -3.003470e-07
    outer loop
      vertex 1.715454e+03 1.304869e+02 2.205667e+02
      vertex 2.334385e+03 1.304869e+02 2.205666e+02
      vertex 1.731712e+03 1.304869e+02 2.152285e+02
    endloop
  endfacet
  facet normal -1.011790e-07 1.000000e+00 -1.073525e-08
    outer loop
      vertex 1.731712e+03 1.304869e+02 2.152285e+02
      vertex 2.334385e+03 1.304869e+02 2.205666e+02
      vertex 2.335348e+03 1.304869e+02 2.114937e+02
    endloop
  endfacet
  facet normal -1.008498e-07 1.000000e+00 4.246939e-08
    outer loop
      vertex 1.731712e+03 1.304869e+02 2.152285e+02
      vertex 2.335348e+03 1.304869e+02 2.114937e+02
      vertex 2.331807e+03 1.304869e+02 2.030851e+02
    endloop
  endfacet
  facet normal -9.700947e-08 1.000000e+00 2.322480e-07
    outer loop
      vertex 1.731712e+03 1.304869e+02 2.152285e+02
      vertex 2.331807e+03 1.304869e+02 2.030851e+02
      vertex 2.311386e+03 1.304869e+02 1.945554e+02
    endloop
  endfacet
  facet normal 0.000000e+00 1.000000e+00 0.000000e+00
    outer loop
      vertex 2.311386e+03 1.304869e+02 1.945554e+02
      vertex 2.331807e+03 1.304869e+02 2.030851e+02
      vertex 2.324644e+03 1.304869e+02 1.974339e+02
    endloop
  endfacet
  facet normal 0.000000e+00 1.000000e+00 0.000000e+00
    outer loop
      vertex 2.311386e+03 1.304869e+02 1.945554e+02
      vertex 2.324644e+03 1.304869e+02 1.974339e+02
      vertex 2.320776e+03 1.304869e+02 1.945911e+02
    endloop
  endfacet
  facet normal 0.000000e+00 1.000000e+00 0.000000e+00
    outer loop
      vertex 2.320776e+03 1.304869e+02 1.945911e+02
      vertex 2.316085e+03 1.304869e+02 1.935725e+02
      vertex 2.311386e+03 1.304869e+02 1.945554e+02
    endloop
  endfacet
  facet normal -1.100079e-07 1.000000e+00 7.426893e-08
    outer loop
      vertex 2.295338e+03 1.304869e+02 1.794627e+02
      vertex 2.293760e+03 1.304869e+02 1.771255e+02
      vertex 1.737423e+03 1.304869e+02 1.748867e+02
    endloop
  endfacet
  facet normal -1.100482e-07 1.000000e+00 8.428054e-08
    outer loop
      vertex 1.737423e+03 1.304869e+02 1.748867e+02
      vertex 2.293760e+03 1.304869e+02 1.771255e+02
      vertex 2.292045e+03 1.304869e+02 1.748867e+02
    endloop
  endfacet
  facet normal 0.000000e+00 1.000000e+00 0.000000e+00
    outer loop
      vertex 1.403561e+03 1.304869e+02 2.205667e+02
      vertex 1.710968e+03 1.304869e+02 2.205667e+02
      vertex 1.472971e+03 1.304869e+02 1.748867e+02
    endloop
  endfacet
  facet normal 0.000000e+00 1.000000e+00 0.000000e+00
    outer loop
      vertex 1.472971e+03 1.304869e+02 1.748867e+02
      vertex 1.710968e+03 1.304869e+02 2.205667e+02
      vertex 1.641558e+03 1.304869e+02 1.748867e+02
    endloop
  endfacet
  facet normal 0.000000e+00 1.000000e+00 0.000000e+00
    outer loop
      vertex 7.937538e+02 1.304868e+02 1.945912e+02
      vertex 7.898858e+02 1.304868e+02 1.974341e+02
      vertex 8.031434e+02 1.304868e+02 1.945556e+02
    endloop
  endfacet
  facet normal 0.000000e+00 1.000000e+00 0.000000e+00
    outer loop
      vertex 8.031434e+02 1.304868e+02 1.945556e+02
      vertex 7.898858e+02 1.304868e+02 1.974341e+02
      vertex 7.827228e+02 1.304868e+02 2.030852e+02
    endloop
  endfacet
  facet normal -9.700950e-08 1.000000e+00 -2.322473e-07
    outer loop
      vertex 8.031434e+02 1.304868e+02 1.945556e+02
      vertex 7.827228e+02 1.304868e+02 2.030852e+02
      vertex 1.382818e+03 1.304869e+02 2.152285e+02
    endloop
  endfacet
  facet normal -1.008498e-07 1.000000e+00 -4.246874e-08
    outer loop
      vertex 1.382818e+03 1.304869e+02 2.152285e+02
      vertex 7.827228e+02 1.304868e+02 2.030852e+02
      vertex 7.791819e+02 1.304868e+02 2.114939e+02
    endloop
  endfacet
  facet normal -1.011790e-07 1.000000e+00 1.073389e-08
    outer loop
      vertex 1.382818e+03 1.304869e+02 2.152285e+02
      vertex 7.791819e+02 1.304868e+02 2.114939e+02
      vertex 7.801444e+02 1.304868e+02 2.205667e+02
    endloop
  endfacet
  facet normal -9.861373e-08 1.000000e+00 3.003468e-07
    outer loop
      vertex 7.801444e+02 1.304868e+02 2.205667e+02
      vertex 1.399076e+03 1.304869e+02 2.205667e+02
      vertex 1.382818e+03 1.304869e+02 2.152285e+02
    endloop
  endfacet
  facet normal -1.058265e-07 1.000000e+00 1.498249e-08
    outer loop
      vertex 1.382818e+03 1.304869e+02 2.152285e+02
      vertex 1.377106e+03 1.304869e+02 1.748868e+02
      vertex 8.031434e+02 1.304868e+02 1.945556e+02
    endloop
  endfacet
  facet normal -1.107173e-07 1.000000e+00 -1.277391e-07
    outer loop
      vertex 8.031434e+02 1.304868e+02 1.945556e+02
      vertex 1.377106e+03 1.304869e+02 1.748868e+02
      vertex 8.177562e+02 1.304868e+02 1.818900e+02
    endloop
  endfacet
  facet normal -1.099320e-07 1.000000e+00 -6.501477e-08
    outer loop
      vertex 8.177562e+02 1.304868e+02 1.818900e+02
      vertex 1.377106e+03 1.304869e+02 1.748868e+02
      vertex 8.191917e+02 1.304868e+02 1.794628e+02
    endloop
  endfacet
  facet normal -1.100079e-07 1.000000e+00 -7.426604e-08
    outer loop
      vertex 8.191917e+02 1.304868e+02 1.794628e+02
      vertex 1.377106e+03 1.304869e+02 1.748868e+02
      vertex 8.207695e+02 1.304868e+02 1.771256e+02
    endloop
  endfacet
  facet normal -1.100482e-07 1.000000e+00 -8.427754e-08
    outer loop
      vertex 8.207695e+02 1.304868e+02 1.771256e+02
      vertex 1.377106e+03 1.304869e+02 1.748868e+02
      vertex 8.224840e+02 1.304868e+02 1.748868e+02
    endloop
  endfacet
  facet normal -0.000000e+00 1.000000e+00 0.000000e+00
    outer loop
      vertex 8.031434e+02 1.304868e+02 1.945556e+02
      vertex 7.984448e+02 1.304868e+02 1.935727e+02
      vertex 7.937538e+02 1.304868e+02 1.945912e+02
    endloop
  endfacet
  facet normal -8.253614e-08 0.000000e+00 -1.000000e+00
    outer loop
      vertex 1.737423e+03 1.304869e+02 1.748867e+02
      vertex 2.292045e+03 1.304869e+02 1.748867e+02
      vertex 1.737423e+03 1.254113e+02 1.748867e+02
    endloop
  endfacet
  facet normal -8.253615e-08 0.000000e+00 -1.000000e+00
    outer loop
      vertex 1.737423e+03 1.254113e+02 1.748867e+02
      vertex 2.292045e+03 1.304869e+02 1.748867e+02
      vertex 2.292045e+03 1.254114e+02 1.748867e+02
    endloop
  endfacet
  facet normal -9.050979e-08 0.000000e+00 -1.000000e+00
    outer loop
      vertex 1.472971e+03 1.304869e+02 1.748867e+02
      vertex 1.641558e+03 1.304869e+02 1.748867e+02
      vertex 1.472971e+03 1.254113e+02 1.748867e+02
    endloop
  endfacet
  facet normal -9.050979e-08 0.000000e+00 -1.000000e+00
    outer loop
      vertex 1.472971e+03 1.254113e+02 1.748867e+02
      vertex 1.641558e+03 1.304869e+02 1.748867e+02
      vertex 1.641558e+03 1.254113e+02 1.748867e+02
    endloop
  endfacet
  facet normal -8.253613e-08 0.000000e+00 -1.000000e+00
    outer loop
      vertex 8.224840e+02 1.304868e+02 1.748868e+02
      vertex 1.377106e+03 1.304869e+02 1.748868e+02
      vertex 8.224840e+02 1.254113e+02 1.748868e+02
    endloop
  endfacet
  facet normal -8.253613e-08 0.000000e+00 -1.000000e+00
    outer loop
      vertex 8.224840e+02 1.254113e+02 1.748868e+02
      vertex 1.377106e+03 1.304869e+02 1.748868e+02
      vertex 1.377106e+03 1.254113e+02 1.748868e+02
    endloop
  endfacet
  facet normal 1.092719e-07 -1.000000e+00 1.547047e-08
    outer loop
      vertex 1.737423e+03 1.254113e+02 1.748867e+02
      vertex 2.295338e+03 1.254114e+02 1.794627e+02
      vertex 1.735931e+03 1.254113e+02 1.854281e+02
    endloop
  endfacet
  facet normal 1.084231e-07 -1.000000e+00 -6.412508e-08
    outer loop
      vertex 1.735931e+03 1.254113e+02 1.854281e+02
      vertex 2.295338e+03 1.254114e+02 1.794627e+02
      vertex 2.296773e+03 1.254114e+02 1.818899e+02
    endloop
  endfacet
  facet normal 1.080412e-07 -1.000000e+00 -1.246477e-07
    outer loop
      vertex 1.735931e+03 1.254113e+02 1.854281e+02
      vertex 2.296773e+03 1.254114e+02 1.818899e+02
      vertex 2.300855e+03 1.254114e+02 1.854281e+02
    endloop
  endfacet
  facet normal 1.100482e-07 -1.000000e+00 -8.428054e-08
    outer loop
      vertex 2.292045e+03 1.254114e+02 1.748867e+02
      vertex 2.293760e+03 1.254114e+02 1.771255e+02
      vertex 1.737423e+03 1.254113e+02 1.748867e+02
    endloop
  endfacet
  facet normal 1.100079e-07 -1.000000e+00 -7.426893e-08
    outer loop
      vertex 1.737423e+03 1.254113e+02 1.748867e+02
      vertex 2.293760e+03 1.254114e+02 1.771255e+02
      vertex 2.295338e+03 1.254114e+02 1.794627e+02
    endloop
  endfacet
  facet normal -0.000000e+00 -1.000000e+00 -0.000000e+00
    outer loop
      vertex 1.472971e+03 1.254113e+02 1.748867e+02
      vertex 1.641558e+03 1.254113e+02 1.748867e+02
      vertex 1.456954e+03 1.254113e+02 1.854282e+02
    endloop
  endfacet
  facet normal 0.000000e+00 -1.000000e+00 0.000000e+00
    outer loop
      vertex 1.456954e+03 1.254113e+02 1.854282e+02
      vertex 1.641558e+03 1.254113e+02 1.748867e+02
      vertex 1.657576e+03 1.254113e+02 1.854281e+02
    endloop
  endfacet
  facet normal 1.080413e-07 -1.000000e+00 1.246515e-07
    outer loop
      vertex 8.136740e+02 1.254113e+02 1.854282e+02
      vertex 8.177562e+02 1.254113e+02 1.818900e+02
      vertex 1.378599e+03 1.254113e+02 1.854282e+02
    endloop
  endfacet
  facet normal 1.084231e-07 -1.000000e+00 6.412240e-08
    outer loop
      vertex 1.378599e+03 1.254113e+02 1.854282e+02
      vertex 8.177562e+02 1.254113e+02 1.818900e+02
      vertex 8.191917e+02 1.254113e+02 1.794628e+02
    endloop
  endfacet
  facet normal 1.092719e-07 -1.000000e+00 -1.546922e-08
    outer loop
      vertex 1.378599e+03 1.254113e+02 1.854282e+02
      vertex 8.191917e+02 1.254113e+02 1.794628e+02
      vertex 1.377106e+03 1.254113e+02 1.748868e+02
    endloop
  endfacet
  facet normal 1.100079e-07 -1.000000e+00 7.426603e-08
    outer loop
      vertex 1.377106e+03 1.254113e+02 1.748868e+02
      vertex 8.191917e+02 1.254113e+02 1.794628e+02
      vertex 8.207695e+02 1.254113e+02 1.771256e+02
    endloop
  endfacet
  facet normal 1.100482e-07 -1.000000e+00 8.427754e-08
    outer loop
      vertex 1.377106e+03 1.254113e+02 1.748868e+02
      vertex 8.207695e+02 1.254113e+02 1.771256e+02
      vertex 8.224840e+02 1.254113e+02 1.748868e+02
    endloop
  endfacet
  facet normal -1.080412e-07 0.000000e+00 -1.000000e+00
    outer loop
      vertex 1.735931e+03 1.254113e+02 1.854281e+02
      vertex 2.300855e+03 1.254114e+02 1.854281e+02
      vertex 1.735931e+03 1.250209e+02 1.854281e+02
    endloop
  endfacet
  facet normal -1.080412e-07 0.000000e+00 -1.000000e+00
    outer loop
      vertex 1.735931e+03 1.250209e+02 1.854281e+02
      vertex 2.300855e+03 1.254114e+02 1.854281e+02
      vertex 2.300855e+03 1.250210e+02 1.854281e+02
    endloop
  endfacet
  facet normal -7.605733e-08 0.000000e+00 -1.000000e+00
    outer loop
      vertex 1.456954e+03 1.254113e+02 1.854282e+02
      vertex 1.657576e+03 1.254113e+02 1.854281e+02
      vertex 1.456954e+03 1.250209e+02 1.854282e+02
    endloop
  endfacet
  facet normal -7.605733e-08 0.000000e+00 -1.000000e+00
    outer loop
      vertex 1.456954e+03 1.250209e+02 1.854282e+02
      vertex 1.657576e+03 1.254113e+02 1.854281e+02
      vertex 1.657576e+03 1.250209e+02 1.854281e+02
    endloop
  endfacet
  facet normal -8.103095e-08 -0.000000e+00 -1.000000e+00
    outer loop
      vertex 1.378599e+03 1.250209e+02 1.854282e+02
      vertex 8.136740e+02 1.250209e+02 1.854282e+02
      vertex 1.378599e+03 1.254113e+02 1.854282e+02
    endloop
  endfacet
  facet normal -8.103095e-08 0.000000e+00 -1.000000e+00
    outer loop
      vertex 1.378599e+03 1.254113e+02 1.854282e+02
      vertex 8.136740e+02 1.250209e+02 1.854282e+02
      vertex 8.136740e+02 1.254113e+02 1.854282e+02
    endloop
  endfacet
  facet normal -1.085270e-07 1.000000e+00 -1.536450e-08
    outer loop
      vertex 1.736207e+03 1.250209e+02 1.834760e+02
      vertex 1.735931e+03 1.250209e+02 1.854281e+02
      vertex 2.298603e+03 1.250210e+02 1.834760e+02
    endloop
  endfacet
  facet normal -1.080412e-07 1.000000e+00 1.246503e-07
    outer loop
      vertex 2.298603e+03 1.250210e+02 1.834760e+02
      vertex 1.735931e+03 1.250209e+02 1.854281e+02
      vertex 2.300855e+03 1.250210e+02 1.854281e+02
    endloop
  endfacet
  facet normal 0.000000e+00 1.000000e+00 0.000000e+00
    outer loop
      vertex 1.456954e+03 1.250209e+02 1.854282e+02
      vertex 1.657576e+03 1.250209e+02 1.854281e+02
      vertex 1.459920e+03 1.250209e+02 1.834761e+02
    endloop
  endfacet
  facet normal 0.000000e+00 1.000000e+00 0.000000e+00
    outer loop
      vertex 1.459920e+03 1.250209e+02 1.834761e+02
      vertex 1.657576e+03 1.250209e+02 1.854281e+02
      vertex 1.654610e+03 1.250209e+02 1.834760e+02
    endloop
  endfacet
  facet normal -1.085270e-07 1.000000e+00 1.536462e-08
    outer loop
      vertex 1.378322e+03 1.250209e+02 1.834761e+02
      vertex 8.159262e+02 1.250209e+02 1.834761e+02
      vertex 1.378599e+03 1.250209e+02 1.854282e+02
    endloop
  endfacet
  facet normal -1.080413e-07 1.000000e+00 -1.246503e-07
    outer loop
      vertex 1.378599e+03 1.250209e+02 1.854282e+02
      vertex 8.159262e+02 1.250209e+02 1.834761e+02
      vertex 8.136740e+02 1.250209e+02 1.854282e+02
    endloop
  endfacet
  facet normal -1.344159e-07 7.070929e-01 -7.071206e-01
    outer loop
      vertex 1.736263e+03 1.246306e+02 1.830857e+02
      vertex 1.736207e+03 1.250209e+02 1.834760e+02
      vertex 2.298153e+03 1.246306e+02 1.830856e+02
    endloop
  endfacet
  facet normal -1.343339e-07 7.070931e-01 -7.071205e-01
    outer loop
      vertex 2.298153e+03 1.246306e+02 1.830856e+02
      vertex 1.736207e+03 1.250209e+02 1.834760e+02
      vertex 2.298603e+03 1.250210e+02 1.834760e+02
    endloop
  endfacet
  facet normal -5.576028e-08 7.070929e-01 -7.071207e-01
    outer loop
      vertex 1.460513e+03 1.246306e+02 1.830857e+02
      vertex 1.459920e+03 1.250209e+02 1.834761e+02
      vertex 1.654016e+03 1.246306e+02 1.830857e+02
    endloop
  endfacet
  facet normal -5.545517e-08 7.070930e-01 -7.071206e-01
    outer loop
      vertex 1.654016e+03 1.246306e+02 1.830857e+02
      vertex 1.459920e+03 1.250209e+02 1.834761e+02
      vertex 1.654610e+03 1.250209e+02 1.834760e+02
    endloop
  endfacet
  facet normal -1.344158e-07 7.070929e-01 -7.071206e-01
    outer loop
      vertex 1.378267e+03 1.246306e+02 1.830857e+02
      vertex 8.163766e+02 1.246305e+02 1.830858e+02
      vertex 1.378322e+03 1.250209e+02 1.834761e+02
    endloop
  endfacet
  facet normal -1.342950e-07 7.070929e-01 -7.071207e-01
    outer loop
      vertex 1.378322e+03 1.250209e+02 1.834761e+02
      vertex 8.163766e+02 1.246305e+02 1.830858e+02
      vertex 8.159262e+02 1.250209e+02 1.834761e+02
    endloop
  endfacet
  facet normal -8.146854e-08 0.000000e+00 -1.000000e+00
    outer loop
      vertex 1.736263e+03 1.246306e+02 1.830857e+02
      vertex 2.298153e+03 1.246306e+02 1.830856e+02
      vertex 1.736263e+03 1.242401e+02 1.830857e+02
    endloop
  endfacet
  facet normal -8.146854e-08 0.000000e+00 -1.000000e+00
    outer loop
      vertex 1.736263e+03 1.242401e+02 1.830857e+02
      vertex 2.298153e+03 1.246306e+02 1.830856e+02
      vertex 2.298153e+03 1.242401e+02 1.830856e+02
    endloop
  endfacet
  facet normal -7.885540e-08 0.000000e+00 -1.000000e+00
    outer loop
      vertex 1.460513e+03 1.246306e+02 1.830857e+02
      vertex 1.654016e+03 1.246306e+02 1.830857e+02
      vertex 1.460513e+03 1.242401e+02 1.830857e+02
    endloop
  endfacet
  facet normal -7.885540e-08 0.000000e+00 -1.000000e+00
    outer loop
      vertex 1.460513e+03 1.242401e+02 1.830857e+02
      vertex 1.654016e+03 1.246306e+02 1.830857e+02
      vertex 1.654016e+03 1.242401e+02 1.830857e+02
    endloop
  endfacet
  facet normal -8.146851e-08 -0.000000e+00 -1.000000e+00
    outer loop
      vertex 1.378267e+03 1.242401e+02 1.830857e+02
      vertex 8.163766e+02 1.242400e+02 1.830858e+02
      vertex 1.378267e+03 1.246306e+02 1.830857e+02
    endloop
  endfacet
  facet normal -8.146852e-08 0.000000e+00 -1.000000e+00
    outer loop
      vertex 1.378267e+03 1.246306e+02 1.830857e+02
      vertex 8.163766e+02 1.242400e+02 1.830858e+02
      vertex 8.163766e+02 1.246305e+02 1.830858e+02
    endloop
  endfacet
  facet normal -1.087226e-07 1.000000e+00 -1.536126e-08
    outer loop
      vertex 1.736318e+03 1.242401e+02 1.826951e+02
      vertex 1.736263e+03 1.242401e+02 1.830857e+02
      vertex 2.297702e+03 1.242401e+02 1.826951e+02
    endloop
  endfacet
  facet normal -1.086247e-07 1.000000e+00 1.252921e-07
    outer loop
      vertex 2.297702e+03 1.242401e+02 1.826951e+02
      vertex 1.736263e+03 1.242401e+02 1.830857e+02
      vertex 2.298153e+03 1.242401e+02 1.830856e+02
    endloop
  endfacet
  facet normal 0.000000e+00 1.000000e+00 0.000000e+00
    outer loop
      vertex 1.460513e+03 1.242401e+02 1.830857e+02
      vertex 1.654016e+03 1.242401e+02 1.830857e+02
      vertex 1.461106e+03 1.242401e+02 1.826952e+02
    endloop
  endfacet
  facet normal 0.000000e+00 1.000000e+00 0.000000e+00
    outer loop
      vertex 1.461106e+03 1.242401e+02 1.826952e+02
      vertex 1.654016e+03 1.242401e+02 1.830857e+02
      vertex 1.653423e+03 1.242401e+02 1.826952e+02
    endloop
  endfacet
  facet normal -1.087226e-07 1.000000e+00 1.536126e-08
    outer loop
      vertex 1.378212e+03 1.242401e+02 1.826952e+02
      vertex 8.168271e+02 1.242400e+02 1.826952e+02
      vertex 1.378267e+03 1.242401e+02 1.830857e+02
    endloop
  endfacet
  facet normal -1.086247e-07 1.000000e+00 -1.253261e-07
    outer loop
      vertex 1.378267e+03 1.242401e+02 1.830857e+02
      vertex 8.168271e+02 1.242400e+02 1.826952e+02
      vertex 8.163766e+02 1.242400e+02 1.830858e+02
    endloop
  endfacet
  facet normal 8.154191e-08 0.000000e+00 1.000000e+00
    outer loop
      vertex 1.736318e+03 1.242401e+02 1.826951e+02
      vertex 2.297702e+03 1.242401e+02 1.826951e+02
      vertex 1.736318e+03 1.246306e+02 1.826951e+02
    endloop
  endfacet
  facet normal 8.154191e-08 0.000000e+00 1.000000e+00
    outer loop
      vertex 1.736318e+03 1.246306e+02 1.826951e+02
      vertex 2.297702e+03 1.242401e+02 1.826951e+02
      vertex 2.297702e+03 1.246306e+02 1.826951e+02
    endloop
  endfacet
  facet normal 7.934201e-08 0.000000e+00 1.000000e+00
    outer loop
      vertex 1.461106e+03 1.242401e+02 1.826952e+02
      vertex 1.653423e+03 1.242401e+02 1.826952e+02
      vertex 1.461106e+03 1.246306e+02 1.826952e+02
    endloop
  endfacet
  facet normal 7.934201e-08 0.000000e+00 1.000000e+00
    outer loop
      vertex 1.461106e+03 1.246306e+02 1.826952e+02
      vertex 1.653423e+03 1.242401e+02 1.826952e+02
      vertex 1.653423e+03 1.246306e+02 1.826952e+02
    endloop
  endfacet
  facet normal 8.154191e-08 -0.000000e+00 1.000000e+00
    outer loop
      vertex 1.378212e+03 1.246306e+02 1.826952e+02
      vertex 8.168271e+02 1.246305e+02 1.826952e+02
      vertex 1.378212e+03 1.242401e+02 1.826952e+02
    endloop
  endfacet
  facet normal 8.154191e-08 0.000000e+00 1.000000e+00
    outer loop
      vertex 1.378212e+03 1.242401e+02 1.826952e+02
      vertex 8.168271e+02 1.246305e+02 1.826952e+02
      vertex 8.168271e+02 1.242400e+02 1.826952e+02
    endloop
  endfacet
  facet normal -1.089188e-07 1.000000e+00 -1.542635e-08
    outer loop
      vertex 1.736428e+03 1.246306e+02 1.819143e+02
      vertex 1.736318e+03 1.246306e+02 1.826951e+02
      vertex 2.296802e+03 1.246306e+02 1.819142e+02
    endloop
  endfacet
  facet normal -1.087225e-07 1.000000e+00 1.254319e-07
    outer loop
      vertex 2.296802e+03 1.246306e+02 1.819142e+02
      vertex 1.736318e+03 1.246306e+02 1.826951e+02
      vertex 2.297702e+03 1.246306e+02 1.826951e+02
    endloop
  endfacet
  facet normal 0.000000e+00 1.000000e+00 0.000000e+00
    outer loop
      vertex 1.461106e+03 1.246306e+02 1.826952e+02
      vertex 1.653423e+03 1.246306e+02 1.826952e+02
      vertex 1.462293e+03 1.246306e+02 1.819143e+02
    endloop
  endfacet
  facet normal 0.000000e+00 1.000000e+00 0.000000e+00
    outer loop
      vertex 1.462293e+03 1.246306e+02 1.819143e+02
      vertex 1.653423e+03 1.246306e+02 1.826952e+02
      vertex 1.652237e+03 1.246306e+02 1.819143e+02
    endloop
  endfacet
  facet normal -1.089188e-07 1.000000e+00 1.542635e-08
    outer loop
      vertex 1.378101e+03 1.246306e+02 1.819143e+02
      vertex 8.177281e+02 1.246305e+02 1.819144e+02
      vertex 1.378212e+03 1.246306e+02 1.826952e+02
    endloop
  endfacet
  facet normal -1.087226e-07 1.000000e+00 -1.254405e-07
    outer loop
      vertex 1.378212e+03 1.246306e+02 1.826952e+02
      vertex 8.177281e+02 1.246305e+02 1.819144e+02
      vertex 8.168271e+02 1.246305e+02 1.826952e+02
    endloop
  endfacet
  facet normal -8.168909e-08 0.000000e+00 -1.000000e+00
    outer loop
      vertex 1.736428e+03 1.246306e+02 1.819143e+02
      vertex 2.296802e+03 1.246306e+02 1.819142e+02
      vertex 1.736428e+03 1.238497e+02 1.819143e+02
    endloop
  endfacet
  facet normal -8.168909e-08 0.000000e+00 -1.000000e+00
    outer loop
      vertex 1.736428e+03 1.238497e+02 1.819143e+02
      vertex 2.296802e+03 1.246306e+02 1.819142e+02
      vertex 2.296802e+03 1.238498e+02 1.819142e+02
    endloop
  endfacet
  facet normal -8.033326e-08 0.000000e+00 -1.000000e+00
    outer loop
      vertex 1.462293e+03 1.246306e+02 1.819143e+02
      vertex 1.652237e+03 1.246306e+02 1.819143e+02
      vertex 1.462293e+03 1.238497e+02 1.819143e+02
    endloop
  endfacet
  facet normal -8.033326e-08 0.000000e+00 -1.000000e+00
    outer loop
      vertex 1.462293e+03 1.238497e+02 1.819143e+02
      vertex 1.652237e+03 1.246306e+02 1.819143e+02
      vertex 1.652237e+03 1.238497e+02 1.819143e+02
    endloop
  endfacet
  facet normal -8.168911e-08 -0.000000e+00 -1.000000e+00
    outer loop
      vertex 1.378101e+03 1.238497e+02 1.819143e+02
      vertex 8.177281e+02 1.238497e+02 1.819144e+02
      vertex 1.378101e+03 1.246306e+02 1.819143e+02
    endloop
  endfacet
  facet normal -8.168911e-08 0.000000e+00 -1.000000e+00
    outer loop
      vertex 1.378101e+03 1.246306e+02 1.819143e+02
      vertex 8.177281e+02 1.238497e+02 1.819144e+02
      vertex 8.177281e+02 1.246305e+02 1.819144e+02
    endloop
  endfacet
  facet normal -1.089415e-07 1.000000e+00 -1.539821e-08
    outer loop
      vertex 1.736428e+03 1.238497e+02 1.819143e+02
      vertex 2.296706e+03 1.238498e+02 1.817677e+02
      vertex 1.736484e+03 1.238497e+02 1.815239e+02
    endloop
  endfacet
  facet normal -1.089746e-07 1.000000e+00 6.062017e-08
    outer loop
      vertex 1.736484e+03 1.238497e+02 1.815239e+02
      vertex 2.296706e+03 1.238498e+02 1.817677e+02
      vertex 2.296638e+03 1.238498e+02 1.816457e+02
    endloop
  endfacet
  facet normal -1.089747e-07 1.000000e+00 6.115577e-08
    outer loop
      vertex 1.736484e+03 1.238497e+02 1.815239e+02
      vertex 2.296638e+03 1.238498e+02 1.816457e+02
      vertex 2.296569e+03 1.238498e+02 1.815239e+02
    endloop
  endfacet
  facet normal -1.089188e-07 1.000000e+00 1.256493e-07
    outer loop
      vertex 2.296802e+03 1.238498e+02 1.819142e+02
      vertex 2.296773e+03 1.238498e+02 1.818899e+02
      vertex 1.736428e+03 1.238497e+02 1.819143e+02
    endloop
  endfacet
  facet normal -1.089216e-07 1.000000e+00 6.049237e-08
    outer loop
      vertex 1.736428e+03 1.238497e+02 1.819143e+02
      vertex 2.296773e+03 1.238498e+02 1.818899e+02
      vertex 2.296706e+03 1.238498e+02 1.817677e+02
    endloop
  endfacet
  facet normal 0.000000e+00 1.000000e+00 0.000000e+00
    outer loop
      vertex 1.462293e+03 1.238497e+02 1.819143e+02
      vertex 1.652237e+03 1.238497e+02 1.819143e+02
      vertex 1.462886e+03 1.238497e+02 1.815239e+02
    endloop
  endfacet
  facet normal 0.000000e+00 1.000000e+00 0.000000e+00
    outer loop
      vertex 1.462886e+03 1.238497e+02 1.815239e+02
      vertex 1.652237e+03 1.238497e+02 1.819143e+02
      vertex 1.651643e+03 1.238497e+02 1.815239e+02
    endloop
  endfacet
  facet normal -1.089747e-07 1.000000e+00 -6.121040e-08
    outer loop
      vertex 8.179603e+02 1.238497e+02 1.815240e+02
      vertex 8.178918e+02 1.238497e+02 1.816458e+02
      vertex 1.378046e+03 1.238497e+02 1.815240e+02
    endloop
  endfacet
  facet normal -1.089746e-07 1.000000e+00 -6.072923e-08
    outer loop
      vertex 1.378046e+03 1.238497e+02 1.815240e+02
      vertex 8.178918e+02 1.238497e+02 1.816458e+02
      vertex 8.178239e+02 1.238497e+02 1.817678e+02
    endloop
  endfacet
  facet normal -1.089415e-07 1.000000e+00 1.543227e-08
    outer loop
      vertex 1.378046e+03 1.238497e+02 1.815240e+02
      vertex 8.178239e+02 1.238497e+02 1.817678e+02
      vertex 1.378101e+03 1.238497e+02 1.819143e+02
    endloop
  endfacet
  facet normal -1.089217e-07 1.000000e+00 -6.032919e-08
    outer loop
      vertex 1.378101e+03 1.238497e+02 1.819143e+02
      vertex 8.178239e+02 1.238497e+02 1.817678e+02
      vertex 8.177562e+02 1.238497e+02 1.818900e+02
    endloop
  endfacet
  facet normal -1.089188e-07 1.000000e+00 -1.256493e-07
    outer loop
      vertex 1.378101e+03 1.238497e+02 1.819143e+02
      vertex 8.177562e+02 1.238497e+02 1.818900e+02
      vertex 8.177281e+02 1.238497e+02 1.819144e+02
    endloop
  endfacet
  facet normal -8.173100e-08 0.000000e+00 -1.000000e+00
    outer loop
      vertex 1.736484e+03 1.238497e+02 1.815239e+02
      vertex 2.296569e+03 1.238498e+02 1.815239e+02
      vertex 1.736484e+03 1.226783e+02 1.815239e+02
    endloop
  endfacet
  facet normal -8.173100e-08 0.000000e+00 -1.000000e+00
    outer loop
      vertex 1.736484e+03 1.226783e+02 1.815239e+02
      vertex 2.296569e+03 1.238498e+02 1.815239e+02
      vertex 2.296569e+03 1.226784e+02 1.815239e+02
    endloop
  endfacet
  facet normal -8.083813e-08 0.000000e+00 -1.000000e+00
    outer loop
      vertex 1.462886e+03 1.238497e+02 1.815239e+02
      vertex 1.651643e+03 1.238497e+02 1.815239e+02
      vertex 1.462886e+03 1.226783e+02 1.815239e+02
    endloop
  endfacet
  facet normal -8.083813e-08 0.000000e+00 -1.000000e+00
    outer loop
      vertex 1.462886e+03 1.226783e+02 1.815239e+02
      vertex 1.651643e+03 1.238497e+02 1.815239e+02
      vertex 1.651643e+03 1.226783e+02 1.815239e+02
    endloop
  endfacet
  facet normal -8.173103e-08 0.000000e+00 -1.000000e+00
    outer loop
      vertex 8.179603e+02 1.238497e+02 1.815240e+02
      vertex 1.378046e+03 1.238497e+02 1.815240e+02
      vertex 8.179603e+02 1.226783e+02 1.815240e+02
    endloop
  endfacet
  facet normal -8.173103e-08 0.000000e+00 -1.000000e+00
    outer loop
      vertex 8.179603e+02 1.226783e+02 1.815240e+02
      vertex 1.378046e+03 1.238497e+02 1.815240e+02
      vertex 1.378046e+03 1.226783e+02 1.815240e+02
    endloop
  endfacet
  facet normal -1.103954e-07 1.000000e+00 -1.563087e-08
    outer loop
      vertex 1.736484e+03 1.226783e+02 1.815239e+02
      vertex 2.290549e+03 1.226784e+02 1.731375e+02
      vertex 1.737677e+03 1.226783e+02 1.730974e+02
    endloop
  endfacet
  facet normal -1.107516e-07 1.000000e+00 4.890894e-06
    outer loop
      vertex 1.737677e+03 1.226783e+02 1.730974e+02
      vertex 2.290549e+03 1.226784e+02 1.731375e+02
      vertex 2.041472e+03 1.226784e+02 1.674973e+02
    endloop
  endfacet
  facet normal 0.000000e+00 1.000000e+00 1.089900e-05
    outer loop
      vertex 1.737677e+03 1.226783e+02 1.730974e+02
      vertex 2.041472e+03 1.226784e+02 1.674973e+02
      vertex 1.916440e+03 1.226784e+02 1.674973e+02
    endloop
  endfacet
  facet normal -1.089747e-07 1.000000e+00 7.823510e-08
    outer loop
      vertex 1.736484e+03 1.226783e+02 1.815239e+02
      vertex 2.296569e+03 1.226784e+02 1.815239e+02
      vertex 2.290549e+03 1.226784e+02 1.731375e+02
    endloop
  endfacet
  facet normal 0.000000e+00 1.000000e+00 0.000000e+00
    outer loop
      vertex 2.290549e+03 1.226784e+02 1.731375e+02
      vertex 2.282849e+03 1.226784e+02 1.662604e+02
      vertex 2.041472e+03 1.226784e+02 1.674973e+02
    endloop
  endfacet
  facet normal 0.000000e+00 1.000000e+00 0.000000e+00
    outer loop
      vertex 2.041472e+03 1.226784e+02 1.674973e+02
      vertex 2.282849e+03 1.226784e+02 1.662604e+02
      vertex 2.041589e+03 1.226784e+02 1.612217e+02
    endloop
  endfacet
  facet normal 0.000000e+00 1.000000e+00 0.000000e+00
    outer loop
      vertex 2.041589e+03 1.226784e+02 1.612217e+02
      vertex 2.282849e+03 1.226784e+02 1.662604e+02
      vertex 2.273838e+03 1.226784e+02 1.612216e+02
    endloop
  endfacet
  facet normal -2.857362e-07 1.000000e+00 5.335683e-09
    outer loop
      vertex 1.916323e+03 1.226784e+02 1.612217e+02
      vertex 1.702780e+03 1.226783e+02 1.646188e+02
      vertex 1.916440e+03 1.226784e+02 1.674973e+02
    endloop
  endfacet
  facet normal -2.967800e-07 1.000000e+00 8.250759e-07
    outer loop
      vertex 1.916440e+03 1.226784e+02 1.674973e+02
      vertex 1.702780e+03 1.226783e+02 1.646188e+02
      vertex 1.708163e+03 1.226783e+02 1.665553e+02
    endloop
  endfacet
  facet normal -2.930482e-07 1.000000e+00 0.000000e+00
    outer loop
      vertex 1.916440e+03 1.226784e+02 1.674973e+02
      vertex 1.708163e+03 1.226783e+02 1.665553e+02
      vertex 1.708163e+03 1.226783e+02 1.680974e+02
    endloop
  endfacet
  facet normal -2.858211e-07 1.000000e+00 0.000000e+00
    outer loop
      vertex 1.916323e+03 1.226784e+02 1.612217e+02
      vertex 1.702780e+03 1.226783e+02 1.612217e+02
      vertex 1.702780e+03 1.226783e+02 1.646188e+02
    endloop
  endfacet
  facet normal -2.928221e-07 1.000000e+00 7.846717e-08
    outer loop
      vertex 1.708163e+03 1.226783e+02 1.680974e+02
      vertex 1.708833e+03 1.226783e+02 1.705974e+02
      vertex 1.916440e+03 1.226784e+02 1.674973e+02
    endloop
  endfacet
  facet normal -2.507871e-07 1.000000e+00 2.893474e-06
    outer loop
      vertex 1.916440e+03 1.226784e+02 1.674973e+02
      vertex 1.708833e+03 1.226783e+02 1.705974e+02
      vertex 1.737677e+03 1.226783e+02 1.730974e+02
    endloop
  endfacet
  facet normal 0.000000e+00 1.000000e+00 0.000000e+00
    outer loop
      vertex 1.708833e+03 1.226783e+02 1.705974e+02
      vertex 1.710663e+03 1.226783e+02 1.724275e+02
      vertex 1.737677e+03 1.226783e+02 1.730974e+02
    endloop
  endfacet
  facet normal -0.000000e+00 1.000000e+00 0.000000e+00
    outer loop
      vertex 1.737677e+03 1.226783e+02 1.730974e+02
      vertex 1.710663e+03 1.226783e+02 1.724275e+02
      vertex 1.713163e+03 1.226783e+02 1.730974e+02
    endloop
  endfacet
  facet normal 0.000000e+00 1.000000e+00 0.000000e+00
    outer loop
      vertex 1.462886e+03 1.226783e+02 1.815239e+02
      vertex 1.651643e+03 1.226783e+02 1.815239e+02
      vertex 1.493735e+03 1.226783e+02 1.612217e+02
    endloop
  endfacet
  facet normal 0.000000e+00 1.000000e+00 0.000000e+00
    outer loop
      vertex 1.493735e+03 1.226783e+02 1.612217e+02
      vertex 1.651643e+03 1.226783e+02 1.815239e+02
      vertex 1.620795e+03 1.226783e+02 1.612217e+02
    endloop
  endfacet
  facet normal 0.000000e+00 1.000000e+00 0.000000e+00
    outer loop
      vertex 8.406911e+02 1.226783e+02 1.612218e+02
      vertex 8.316806e+02 1.226783e+02 1.662606e+02
      vertex 1.072940e+03 1.226783e+02 1.612217e+02
    endloop
  endfacet
  facet normal 0.000000e+00 1.000000e+00 0.000000e+00
    outer loop
      vertex 1.072940e+03 1.226783e+02 1.612217e+02
      vertex 8.316806e+02 1.226783e+02 1.662606e+02
      vertex 1.073057e+03 1.226783e+02 1.674974e+02
    endloop
  endfacet
  facet normal -0.000000e+00 1.000000e+00 0.000000e+00
    outer loop
      vertex 1.073057e+03 1.226783e+02 1.674974e+02
      vertex 8.316806e+02 1.226783e+02 1.662606e+02
      vertex 8.239809e+02 1.226783e+02 1.731376e+02
    endloop
  endfacet
  facet normal -1.107524e-07 1.000000e+00 -4.890877e-06
    outer loop
      vertex 1.073057e+03 1.226783e+02 1.674974e+02
      vertex 8.239809e+02 1.226783e+02 1.731376e+02
      vertex 1.376853e+03 1.226783e+02 1.730974e+02
    endloop
  endfacet
  facet normal -1.103954e-07 1.000000e+00 1.562927e-08
    outer loop
      vertex 1.376853e+03 1.226783e+02 1.730974e+02
      vertex 8.239809e+02 1.226783e+02 1.731376e+02
      vertex 1.378046e+03 1.226783e+02 1.815240e+02
    endloop
  endfacet
  facet normal -1.089747e-07 1.000000e+00 -7.823354e-08
    outer loop
      vertex 1.378046e+03 1.226783e+02 1.815240e+02
      vertex 8.239809e+02 1.226783e+02 1.731376e+02
      vertex 8.179603e+02 1.226783e+02 1.815240e+02
    endloop
  endfacet
  facet normal -0.000000e+00 1.000000e+00 -0.000000e+00
    outer loop
      vertex 1.401366e+03 1.226783e+02 1.730974e+02
      vertex 1.403866e+03 1.226783e+02 1.724275e+02
      vertex 1.376853e+03 1.226783e+02 1.730974e+02
    endloop
  endfacet
  facet normal 0.000000e+00 1.000000e+00 0.000000e+00
    outer loop
      vertex 1.376853e+03 1.226783e+02 1.730974e+02
      vertex 1.403866e+03 1.226783e+02 1.724275e+02
      vertex 1.405697e+03 1.226783e+02 1.705974e+02
    endloop
  endfacet
  facet normal 0.000000e+00 1.000000e+00 -0.000000e+00
    outer loop
      vertex 1.376853e+03 1.226783e+02 1.730974e+02
      vertex 1.405697e+03 1.226783e+02 1.705974e+02
      vertex 1.198089e+03 1.226783e+02 1.674974e+02
    endloop
  endfacet
  facet normal 0.000000e+00 1.000000e+00 0.000000e+00
    outer loop
      vertex 1.198089e+03 1.226783e+02 1.674974e+02
      vertex 1.405697e+03 1.226783e+02 1.705974e+02
      vertex 1.406366e+03 1.226783e+02 1.680974e+02
    endloop
  endfacet
  facet normal 0.000000e+00 1.000000e+00 0.000000e+00
    outer loop
      vertex 1.198089e+03 1.226783e+02 1.674974e+02
      vertex 1.406366e+03 1.226783e+02 1.680974e+02
      vertex 1.406366e+03 1.226783e+02 1.665553e+02
    endloop
  endfacet
  facet normal -0.000000e+00 1.000000e+00 -0.000000e+00
    outer loop
      vertex 1.406366e+03 1.226783e+02 1.665553e+02
      vertex 1.411750e+03 1.226783e+02 1.646188e+02
      vertex 1.198089e+03 1.226783e+02 1.674974e+02
    endloop
  endfacet
  facet normal 0.000000e+00 1.000000e+00 0.000000e+00
    outer loop
      vertex 1.198089e+03 1.226783e+02 1.674974e+02
      vertex 1.411750e+03 1.226783e+02 1.646188e+02
      vertex 1.198207e+03 1.226783e+02 1.612217e+02
    endloop
  endfacet
  facet normal 0.000000e+00 1.000000e+00 0.000000e+00
    outer loop
      vertex 1.198207e+03 1.226783e+02 1.612217e+02
      vertex 1.411750e+03 1.226783e+02 1.646188e+02
      vertex 1.411750e+03 1.226783e+02 1.612217e+02
    endloop
  endfacet
  facet normal -4.881559e-07 1.000000e+00 1.558282e-05
    outer loop
      vertex 1.198089e+03 1.226783e+02 1.674974e+02
      vertex 1.073057e+03 1.226783e+02 1.674974e+02
      vertex 1.376853e+03 1.226783e+02 1.730974e+02
    endloop
  endfacet
  facet normal 1.314002e-07 0.000000e+00 1.000000e+00
    outer loop
      vertex 2.041589e+03 1.226784e+02 1.612217e+02
      vertex 2.273838e+03 1.226784e+02 1.612216e+02
      vertex 2.041589e+03 1.230689e+02 1.612217e+02
    endloop
  endfacet
  facet normal 1.314002e-07 0.000000e+00 1.000000e+00
    outer loop
      vertex 2.041589e+03 1.230689e+02 1.612217e+02
      vertex 2.273838e+03 1.226784e+02 1.612216e+02
      vertex 2.273838e+03 1.230689e+02 1.612216e+02
    endloop
  endfacet
  facet normal 1.429106e-07 -0.000000e+00 1.000000e+00
    outer loop
      vertex 1.916323e+03 1.230689e+02 1.612217e+02
      vertex 1.702780e+03 1.230688e+02 1.612217e+02
      vertex 1.916323e+03 1.226784e+02 1.612217e+02
    endloop
  endfacet
  facet normal 1.429106e-07 0.000000e+00 1.000000e+00
    outer loop
      vertex 1.916323e+03 1.226784e+02 1.612217e+02
      vertex 1.702780e+03 1.230688e+02 1.612217e+02
      vertex 1.702780e+03 1.226783e+02 1.612217e+02
    endloop
  endfacet
  facet normal 1.200916e-07 0.000000e+00 1.000000e+00
    outer loop
      vertex 1.493735e+03 1.226783e+02 1.612217e+02
      vertex 1.620795e+03 1.226783e+02 1.612217e+02
      vertex 1.493735e+03 1.230688e+02 1.612217e+02
    endloop
  endfacet
  facet normal 1.200916e-07 0.000000e+00 1.000000e+00
    outer loop
      vertex 1.493735e+03 1.230688e+02 1.612217e+02
      vertex 1.620795e+03 1.226783e+02 1.612217e+02
      vertex 1.620795e+03 1.230688e+02 1.612217e+02
    endloop
  endfacet
  facet normal 1.429106e-07 0.000000e+00 1.000000e+00
    outer loop
      vertex 1.198207e+03 1.226783e+02 1.612217e+02
      vertex 1.411750e+03 1.226783e+02 1.612217e+02
      vertex 1.198207e+03 1.230688e+02 1.612217e+02
    endloop
  endfacet
  facet normal 1.429106e-07 0.000000e+00 1.000000e+00
    outer loop
      vertex 1.198207e+03 1.230688e+02 1.612217e+02
      vertex 1.411750e+03 1.226783e+02 1.612217e+02
      vertex 1.411750e+03 1.230688e+02 1.612217e+02
    endloop
  endfacet
  facet normal 1.314002e-07 0.000000e+00 1.000000e+00
    outer loop
      vertex 8.406911e+02 1.226783e+02 1.612218e+02
      vertex 1.072940e+03 1.226783e+02 1.612217e+02
      vertex 8.406911e+02 1.230688e+02 1.612218e+02
    endloop
  endfacet
  facet normal 1.314002e-07 0.000000e+00 1.000000e+00
    outer loop
      vertex 8.406911e+02 1.230688e+02 1.612218e+02
      vertex 1.072940e+03 1.226783e+02 1.612217e+02
      vertex 1.072940e+03 1.230688e+02 1.612217e+02
    endloop
  endfacet
  facet normal 0.000000e+00 1.000000e+00 0.000000e+00
    outer loop
      vertex 2.041589e+03 1.230689e+02 1.612217e+02
      vertex 2.268227e+03 1.230689e+02 1.592537e+02
      vertex 2.041662e+03 1.230689e+02 1.573174e+02
    endloop
  endfacet
  facet normal 0.000000e+00 1.000000e+00 0.000000e+00
    outer loop
      vertex 2.041662e+03 1.230689e+02 1.573174e+02
      vertex 2.268227e+03 1.230689e+02 1.592537e+02
      vertex 2.262413e+03 1.230689e+02 1.580069e+02
    endloop
  endfacet
  facet normal 0.000000e+00 1.000000e+00 0.000000e+00
    outer loop
      vertex 2.041662e+03 1.230689e+02 1.573174e+02
      vertex 2.262413e+03 1.230689e+02 1.580069e+02
      vertex 2.256488e+03 1.230689e+02 1.575009e+02
    endloop
  endfacet
  facet normal 0.000000e+00 1.000000e+00 0.000000e+00
    outer loop
      vertex 2.041589e+03 1.230689e+02 1.612217e+02
      vertex 2.273838e+03 1.230689e+02 1.612216e+02
      vertex 2.268227e+03 1.230689e+02 1.592537e+02
    endloop
  endfacet
  facet normal 0.000000e+00 1.000000e+00 0.000000e+00
    outer loop
      vertex 2.256488e+03 1.230689e+02 1.575009e+02
      vertex 2.256445e+03 1.230689e+02 1.573174e+02
      vertex 2.041662e+03 1.230689e+02 1.573174e+02
    endloop
  endfacet
  facet normal -2.859188e-07 1.000000e+00 0.000000e+00
    outer loop
      vertex 1.702780e+03 1.230688e+02 1.573175e+02
      vertex 1.702780e+03 1.230688e+02 1.612217e+02
      vertex 1.916250e+03 1.230689e+02 1.573174e+02
    endloop
  endfacet
  facet normal -2.858211e-07 1.000000e+00 5.344059e-09
    outer loop
      vertex 1.916250e+03 1.230689e+02 1.573174e+02
      vertex 1.702780e+03 1.230688e+02 1.612217e+02
      vertex 1.916323e+03 1.230689e+02 1.612217e+02
    endloop
  endfacet
  facet normal 0.000000e+00 1.000000e+00 0.000000e+00
    outer loop
      vertex 1.493735e+03 1.230688e+02 1.612217e+02
      vertex 1.620795e+03 1.230688e+02 1.612217e+02
      vertex 1.497082e+03 1.230688e+02 1.590188e+02
    endloop
  endfacet
  facet normal 0.000000e+00 1.000000e+00 0.000000e+00
    outer loop
      vertex 1.497082e+03 1.230688e+02 1.590188e+02
      vertex 1.620795e+03 1.230688e+02 1.612217e+02
      vertex 1.617447e+03 1.230688e+02 1.590187e+02
    endloop
  endfacet
  facet normal 0.000000e+00 1.000000e+00 0.000000e+00
    outer loop
      vertex 1.198207e+03 1.230688e+02 1.612217e+02
      vertex 1.411750e+03 1.230688e+02 1.612217e+02
      vertex 1.198280e+03 1.230688e+02 1.573175e+02
    endloop
  endfacet
  facet normal 0.000000e+00 1.000000e+00 0.000000e+00
    outer loop
      vertex 1.198280e+03 1.230688e+02 1.573175e+02
      vertex 1.411750e+03 1.230688e+02 1.612217e+02
      vertex 1.411750e+03 1.230688e+02 1.573175e+02
    endloop
  endfacet
  facet normal 0.000000e+00 1.000000e+00 0.000000e+00
    outer loop
      vertex 8.580850e+02 1.230688e+02 1.573176e+02
      vertex 8.580418e+02 1.230688e+02 1.575011e+02
      vertex 1.072867e+03 1.230688e+02 1.573175e+02
    endloop
  endfacet
  facet normal 0.000000e+00 1.000000e+00 0.000000e+00
    outer loop
      vertex 1.072867e+03 1.230688e+02 1.573175e+02
      vertex 8.580418e+02 1.230688e+02 1.575011e+02
      vertex 8.521169e+02 1.230688e+02 1.580070e+02
    endloop
  endfacet
  facet normal 0.000000e+00 1.000000e+00 0.000000e+00
    outer loop
      vertex 1.072867e+03 1.230688e+02 1.573175e+02
      vertex 8.521169e+02 1.230688e+02 1.580070e+02
      vertex 8.463026e+02 1.230688e+02 1.592539e+02
    endloop
  endfacet
  facet normal 0.000000e+00 1.000000e+00 0.000000e+00
    outer loop
      vertex 8.406911e+02 1.230688e+02 1.612218e+02
      vertex 1.072940e+03 1.230688e+02 1.612217e+02
      vertex 8.463026e+02 1.230688e+02 1.592539e+02
    endloop
  endfacet
  facet normal 0.000000e+00 1.000000e+00 0.000000e+00
    outer loop
      vertex 8.463026e+02 1.230688e+02 1.592539e+02
      vertex 1.072940e+03 1.230688e+02 1.612217e+02
      vertex 1.072867e+03 1.230688e+02 1.573175e+02
    endloop
  endfacet
  facet normal -4.888906e-08 7.282201e-01 -6.853433e-01
    outer loop
      vertex 2.255689e+03 1.168221e+02 1.506801e+02
      vertex 2.041786e+03 1.168221e+02 1.506801e+02
      vertex 2.255096e+03 1.176755e+02 1.515869e+02
    endloop
  endfacet
  facet normal 8.239932e-08 7.282047e-01 -6.853597e-01
    outer loop
      vertex 2.255096e+03 1.176755e+02 1.515869e+02
      vertex 2.041786e+03 1.168221e+02 1.506801e+02
      vertex 2.041662e+03 1.230689e+02 1.573174e+02
    endloop
  endfacet
  facet normal -4.852384e-08 7.282023e-01 -6.853623e-01
    outer loop
      vertex 2.255096e+03 1.176755e+02 1.515869e+02
      vertex 2.041662e+03 1.230689e+02 1.573174e+02
      vertex 2.256445e+03 1.230689e+02 1.573174e+02
    endloop
  endfacet
  facet normal -3.063641e-07 7.282047e-01 -6.853597e-01
    outer loop
      vertex 1.702780e+03 1.168220e+02 1.506801e+02
      vertex 1.702780e+03 1.230688e+02 1.573175e+02
      vertex 1.916126e+03 1.168221e+02 1.506801e+02
    endloop
  endfacet
  facet normal -3.058486e-07 7.282047e-01 -6.853597e-01
    outer loop
      vertex 1.916126e+03 1.168221e+02 1.506801e+02
      vertex 1.702780e+03 1.230688e+02 1.573175e+02
      vertex 1.916250e+03 1.230689e+02 1.573174e+02
    endloop
  endfacet
  facet normal -9.797857e-08 7.282047e-01 -6.853597e-01
    outer loop
      vertex 1.198280e+03 1.230688e+02 1.573175e+02
      vertex 1.411750e+03 1.230688e+02 1.573175e+02
      vertex 1.198404e+03 1.168220e+02 1.506802e+02
    endloop
  endfacet
  facet normal -9.803553e-08 7.282047e-01 -6.853597e-01
    outer loop
      vertex 1.198404e+03 1.168220e+02 1.506802e+02
      vertex 1.411750e+03 1.230688e+02 1.573175e+02
      vertex 1.411750e+03 1.168220e+02 1.506801e+02
    endloop
  endfacet
  facet normal -9.738051e-08 7.282023e-01 -6.853623e-01
    outer loop
      vertex 8.580850e+02 1.230688e+02 1.573176e+02
      vertex 1.072867e+03 1.230688e+02 1.573175e+02
      vertex 8.594335e+02 1.176754e+02 1.515870e+02
    endloop
  endfacet
  facet normal -2.295409e-07 7.282047e-01 -6.853597e-01
    outer loop
      vertex 8.594335e+02 1.176754e+02 1.515870e+02
      vertex 1.072867e+03 1.230688e+02 1.573175e+02
      vertex 1.072743e+03 1.168220e+02 1.506802e+02
    endloop
  endfacet
  facet normal -9.779205e-08 7.282202e-01 -6.853433e-01
    outer loop
      vertex 8.594335e+02 1.176754e+02 1.515870e+02
      vertex 1.072743e+03 1.168220e+02 1.506802e+02
      vertex 8.588402e+02 1.168220e+02 1.506802e+02
    endloop
  endfacet
  facet normal -1.399448e-08 9.805681e-01 -1.961793e-01
    outer loop
      vertex 2.041786e+03 1.168221e+02 1.506801e+02
      vertex 2.255689e+03 1.168221e+02 1.506801e+02
      vertex 2.041802e+03 1.166580e+02 1.498598e+02
    endloop
  endfacet
  facet normal -1.068181e-07 9.805727e-01 -1.961560e-01
    outer loop
      vertex 2.041802e+03 1.166580e+02 1.498598e+02
      vertex 2.255689e+03 1.168221e+02 1.506801e+02
      vertex 2.256967e+03 1.164316e+02 1.487280e+02
    endloop
  endfacet
  facet normal -1.392079e-08 9.805761e-01 -1.961390e-01
    outer loop
      vertex 2.041802e+03 1.166580e+02 1.498598e+02
      vertex 2.256967e+03 1.164316e+02 1.487280e+02
      vertex 2.041802e+03 1.164316e+02 1.487280e+02
    endloop
  endfacet
  facet normal -3.086066e-07 9.805761e-01 -1.961390e-01
    outer loop
      vertex 1.916110e+03 1.164316e+02 1.487280e+02
      vertex 1.702780e+03 1.164315e+02 1.487280e+02
      vertex 1.916110e+03 1.166580e+02 1.498598e+02
    endloop
  endfacet
  facet normal -2.152926e-07 9.805727e-01 -1.961559e-01
    outer loop
      vertex 1.916110e+03 1.166580e+02 1.498598e+02
      vertex 1.702780e+03 1.164315e+02 1.487280e+02
      vertex 1.702780e+03 1.168220e+02 1.506801e+02
    endloop
  endfacet
  facet normal -3.085670e-07 9.805681e-01 -1.961793e-01
    outer loop
      vertex 1.916110e+03 1.166580e+02 1.498598e+02
      vertex 1.702780e+03 1.168220e+02 1.506801e+02
      vertex 1.916126e+03 1.168221e+02 1.506801e+02
    endloop
  endfacet
  facet normal -2.806196e-08 9.805681e-01 -1.961793e-01
    outer loop
      vertex 1.198404e+03 1.168220e+02 1.506802e+02
      vertex 1.411750e+03 1.168220e+02 1.506801e+02
      vertex 1.198419e+03 1.166579e+02 1.498598e+02
    endloop
  endfacet
  facet normal -1.214002e-07 9.805727e-01 -1.961559e-01
    outer loop
      vertex 1.198419e+03 1.166579e+02 1.498598e+02
      vertex 1.411750e+03 1.168220e+02 1.506801e+02
      vertex 1.411750e+03 1.164315e+02 1.487280e+02
    endloop
  endfacet
  facet normal -2.808092e-08 9.805761e-01 -1.961390e-01
    outer loop
      vertex 1.198419e+03 1.166579e+02 1.498598e+02
      vertex 1.411750e+03 1.164315e+02 1.487280e+02
      vertex 1.198419e+03 1.164315e+02 1.487281e+02
    endloop
  endfacet
  facet normal -2.781909e-08 9.805761e-01 -1.961390e-01
    outer loop
      vertex 1.072728e+03 1.164315e+02 1.487281e+02
      vertex 8.575630e+02 1.164315e+02 1.487281e+02
      vertex 1.072728e+03 1.166578e+02 1.498598e+02
    endloop
  endfacet
  facet normal 6.496352e-08 9.805727e-01 -1.961560e-01
    outer loop
      vertex 1.072728e+03 1.166578e+02 1.498598e+02
      vertex 8.575630e+02 1.164315e+02 1.487281e+02
      vertex 8.588402e+02 1.168220e+02 1.506802e+02
    endloop
  endfacet
  facet normal -2.797853e-08 9.805681e-01 -1.961793e-01
    outer loop
      vertex 1.072728e+03 1.166578e+02 1.498598e+02
      vertex 8.588402e+02 1.168220e+02 1.506802e+02
      vertex 1.072743e+03 1.168220e+02 1.506802e+02
    endloop
  endfacet
  facet normal -6.584445e-08 3.713944e-01 -9.284752e-01
    outer loop
      vertex 2.041802e+03 1.164316e+02 1.487280e+02
      vertex 2.256967e+03 1.164316e+02 1.487280e+02
      vertex 2.041802e+03 1.144794e+02 1.479471e+02
    endloop
  endfacet
  facet normal -6.568852e-08 3.713944e-01 -9.284752e-01
    outer loop
      vertex 2.041802e+03 1.144794e+02 1.479471e+02
      vertex 2.256967e+03 1.164316e+02 1.487280e+02
      vertex 2.257477e+03 1.144794e+02 1.479471e+02
    endloop
  endfacet
  facet normal -1.328345e-07 3.714051e-01 -9.284709e-01
    outer loop
      vertex 1.702802e+03 1.144794e+02 1.479472e+02
      vertex 1.702780e+03 1.156674e+02 1.484224e+02
      vertex 1.916110e+03 1.144794e+02 1.479471e+02
    endloop
  endfacet
  facet normal -2.338788e-07 3.713894e-01 -9.284772e-01
    outer loop
      vertex 1.916110e+03 1.144794e+02 1.479471e+02
      vertex 1.702780e+03 1.156674e+02 1.484224e+02
      vertex 1.916110e+03 1.164316e+02 1.487280e+02
    endloop
  endfacet
  facet normal -2.390782e-07 3.713906e-01 -9.284767e-01
    outer loop
      vertex 1.916110e+03 1.164316e+02 1.487280e+02
      vertex 1.702780e+03 1.156674e+02 1.484224e+02
      vertex 1.702780e+03 1.164315e+02 1.487280e+02
    endloop
  endfacet
  facet normal -1.859699e-07 3.713968e-01 -9.284742e-01
    outer loop
      vertex 1.411727e+03 1.144794e+02 1.479472e+02
      vertex 1.198419e+03 1.144793e+02 1.479472e+02
      vertex 1.411750e+03 1.156674e+02 1.484224e+02
    endloop
  endfacet
  facet normal -1.380681e-07 3.713894e-01 -9.284772e-01
    outer loop
      vertex 1.411750e+03 1.156674e+02 1.484224e+02
      vertex 1.198419e+03 1.144793e+02 1.479472e+02
      vertex 1.198419e+03 1.164315e+02 1.487281e+02
    endloop
  endfacet
  facet normal -1.328212e-07 3.713907e-01 -9.284767e-01
    outer loop
      vertex 1.411750e+03 1.156674e+02 1.484224e+02
      vertex 1.198419e+03 1.164315e+02 1.487281e+02
      vertex 1.411750e+03 1.164315e+02 1.487280e+02
    endloop
  endfacet
  facet normal -1.839284e-07 3.713945e-01 -9.284751e-01
    outer loop
      vertex 8.570521e+02 1.144793e+02 1.479472e+02
      vertex 8.575630e+02 1.164315e+02 1.487281e+02
      vertex 1.072728e+03 1.144793e+02 1.479472e+02
    endloop
  endfacet
  facet normal -1.317566e-07 3.713994e-01 -9.284732e-01
    outer loop
      vertex 1.072728e+03 1.144793e+02 1.479472e+02
      vertex 8.575630e+02 1.164315e+02 1.487281e+02
      vertex 1.072728e+03 1.164315e+02 1.487281e+02
    endloop
  endfacet
  facet normal -7.074882e-08 0.000000e+00 -1.000000e+00
    outer loop
      vertex 2.041802e+03 1.144794e+02 1.479471e+02
      vertex 2.257477e+03 1.144794e+02 1.479471e+02
      vertex 2.041802e+03 8.949213e+01 1.479471e+02
    endloop
  endfacet
  facet normal -7.074882e-08 0.000000e+00 -1.000000e+00
    outer loop
      vertex 2.041802e+03 8.949213e+01 1.479471e+02
      vertex 2.257477e+03 1.144794e+02 1.479471e+02
      vertex 2.257477e+03 8.949213e+01 1.479471e+02
    endloop
  endfacet
  facet normal -1.430681e-07 -0.000000e+00 -1.000000e+00
    outer loop
      vertex 1.916110e+03 8.949210e+01 1.479471e+02
      vertex 1.702802e+03 8.949210e+01 1.479472e+02
      vertex 1.916110e+03 1.144794e+02 1.479471e+02
    endloop
  endfacet
  facet normal -1.430681e-07 0.000000e+00 -1.000000e+00
    outer loop
      vertex 1.916110e+03 1.144794e+02 1.479471e+02
      vertex 1.702802e+03 8.949210e+01 1.479472e+02
      vertex 1.702802e+03 1.144794e+02 1.479472e+02
    endloop
  endfacet
  facet normal -1.430680e-07 0.000000e+00 -1.000000e+00
    outer loop
      vertex 1.198419e+03 1.144793e+02 1.479472e+02
      vertex 1.411727e+03 1.144794e+02 1.479472e+02
      vertex 1.198419e+03 8.949203e+01 1.479472e+02
    endloop
  endfacet
  facet normal -1.430680e-07 0.000000e+00 -1.000000e+00
    outer loop
      vertex 1.198419e+03 8.949203e+01 1.479472e+02
      vertex 1.411727e+03 1.144794e+02 1.479472e+02
      vertex 1.411727e+03 8.949207e+01 1.479472e+02
    endloop
  endfacet
  facet normal -1.414976e-07 0.000000e+00 -1.000000e+00
    outer loop
      vertex 8.570521e+02 1.144793e+02 1.479472e+02
      vertex 1.072728e+03 1.144793e+02 1.479472e+02
      vertex 8.570521e+02 8.949200e+01 1.479472e+02
    endloop
  endfacet
  facet normal -1.414975e-07 0.000000e+00 -1.000000e+00
    outer loop
      vertex 8.570521e+02 8.949200e+01 1.479472e+02
      vertex 1.072728e+03 1.144793e+02 1.479472e+02
      vertex 1.072728e+03 8.949203e+01 1.479472e+02
    endloop
  endfacet
  facet normal -6.343012e-08 -4.472066e-01 -8.944307e-01
    outer loop
      vertex 2.041802e+03 8.793036e+01 1.487280e+02
      vertex 2.041802e+03 8.949213e+01 1.479471e+02
      vertex 2.256967e+03 8.793036e+01 1.487280e+02
    endloop
  endfacet
  facet normal -6.330959e-08 -4.472066e-01 -8.944307e-01
    outer loop
      vertex 2.256967e+03 8.793036e+01 1.487280e+02
      vertex 2.041802e+03 8.949213e+01 1.479471e+02
      vertex 2.257477e+03 8.949213e+01 1.479471e+02
    endloop
  endfacet
  facet normal -1.279516e-07 -4.471958e-01 -8.944361e-01
    outer loop
      vertex 1.702780e+03 8.793033e+01 1.487280e+02
      vertex 1.702780e+03 8.854169e+01 1.484224e+02
      vertex 1.916110e+03 8.793033e+01 1.487280e+02
    endloop
  endfacet
  facet normal -1.668941e-07 -4.472066e-01 -8.944307e-01
    outer loop
      vertex 1.916110e+03 8.793033e+01 1.487280e+02
      vertex 1.702780e+03 8.854169e+01 1.484224e+02
      vertex 1.916110e+03 8.949210e+01 1.479471e+02
    endloop
  endfacet
  facet normal -1.279640e-07 -4.472136e-01 -8.944272e-01
    outer loop
      vertex 1.916110e+03 8.949210e+01 1.479471e+02
      vertex 1.702780e+03 8.854169e+01 1.484224e+02
      vertex 1.702802e+03 8.949210e+01 1.479472e+02
    endloop
  endfacet
  facet normal -6.397897e-08 -4.471957e-01 -8.944361e-01
    outer loop
      vertex 1.411750e+03 8.793030e+01 1.487280e+02
      vertex 1.198419e+03 8.793027e+01 1.487281e+02
      vertex 1.411750e+03 8.854166e+01 1.484224e+02
    endloop
  endfacet
  facet normal -2.504211e-08 -4.472066e-01 -8.944307e-01
    outer loop
      vertex 1.411750e+03 8.854166e+01 1.484224e+02
      vertex 1.198419e+03 8.793027e+01 1.487281e+02
      vertex 1.198419e+03 8.949203e+01 1.479472e+02
    endloop
  endfacet
  facet normal -6.390182e-08 -4.472136e-01 -8.944272e-01
    outer loop
      vertex 1.411750e+03 8.854166e+01 1.484224e+02
      vertex 1.198419e+03 8.949203e+01 1.479472e+02
      vertex 1.411727e+03 8.949207e+01 1.479472e+02
    endloop
  endfacet
  facet normal -6.328111e-08 -4.472066e-01 -8.944307e-01
    outer loop
      vertex 8.570521e+02 8.949200e+01 1.479472e+02
      vertex 1.072728e+03 8.949203e+01 1.479472e+02
      vertex 8.575630e+02 8.793024e+01 1.487281e+02
    endloop
  endfacet
  facet normal -6.343136e-08 -4.472066e-01 -8.944307e-01
    outer loop
      vertex 8.575630e+02 8.793024e+01 1.487281e+02
      vertex 1.072728e+03 8.949203e+01 1.479472e+02
      vertex 1.072728e+03 8.793027e+01 1.487281e+02
    endloop
  endfacet
  facet normal -2.649448e-08 -9.284695e-01 -3.714086e-01
    outer loop
      vertex 2.041786e+03 8.714951e+01 1.506801e+02
      vertex 2.041802e+03 8.747766e+01 1.498598e+02
      vertex 2.255689e+03 8.714951e+01 1.506801e+02
    endloop
  endfacet
  facet normal -8.342630e-08 -9.284747e-01 -3.713957e-01
    outer loop
      vertex 2.255689e+03 8.714951e+01 1.506801e+02
      vertex 2.041802e+03 8.747766e+01 1.498598e+02
      vertex 2.256967e+03 8.793036e+01 1.487280e+02
    endloop
  endfacet
  facet normal -2.633752e-08 -9.284784e-01 -3.713863e-01
    outer loop
      vertex 2.256967e+03 8.793036e+01 1.487280e+02
      vertex 2.041802e+03 8.747766e+01 1.498598e+02
      vertex 2.041802e+03 8.793036e+01 1.487280e+02
    endloop
  endfacet
  facet normal -5.312722e-08 -9.284695e-01 -3.714085e-01
    outer loop
      vertex 1.916126e+03 8.714948e+01 1.506801e+02
      vertex 1.702780e+03 8.714948e+01 1.506801e+02
      vertex 1.916110e+03 8.747763e+01 1.498598e+02
    endloop
  endfacet
  facet normal 4.252496e-09 -9.284747e-01 -3.713957e-01
    outer loop
      vertex 1.916110e+03 8.747763e+01 1.498598e+02
      vertex 1.702780e+03 8.714948e+01 1.506801e+02
      vertex 1.702780e+03 8.793033e+01 1.487280e+02
    endloop
  endfacet
  facet normal -5.317801e-08 -9.284784e-01 -3.713863e-01
    outer loop
      vertex 1.916110e+03 8.747763e+01 1.498598e+02
      vertex 1.702780e+03 8.793033e+01 1.487280e+02
      vertex 1.916110e+03 8.793033e+01 1.487280e+02
    endloop
  endfacet
  facet normal 7.968337e-08 -9.284695e-01 -3.714086e-01
    outer loop
      vertex 1.198404e+03 8.714941e+01 1.506802e+02
      vertex 1.198419e+03 8.747757e+01 1.498598e+02
      vertex 1.411750e+03 8.714944e+01 1.506801e+02
    endloop
  endfacet
  facet normal 2.232559e-08 -9.284747e-01 -3.713957e-01
    outer loop
      vertex 1.411750e+03 8.714944e+01 1.506801e+02
      vertex 1.198419e+03 8.747757e+01 1.498598e+02
      vertex 1.411750e+03 8.793030e+01 1.487280e+02
    endloop
  endfacet
  facet normal 7.969356e-08 -9.284784e-01 -3.713864e-01
    outer loop
      vertex 1.411750e+03 8.793030e+01 1.487280e+02
      vertex 1.198419e+03 8.747757e+01 1.498598e+02
      vertex 1.198419e+03 8.793027e+01 1.487281e+02
    endloop
  endfacet
  facet normal 7.947600e-08 -9.284695e-01 -3.714085e-01
    outer loop
      vertex 1.072743e+03 8.714941e+01 1.506802e+02
      vertex 8.588402e+02 8.714938e+01 1.506802e+02
      vertex 1.072728e+03 8.747757e+01 1.498598e+02
    endloop
  endfacet
  facet normal 1.363775e-07 -9.284747e-01 -3.713957e-01
    outer loop
      vertex 1.072728e+03 8.747757e+01 1.498598e+02
      vertex 8.588402e+02 8.714938e+01 1.506802e+02
      vertex 8.575630e+02 8.793024e+01 1.487281e+02
    endloop
  endfacet
  facet normal 7.908712e-08 -9.284784e-01 -3.713863e-01
    outer loop
      vertex 1.072728e+03 8.747757e+01 1.498598e+02
      vertex 8.575630e+02 8.793024e+01 1.487281e+02
      vertex 1.072728e+03 8.793027e+01 1.487281e+02
    endloop
  endfacet
  facet normal -3.196330e-08 -8.944272e-01 -4.472136e-01
    outer loop
      vertex 2.255250e+03 8.636862e+01 1.522418e+02
      vertex 2.041757e+03 8.636862e+01 1.522419e+02
      vertex 2.255096e+03 8.669611e+01 1.515869e+02
    endloop
  endfacet
  facet normal -4.536492e-08 -8.944255e-01 -4.472171e-01
    outer loop
      vertex 2.255096e+03 8.669611e+01 1.515869e+02
      vertex 2.041757e+03 8.636862e+01 1.522419e+02
      vertex 2.041786e+03 8.714951e+01 1.506801e+02
    endloop
  endfacet
  facet normal -3.188315e-08 -8.944242e-01 -4.472196e-01
    outer loop
      vertex 2.255096e+03 8.669611e+01 1.515869e+02
      vertex 2.041786e+03 8.714951e+01 1.506801e+02
      vertex 2.255689e+03 8.714951e+01 1.506801e+02
    endloop
  endfacet
  facet normal -6.396228e-08 -8.944255e-01 -4.472171e-01
    outer loop
      vertex 1.916155e+03 8.636859e+01 1.522419e+02
      vertex 1.702780e+03 8.636859e+01 1.522419e+02
      vertex 1.916126e+03 8.714948e+01 1.506801e+02
    endloop
  endfacet
  facet normal -6.397106e-08 -8.944255e-01 -4.472171e-01
    outer loop
      vertex 1.916126e+03 8.714948e+01 1.506801e+02
      vertex 1.702780e+03 8.636859e+01 1.522419e+02
      vertex 1.702780e+03 8.714948e+01 1.506801e+02
    endloop
  endfacet
  facet normal 6.396103e-08 -8.944255e-01 -4.472171e-01
    outer loop
      vertex 1.198375e+03 8.636853e+01 1.522419e+02
      vertex 1.198404e+03 8.714941e+01 1.506802e+02
      vertex 1.411750e+03 8.636856e+01 1.522419e+02
    endloop
  endfacet
  facet normal 6.400103e-08 -8.944255e-01 -4.472171e-01
    outer loop
      vertex 1.411750e+03 8.636856e+01 1.522419e+02
      vertex 1.198404e+03 8.714941e+01 1.506802e+02
      vertex 1.411750e+03 8.714944e+01 1.506801e+02
    endloop
  endfacet
  facet normal 6.392660e-08 -8.944272e-01 -4.472136e-01
    outer loop
      vertex 8.592794e+02 8.636850e+01 1.522420e+02
      vertex 8.594335e+02 8.669598e+01 1.515870e+02
      vertex 1.072772e+03 8.636853e+01 1.522419e+02
    endloop
  endfacet
  facet normal 7.744841e-08 -8.944255e-01 -4.472171e-01
    outer loop
      vertex 1.072772e+03 8.636853e+01 1.522419e+02
      vertex 8.594335e+02 8.669598e+01 1.515870e+02
      vertex 1.072743e+03 8.714941e+01 1.506802e+02
    endloop
  endfacet
  facet normal 6.380276e-08 -8.944241e-01 -4.472196e-01
    outer loop
      vertex 1.072743e+03 8.714941e+01 1.506802e+02
      vertex 8.594335e+02 8.669598e+01 1.515870e+02
      vertex 8.588402e+02 8.714938e+01 1.506802e+02
    endloop
  endfacet
  facet normal -4.748259e-08 -7.474204e-01 -6.643513e-01
    outer loop
      vertex 2.041757e+03 8.636862e+01 1.522419e+02
      vertex 2.255250e+03 8.636862e+01 1.522418e+02
      vertex 2.041691e+03 8.324530e+01 1.557557e+02
    endloop
  endfacet
  facet normal -4.728490e-08 -7.474204e-01 -6.643513e-01
    outer loop
      vertex 2.041691e+03 8.324530e+01 1.557557e+02
      vertex 2.255250e+03 8.636862e+01 1.522418e+02
      vertex 2.256077e+03 8.324530e+01 1.557557e+02
    endloop
  endfacet
  facet normal -9.498821e-08 -7.474204e-01 -6.643513e-01
    outer loop
      vertex 1.916221e+03 8.324527e+01 1.557557e+02
      vertex 1.702780e+03 8.324527e+01 1.557557e+02
      vertex 1.916155e+03 8.636859e+01 1.522419e+02
    endloop
  endfacet
  facet normal -9.501745e-08 -7.474204e-01 -6.643513e-01
    outer loop
      vertex 1.916155e+03 8.636859e+01 1.522419e+02
      vertex 1.702780e+03 8.324527e+01 1.557557e+02
      vertex 1.702780e+03 8.636859e+01 1.522419e+02
    endloop
  endfacet
  facet normal 1.187712e-08 -7.474204e-01 -6.643513e-01
    outer loop
      vertex 1.198309e+03 8.324521e+01 1.557558e+02
      vertex 1.198375e+03 8.636853e+01 1.522419e+02
      vertex 1.411750e+03 8.324524e+01 1.557558e+02
    endloop
  endfacet
  facet normal 1.235891e-08 -7.474204e-01 -6.643513e-01
    outer loop
      vertex 1.411750e+03 8.324524e+01 1.557558e+02
      vertex 1.198375e+03 8.636853e+01 1.522419e+02
      vertex 1.411750e+03 8.636856e+01 1.522419e+02
    endloop
  endfacet
  facet normal 1.182481e-08 -7.474204e-01 -6.643514e-01
    outer loop
      vertex 8.584525e+02 8.324518e+01 1.557558e+02
      vertex 8.592794e+02 8.636850e+01 1.522420e+02
      vertex 1.072838e+03 8.324521e+01 1.557558e+02
    endloop
  endfacet
  facet normal 1.235211e-08 -7.474204e-01 -6.643513e-01
    outer loop
      vertex 1.072838e+03 8.324521e+01 1.557558e+02
      vertex 8.592794e+02 8.636850e+01 1.522420e+02
      vertex 1.072772e+03 8.636853e+01 1.522419e+02
    endloop
  endfacet
  facet normal 0.000000e+00 1.000000e+00 0.000000e+00
    outer loop
      vertex 2.041802e+03 8.324530e+01 1.458598e+02
      vertex 2.041802e+03 8.324530e+01 1.498598e+02
      vertex 2.094557e+03 8.324530e+01 1.458597e+02
    endloop
  endfacet
  facet normal 0.000000e+00 1.000000e+00 0.000000e+00
    outer loop
      vertex 2.094557e+03 8.324530e+01 1.458597e+02
      vertex 2.041802e+03 8.324530e+01 1.498598e+02
      vertex 2.041691e+03 8.324530e+01 1.557557e+02
    endloop
  endfacet
  facet normal 0.000000e+00 1.000000e+00 0.000000e+00
    outer loop
      vertex 2.094557e+03 8.324530e+01 1.458597e+02
      vertex 2.041691e+03 8.324530e+01 1.557557e+02
      vertex 2.179973e+03 8.324530e+01 1.458597e+02
    endloop
  endfacet
  facet normal 0.000000e+00 1.000000e+00 0.000000e+00
    outer loop
      vertex 2.179973e+03 8.324530e+01 1.458597e+02
      vertex 2.041691e+03 8.324530e+01 1.557557e+02
      vertex 2.256077e+03 8.324530e+01 1.557557e+02
    endloop
  endfacet
  facet normal 0.000000e+00 1.000000e+00 0.000000e+00
    outer loop
      vertex 2.179973e+03 8.324530e+01 1.458597e+02
      vertex 2.256077e+03 8.324530e+01 1.557557e+02
      vertex 2.255096e+03 8.324530e+01 1.515869e+02
    endloop
  endfacet
  facet normal 0.000000e+00 1.000000e+00 0.000000e+00
    outer loop
      vertex 2.179973e+03 8.324530e+01 1.458597e+02
      vertex 2.255096e+03 8.324530e+01 1.515869e+02
      vertex 2.217991e+03 8.324530e+01 1.458597e+02
    endloop
  endfacet
  facet normal 0.000000e+00 1.000000e+00 0.000000e+00
    outer loop
      vertex 2.217991e+03 8.324530e+01 1.458597e+02
      vertex 2.255096e+03 8.324530e+01 1.515869e+02
      vertex 2.261945e+03 8.324530e+01 1.411195e+02
    endloop
  endfacet
  facet normal 0.000000e+00 1.000000e+00 0.000000e+00
    outer loop
      vertex 2.217991e+03 8.324530e+01 1.458597e+02
      vertex 2.261945e+03 8.324530e+01 1.411195e+02
      vertex 2.230412e+03 8.324530e+01 1.417999e+02
    endloop
  endfacet
  facet normal -0.000000e+00 1.000000e+00 0.000000e+00
    outer loop
      vertex 2.228581e+03 8.324530e+01 1.385550e+02
      vertex 2.223087e+03 8.324530e+01 1.385550e+02
      vertex 2.230412e+03 8.324530e+01 1.417999e+02
    endloop
  endfacet
  facet normal 0.000000e+00 1.000000e+00 0.000000e+00
    outer loop
      vertex 2.230412e+03 8.324530e+01 1.417999e+02
      vertex 2.223087e+03 8.324530e+01 1.385550e+02
      vertex 2.220377e+03 8.324530e+01 1.417999e+02
    endloop
  endfacet
  facet normal -0.000000e+00 1.000000e+00 0.000000e+00
    outer loop
      vertex 2.230412e+03 8.324530e+01 1.417999e+02
      vertex 2.220377e+03 8.324530e+01 1.417999e+02
      vertex 2.217991e+03 8.324530e+01 1.458597e+02
    endloop
  endfacet
  facet normal 0.000000e+00 1.000000e+00 0.000000e+00
    outer loop
      vertex 2.094557e+03 8.324530e+01 1.458597e+02
      vertex 2.179973e+03 8.324530e+01 1.458597e+02
      vertex 2.101093e+03 8.324530e+01 1.395320e+02
    endloop
  endfacet
  facet normal 0.000000e+00 1.000000e+00 0.000000e+00
    outer loop
      vertex 2.101093e+03 8.324530e+01 1.395320e+02
      vertex 2.179973e+03 8.324530e+01 1.458597e+02
      vertex 2.173438e+03 8.324530e+01 1.395320e+02
    endloop
  endfacet
  facet normal 0.000000e+00 1.000000e+00 0.000000e+00
    outer loop
      vertex 2.101093e+03 8.324530e+01 1.395320e+02
      vertex 2.173438e+03 8.324530e+01 1.395320e+02
      vertex 2.108554e+03 8.324530e+01 1.343270e+02
    endloop
  endfacet
  facet normal 0.000000e+00 1.000000e+00 0.000000e+00
    outer loop
      vertex 2.108554e+03 8.324530e+01 1.343270e+02
      vertex 2.173438e+03 8.324530e+01 1.395320e+02
      vertex 2.165977e+03 8.324530e+01 1.343270e+02
    endloop
  endfacet
  facet normal 0.000000e+00 1.000000e+00 0.000000e+00
    outer loop
      vertex 2.108554e+03 8.324530e+01 1.343270e+02
      vertex 2.165977e+03 8.324530e+01 1.343270e+02
      vertex 2.116749e+03 8.324530e+01 1.303779e+02
    endloop
  endfacet
  facet normal 0.000000e+00 1.000000e+00 0.000000e+00
    outer loop
      vertex 2.116749e+03 8.324530e+01 1.303779e+02
      vertex 2.165977e+03 8.324530e+01 1.343270e+02
      vertex 2.157782e+03 8.324530e+01 1.303779e+02
    endloop
  endfacet
  facet normal 0.000000e+00 1.000000e+00 0.000000e+00
    outer loop
      vertex 1.743761e+03 8.324527e+01 1.434223e+02
      vertex 1.707780e+03 8.324527e+01 1.434224e+02
      vertex 1.743761e+03 8.324527e+01 1.458598e+02
    endloop
  endfacet
  facet normal 0.000000e+00 1.000000e+00 0.000000e+00
    outer loop
      vertex 1.743761e+03 8.324527e+01 1.458598e+02
      vertex 1.707780e+03 8.324527e+01 1.434224e+02
      vertex 1.705280e+03 8.324527e+01 1.440922e+02
    endloop
  endfacet
  facet normal -0.000000e+00 1.000000e+00 0.000000e+00
    outer loop
      vertex 1.743761e+03 8.324527e+01 1.458598e+02
      vertex 1.705280e+03 8.324527e+01 1.440922e+02
      vertex 1.703449e+03 8.324527e+01 1.459224e+02
    endloop
  endfacet
  facet normal 0.000000e+00 1.000000e+00 0.000000e+00
    outer loop
      vertex 1.703449e+03 8.324527e+01 1.459224e+02
      vertex 1.702780e+03 8.324527e+01 1.484224e+02
      vertex 1.743761e+03 8.324527e+01 1.458598e+02
    endloop
  endfacet
  facet normal 0.000000e+00 1.000000e+00 0.000000e+00
    outer loop
      vertex 1.743761e+03 8.324527e+01 1.458598e+02
      vertex 1.702780e+03 8.324527e+01 1.484224e+02
      vertex 1.702780e+03 8.324527e+01 1.557557e+02
    endloop
  endfacet
  facet normal 0.000000e+00 1.000000e+00 0.000000e+00
    outer loop
      vertex 1.743761e+03 8.324527e+01 1.458598e+02
      vertex 1.702780e+03 8.324527e+01 1.557557e+02
      vertex 1.777939e+03 8.324527e+01 1.458598e+02
    endloop
  endfacet
  facet normal 0.000000e+00 1.000000e+00 0.000000e+00
    outer loop
      vertex 1.777939e+03 8.324527e+01 1.458598e+02
      vertex 1.702780e+03 8.324527e+01 1.557557e+02
      vertex 1.916221e+03 8.324527e+01 1.557557e+02
    endloop
  endfacet
  facet normal 0.000000e+00 1.000000e+00 0.000000e+00
    outer loop
      vertex 1.777939e+03 8.324527e+01 1.458598e+02
      vertex 1.916221e+03 8.324527e+01 1.557557e+02
      vertex 1.863355e+03 8.324527e+01 1.458598e+02
    endloop
  endfacet
  facet normal 0.000000e+00 1.000000e+00 0.000000e+00
    outer loop
      vertex 1.863355e+03 8.324527e+01 1.458598e+02
      vertex 1.916221e+03 8.324527e+01 1.557557e+02
      vertex 1.916110e+03 8.324527e+01 1.498598e+02
    endloop
  endfacet
  facet normal 0.000000e+00 1.000000e+00 0.000000e+00
    outer loop
      vertex 1.863355e+03 8.324527e+01 1.458598e+02
      vertex 1.916110e+03 8.324527e+01 1.498598e+02
      vertex 1.916110e+03 8.324527e+01 1.458598e+02
    endloop
  endfacet
  facet normal 0.000000e+00 1.000000e+00 0.000000e+00
    outer loop
      vertex 1.777939e+03 8.324527e+01 1.458598e+02
      vertex 1.863355e+03 8.324527e+01 1.458598e+02
      vertex 1.784475e+03 8.324527e+01 1.395320e+02
    endloop
  endfacet
  facet normal 0.000000e+00 1.000000e+00 0.000000e+00
    outer loop
      vertex 1.784475e+03 8.324527e+01 1.395320e+02
      vertex 1.863355e+03 8.324527e+01 1.458598e+02
      vertex 1.856819e+03 8.324527e+01 1.395320e+02
    endloop
  endfacet
  facet normal 0.000000e+00 1.000000e+00 0.000000e+00
    outer loop
      vertex 1.784475e+03 8.324527e+01 1.395320e+02
      vertex 1.856819e+03 8.324527e+01 1.395320e+02
      vertex 1.791935e+03 8.324527e+01 1.343270e+02
    endloop
  endfacet
  facet normal 0.000000e+00 1.000000e+00 0.000000e+00
    outer loop
      vertex 1.791935e+03 8.324527e+01 1.343270e+02
      vertex 1.856819e+03 8.324527e+01 1.395320e+02
      vertex 1.849358e+03 8.324527e+01 1.343270e+02
    endloop
  endfacet
  facet normal 0.000000e+00 1.000000e+00 0.000000e+00
    outer loop
      vertex 1.791935e+03 8.324527e+01 1.343270e+02
      vertex 1.849358e+03 8.324527e+01 1.343270e+02
      vertex 1.800131e+03 8.324527e+01 1.303780e+02
    endloop
  endfacet
  facet normal 0.000000e+00 1.000000e+00 0.000000e+00
    outer loop
      vertex 1.800131e+03 8.324527e+01 1.303780e+02
      vertex 1.849358e+03 8.324527e+01 1.343270e+02
      vertex 1.841163e+03 8.324527e+01 1.303780e+02
    endloop
  endfacet
  facet normal 0.000000e+00 1.000000e+00 0.000000e+00
    outer loop
      vertex 1.198419e+03 8.324521e+01 1.458598e+02
      vertex 1.198419e+03 8.324521e+01 1.498598e+02
      vertex 1.251175e+03 8.324521e+01 1.458598e+02
    endloop
  endfacet
  facet normal 0.000000e+00 1.000000e+00 0.000000e+00
    outer loop
      vertex 1.251175e+03 8.324521e+01 1.458598e+02
      vertex 1.198419e+03 8.324521e+01 1.498598e+02
      vertex 1.198309e+03 8.324521e+01 1.557558e+02
    endloop
  endfacet
  facet normal -3.572822e-07 1.000000e+00 -1.908659e-06
    outer loop
      vertex 1.251175e+03 8.324521e+01 1.458598e+02
      vertex 1.198309e+03 8.324521e+01 1.557558e+02
      vertex 1.336591e+03 8.324524e+01 1.458598e+02
    endloop
  endfacet
  facet normal -1.429787e-07 1.000000e+00 1.085921e-06
    outer loop
      vertex 1.336591e+03 8.324524e+01 1.458598e+02
      vertex 1.198309e+03 8.324521e+01 1.557558e+02
      vertex 1.411750e+03 8.324524e+01 1.557558e+02
    endloop
  endfacet
  facet normal 0.000000e+00 1.000000e+00 0.000000e+00
    outer loop
      vertex 1.336591e+03 8.324524e+01 1.458598e+02
      vertex 1.411750e+03 8.324524e+01 1.557558e+02
      vertex 1.370768e+03 8.324524e+01 1.458598e+02
    endloop
  endfacet
  facet normal 0.000000e+00 1.000000e+00 0.000000e+00
    outer loop
      vertex 1.370768e+03 8.324524e+01 1.458598e+02
      vertex 1.411750e+03 8.324524e+01 1.557558e+02
      vertex 1.411750e+03 8.324524e+01 1.484224e+02
    endloop
  endfacet
  facet normal 0.000000e+00 1.000000e+00 0.000000e+00
    outer loop
      vertex 1.370768e+03 8.324524e+01 1.458598e+02
      vertex 1.411750e+03 8.324524e+01 1.484224e+02
      vertex 1.411080e+03 8.324524e+01 1.459224e+02
    endloop
  endfacet
  facet normal 0.000000e+00 1.000000e+00 0.000000e+00
    outer loop
      vertex 1.411080e+03 8.324524e+01 1.459224e+02
      vertex 1.409250e+03 8.324524e+01 1.440922e+02
      vertex 1.370768e+03 8.324524e+01 1.458598e+02
    endloop
  endfacet
  facet normal 0.000000e+00 1.000000e+00 0.000000e+00
    outer loop
      vertex 1.370768e+03 8.324524e+01 1.458598e+02
      vertex 1.409250e+03 8.324524e+01 1.440922e+02
      vertex 1.406750e+03 8.324524e+01 1.434224e+02
    endloop
  endfacet
  facet normal 0.000000e+00 1.000000e+00 -0.000000e+00
    outer loop
      vertex 1.370768e+03 8.324524e+01 1.458598e+02
      vertex 1.406750e+03 8.324524e+01 1.434224e+02
      vertex 1.370768e+03 8.324524e+01 1.434224e+02
    endloop
  endfacet
  facet normal -3.572822e-07 1.000000e+00 -3.690191e-07
    outer loop
      vertex 1.251175e+03 8.324521e+01 1.458598e+02
      vertex 1.336591e+03 8.324524e+01 1.458598e+02
      vertex 1.257710e+03 8.324521e+01 1.395320e+02
    endloop
  endfacet
  facet normal -4.218363e-07 1.000000e+00 4.356938e-07
    outer loop
      vertex 1.257710e+03 8.324521e+01 1.395320e+02
      vertex 1.336591e+03 8.324524e+01 1.458598e+02
      vertex 1.330055e+03 8.324524e+01 1.395320e+02
    endloop
  endfacet
  facet normal -4.218363e-07 1.000000e+00 -6.046591e-07
    outer loop
      vertex 1.257710e+03 8.324521e+01 1.395320e+02
      vertex 1.330055e+03 8.324524e+01 1.395320e+02
      vertex 1.265171e+03 8.324521e+01 1.343271e+02
    endloop
  endfacet
  facet normal -5.314524e-07 1.000000e+00 7.617826e-07
    outer loop
      vertex 1.265171e+03 8.324521e+01 1.343271e+02
      vertex 1.330055e+03 8.324524e+01 1.395320e+02
      vertex 1.322594e+03 8.324524e+01 1.343271e+02
    endloop
  endfacet
  facet normal -5.314524e-07 1.000000e+00 -1.102886e-06
    outer loop
      vertex 1.265171e+03 8.324521e+01 1.343271e+02
      vertex 1.322594e+03 8.324524e+01 1.343271e+02
      vertex 1.273366e+03 8.324521e+01 1.303780e+02
    endloop
  endfacet
  facet normal -7.437400e-07 1.000000e+00 1.543432e-06
    outer loop
      vertex 1.273366e+03 8.324521e+01 1.303780e+02
      vertex 1.322594e+03 8.324524e+01 1.343271e+02
      vertex 1.314399e+03 8.324524e+01 1.303780e+02
    endloop
  endfacet
  facet normal 0.000000e+00 1.000000e+00 0.000000e+00
    outer loop
      vertex 8.584525e+02 8.324518e+01 1.557558e+02
      vertex 9.345563e+02 8.324518e+01 1.458598e+02
      vertex 8.594335e+02 8.324518e+01 1.515870e+02
    endloop
  endfacet
  facet normal 0.000000e+00 1.000000e+00 0.000000e+00
    outer loop
      vertex 8.594335e+02 8.324518e+01 1.515870e+02
      vertex 9.345563e+02 8.324518e+01 1.458598e+02
      vertex 8.965388e+02 8.324518e+01 1.458598e+02
    endloop
  endfacet
  facet normal 0.000000e+00 1.000000e+00 -0.000000e+00
    outer loop
      vertex 8.594335e+02 8.324518e+01 1.515870e+02
      vertex 8.965388e+02 8.324518e+01 1.458598e+02
      vertex 8.525850e+02 8.324518e+01 1.411196e+02
    endloop
  endfacet
  facet normal 0.000000e+00 1.000000e+00 0.000000e+00
    outer loop
      vertex 8.525850e+02 8.324518e+01 1.411196e+02
      vertex 8.965388e+02 8.324518e+01 1.458598e+02
      vertex 8.841177e+02 8.324518e+01 1.418000e+02
    endloop
  endfacet
  facet normal 0.000000e+00 1.000000e+00 0.000000e+00
    outer loop
      vertex 8.841177e+02 8.324518e+01 1.418000e+02
      vertex 8.965388e+02 8.324518e+01 1.458598e+02
      vertex 8.941525e+02 8.324518e+01 1.418000e+02
    endloop
  endfacet
  facet normal 0.000000e+00 1.000000e+00 0.000000e+00
    outer loop
      vertex 8.841177e+02 8.324518e+01 1.418000e+02
      vertex 8.941525e+02 8.324518e+01 1.418000e+02
      vertex 8.914423e+02 8.324518e+01 1.385551e+02
    endloop
  endfacet
  facet normal -1.423493e-07 1.000000e+00 -1.094721e-06
    outer loop
      vertex 8.584525e+02 8.324518e+01 1.557558e+02
      vertex 1.072838e+03 8.324521e+01 1.557558e+02
      vertex 9.345563e+02 8.324518e+01 1.458598e+02
    endloop
  endfacet
  facet normal -3.572825e-07 1.000000e+00 1.908664e-06
    outer loop
      vertex 9.345563e+02 8.324518e+01 1.458598e+02
      vertex 1.072838e+03 8.324521e+01 1.557558e+02
      vertex 1.019972e+03 8.324521e+01 1.458598e+02
    endloop
  endfacet
  facet normal -3.572825e-07 1.000000e+00 -3.690194e-07
    outer loop
      vertex 9.345563e+02 8.324518e+01 1.458598e+02
      vertex 1.019972e+03 8.324521e+01 1.458598e+02
      vertex 9.410919e+02 8.324518e+01 1.395321e+02
    endloop
  endfacet
  facet normal -4.218366e-07 1.000000e+00 4.356941e-07
    outer loop
      vertex 9.410919e+02 8.324518e+01 1.395321e+02
      vertex 1.019972e+03 8.324521e+01 1.458598e+02
      vertex 1.013436e+03 8.324521e+01 1.395321e+02
    endloop
  endfacet
  facet normal -4.218366e-07 1.000000e+00 -6.046596e-07
    outer loop
      vertex 9.410919e+02 8.324518e+01 1.395321e+02
      vertex 1.013436e+03 8.324521e+01 1.395321e+02
      vertex 9.485527e+02 8.324518e+01 1.343271e+02
    endloop
  endfacet
  facet normal -5.314529e-07 1.000000e+00 7.617834e-07
    outer loop
      vertex 9.485527e+02 8.324518e+01 1.343271e+02
      vertex 1.013436e+03 8.324521e+01 1.395321e+02
      vertex 1.005976e+03 8.324521e+01 1.343271e+02
    endloop
  endfacet
  facet normal -5.314530e-07 1.000000e+00 6.624947e-06
    outer loop
      vertex 9.485527e+02 8.324518e+01 1.343271e+02
      vertex 1.005976e+03 8.324521e+01 1.343271e+02
      vertex 9.567479e+02 8.324521e+01 1.303780e+02
    endloop
  endfacet
  facet normal 0.000000e+00 1.000000e+00 0.000000e+00
    outer loop
      vertex 9.567479e+02 8.324521e+01 1.303780e+02
      vertex 1.005976e+03 8.324521e+01 1.343271e+02
      vertex 9.977805e+02 8.324521e+01 1.303780e+02
    endloop
  endfacet
  facet normal 0.000000e+00 1.000000e+00 0.000000e+00
    outer loop
      vertex 1.072838e+03 8.324521e+01 1.557558e+02
      vertex 1.072728e+03 8.324521e+01 1.498598e+02
      vertex 1.019972e+03 8.324521e+01 1.458598e+02
    endloop
  endfacet
  facet normal 0.000000e+00 1.000000e+00 0.000000e+00
    outer loop
      vertex 1.019972e+03 8.324521e+01 1.458598e+02
      vertex 1.072728e+03 8.324521e+01 1.498598e+02
      vertex 1.072728e+03 8.324521e+01 1.458598e+02
    endloop
  endfacet
  facet normal -0.000000e+00 1.000000e+00 0.000000e+00
    outer loop
      vertex 8.914423e+02 8.324518e+01 1.385551e+02
      vertex 8.859488e+02 8.324518e+01 1.385551e+02
      vertex 8.841177e+02 8.324518e+01 1.418000e+02
    endloop
  endfacet
  facet normal 0.000000e+00 7.070239e-01 -7.071897e-01
    outer loop
      vertex 2.117789e+03 8.285477e+01 1.299875e+02
      vertex 2.116749e+03 8.324530e+01 1.303779e+02
      vertex 2.156742e+03 8.285477e+01 1.299875e+02
    endloop
  endfacet
  facet normal 0.000000e+00 7.070239e-01 -7.071897e-01
    outer loop
      vertex 2.156742e+03 8.285477e+01 1.299875e+02
      vertex 2.116749e+03 8.324530e+01 1.303779e+02
      vertex 2.157782e+03 8.324530e+01 1.303779e+02
    endloop
  endfacet
  facet normal 0.000000e+00 7.070239e-01 -7.071897e-01
    outer loop
      vertex 1.801170e+03 8.285474e+01 1.299875e+02
      vertex 1.800131e+03 8.324527e+01 1.303780e+02
      vertex 1.840124e+03 8.285474e+01 1.299875e+02
    endloop
  endfacet
  facet normal 0.000000e+00 7.070239e-01 -7.071897e-01
    outer loop
      vertex 1.840124e+03 8.285474e+01 1.299875e+02
      vertex 1.800131e+03 8.324527e+01 1.303780e+02
      vertex 1.841163e+03 8.324527e+01 1.303780e+02
    endloop
  endfacet
  facet normal -5.539093e-07 7.070231e-01 -7.071904e-01
    outer loop
      vertex 1.274406e+03 8.285468e+01 1.299876e+02
      vertex 1.273366e+03 8.324521e+01 1.303780e+02
      vertex 1.313359e+03 8.285471e+01 1.299876e+02
    endloop
  endfacet
  facet normal -5.254314e-07 7.070246e-01 -7.071890e-01
    outer loop
      vertex 1.313359e+03 8.285471e+01 1.299876e+02
      vertex 1.273366e+03 8.324521e+01 1.303780e+02
      vertex 1.314399e+03 8.324524e+01 1.303780e+02
    endloop
  endfacet
  facet normal 0.000000e+00 7.070239e-01 -7.071897e-01
    outer loop
      vertex 9.577876e+02 8.285468e+01 1.299876e+02
      vertex 9.567479e+02 8.324521e+01 1.303780e+02
      vertex 9.967408e+02 8.285468e+01 1.299876e+02
    endloop
  endfacet
  facet normal 0.000000e+00 7.070239e-01 -7.071897e-01
    outer loop
      vertex 9.967408e+02 8.285468e+01 1.299876e+02
      vertex 9.567479e+02 8.324521e+01 1.303780e+02
      vertex 9.977805e+02 8.324521e+01 1.303780e+02
    endloop
  endfacet
  facet normal 0.000000e+00 6.238072e-02 -9.980524e-01
    outer loop
      vertex 2.118896e+03 7.660794e+01 1.295970e+02
      vertex 2.117789e+03 8.285477e+01 1.299875e+02
      vertex 2.155635e+03 7.660794e+01 1.295970e+02
    endloop
  endfacet
  facet normal 0.000000e+00 6.238071e-02 -9.980524e-01
    outer loop
      vertex 2.155635e+03 7.660794e+01 1.295970e+02
      vertex 2.117789e+03 8.285477e+01 1.299875e+02
      vertex 2.156742e+03 8.285477e+01 1.299875e+02
    endloop
  endfacet
  facet normal 0.000000e+00 6.238072e-02 -9.980524e-01
    outer loop
      vertex 1.802277e+03 7.660791e+01 1.295971e+02
      vertex 1.801170e+03 8.285474e+01 1.299875e+02
      vertex 1.839017e+03 7.660791e+01 1.295971e+02
    endloop
  endfacet
  facet normal 0.000000e+00 6.238071e-02 -9.980524e-01
    outer loop
      vertex 1.839017e+03 7.660791e+01 1.295971e+02
      vertex 1.801170e+03 8.285474e+01 1.299875e+02
      vertex 1.840124e+03 8.285474e+01 1.299875e+02
    endloop
  endfacet
  facet normal -5.181587e-08 6.238071e-02 -9.980524e-01
    outer loop
      vertex 1.275513e+03 7.660785e+01 1.295971e+02
      vertex 1.274406e+03 8.285468e+01 1.299876e+02
      vertex 1.312253e+03 7.660788e+01 1.295971e+02
    endloop
  endfacet
  facet normal -4.889439e-08 6.238072e-02 -9.980524e-01
    outer loop
      vertex 1.312253e+03 7.660788e+01 1.295971e+02
      vertex 1.274406e+03 8.285468e+01 1.299876e+02
      vertex 1.313359e+03 8.285471e+01 1.299876e+02
    endloop
  endfacet
  facet normal 0.000000e+00 6.238072e-02 -9.980524e-01
    outer loop
      vertex 9.588943e+02 7.660785e+01 1.295972e+02
      vertex 9.577876e+02 8.285468e+01 1.299876e+02
      vertex 9.956341e+02 7.660785e+01 1.295972e+02
    endloop
  endfacet
  facet normal 0.000000e+00 6.238071e-02 -9.980524e-01
    outer loop
      vertex 9.956341e+02 7.660785e+01 1.295972e+02
      vertex 9.577876e+02 8.285468e+01 1.299876e+02
      vertex 9.967408e+02 8.285468e+01 1.299876e+02
    endloop
  endfacet
  facet normal 0.000000e+00 1.644052e-01 -9.863929e-01
    outer loop
      vertex 2.120082e+03 7.426547e+01 1.292066e+02
      vertex 2.118896e+03 7.660794e+01 1.295970e+02
      vertex 2.154448e+03 7.426547e+01 1.292066e+02
    endloop
  endfacet
  facet normal 0.000000e+00 1.644052e-01 -9.863929e-01
    outer loop
      vertex 2.154448e+03 7.426547e+01 1.292066e+02
      vertex 2.118896e+03 7.660794e+01 1.295970e+02
      vertex 2.155635e+03 7.660794e+01 1.295970e+02
    endloop
  endfacet
  facet normal 0.000000e+00 1.644052e-01 -9.863929e-01
    outer loop
      vertex 1.803464e+03 7.426544e+01 1.292066e+02
      vertex 1.802277e+03 7.660791e+01 1.295971e+02
      vertex 1.837830e+03 7.426544e+01 1.292066e+02
    endloop
  endfacet
  facet normal 0.000000e+00 1.644052e-01 -9.863929e-01
    outer loop
      vertex 1.837830e+03 7.426544e+01 1.292066e+02
      vertex 1.802277e+03 7.660791e+01 1.295971e+02
      vertex 1.839017e+03 7.660791e+01 1.295971e+02
    endloop
  endfacet
  facet normal -1.459926e-07 1.644052e-01 -9.863929e-01
    outer loop
      vertex 1.276699e+03 7.426538e+01 1.292067e+02
      vertex 1.275513e+03 7.660785e+01 1.295971e+02
      vertex 1.311066e+03 7.426541e+01 1.292067e+02
    endloop
  endfacet
  facet normal -1.366309e-07 1.644053e-01 -9.863929e-01
    outer loop
      vertex 1.311066e+03 7.426541e+01 1.292067e+02
      vertex 1.275513e+03 7.660785e+01 1.295971e+02
      vertex 1.312253e+03 7.660788e+01 1.295971e+02
    endloop
  endfacet
  facet normal 0.000000e+00 1.644052e-01 -9.863929e-01
    outer loop
      vertex 9.600809e+02 7.426538e+01 1.292067e+02
      vertex 9.588943e+02 7.660785e+01 1.295972e+02
      vertex 9.944474e+02 7.426538e+01 1.292067e+02
    endloop
  endfacet
  facet normal 0.000000e+00 1.644052e-01 -9.863929e-01
    outer loop
      vertex 9.944474e+02 7.426538e+01 1.292067e+02
      vertex 9.588943e+02 7.660785e+01 1.295972e+02
      vertex 9.956341e+02 7.660785e+01 1.295972e+02
    endloop
  endfacet
  facet normal 0.000000e+00 3.162129e-01 -9.486883e-01
    outer loop
      vertex 2.121367e+03 7.309409e+01 1.288162e+02
      vertex 2.120082e+03 7.426547e+01 1.292066e+02
      vertex 2.153164e+03 7.309409e+01 1.288162e+02
    endloop
  endfacet
  facet normal 0.000000e+00 3.162129e-01 -9.486883e-01
    outer loop
      vertex 2.153164e+03 7.309409e+01 1.288162e+02
      vertex 2.120082e+03 7.426547e+01 1.292066e+02
      vertex 2.154448e+03 7.426547e+01 1.292066e+02
    endloop
  endfacet
  facet normal 0.000000e+00 3.162129e-01 -9.486883e-01
    outer loop
      vertex 1.804748e+03 7.309406e+01 1.288162e+02
      vertex 1.803464e+03 7.426544e+01 1.292066e+02
      vertex 1.836545e+03 7.309406e+01 1.288162e+02
    endloop
  endfacet
  facet normal 0.000000e+00 3.162129e-01 -9.486883e-01
    outer loop
      vertex 1.836545e+03 7.309406e+01 1.288162e+02
      vertex 1.803464e+03 7.426544e+01 1.292066e+02
      vertex 1.837830e+03 7.426544e+01 1.292066e+02
    endloop
  endfacet
  facet normal -3.034845e-07 3.162127e-01 -9.486883e-01
    outer loop
      vertex 1.277984e+03 7.309399e+01 1.288163e+02
      vertex 1.276699e+03 7.426538e+01 1.292067e+02
      vertex 1.309781e+03 7.309402e+01 1.288163e+02
    endloop
  endfacet
  facet normal -2.809305e-07 3.162132e-01 -9.486881e-01
    outer loop
      vertex 1.309781e+03 7.309402e+01 1.288163e+02
      vertex 1.276699e+03 7.426538e+01 1.292067e+02
      vertex 1.311066e+03 7.426541e+01 1.292067e+02
    endloop
  endfacet
  facet normal 0.000000e+00 3.162129e-01 -9.486883e-01
    outer loop
      vertex 9.613655e+02 7.309399e+01 1.288163e+02
      vertex 9.600809e+02 7.426538e+01 1.292067e+02
      vertex 9.931628e+02 7.309399e+01 1.288163e+02
    endloop
  endfacet
  facet normal 0.000000e+00 3.162129e-01 -9.486883e-01
    outer loop
      vertex 9.931628e+02 7.309399e+01 1.288163e+02
      vertex 9.600809e+02 7.426538e+01 1.292067e+02
      vertex 9.944474e+02 7.426538e+01 1.292067e+02
    endloop
  endfacet
  facet normal 0.000000e+00 1.000000e+00 0.000000e+00
    outer loop
      vertex 2.121367e+03 7.309409e+01 1.288162e+02
      vertex 2.153164e+03 7.309409e+01 1.288162e+02
      vertex 2.121835e+03 7.309409e+01 1.286820e+02
    endloop
  endfacet
  facet normal 0.000000e+00 1.000000e+00 0.000000e+00
    outer loop
      vertex 2.121835e+03 7.309409e+01 1.286820e+02
      vertex 2.153164e+03 7.309409e+01 1.288162e+02
      vertex 2.152696e+03 7.309409e+01 1.286820e+02
    endloop
  endfacet
  facet normal 0.000000e+00 1.000000e+00 0.000000e+00
    outer loop
      vertex 2.121835e+03 7.309409e+01 1.286820e+02
      vertex 2.152696e+03 7.309409e+01 1.286820e+02
      vertex 2.122304e+03 7.309409e+01 1.285519e+02
    endloop
  endfacet
  facet normal 0.000000e+00 1.000000e+00 0.000000e+00
    outer loop
      vertex 2.122304e+03 7.309409e+01 1.285519e+02
      vertex 2.152696e+03 7.309409e+01 1.286820e+02
      vertex 2.152226e+03 7.309409e+01 1.285519e+02
    endloop
  endfacet
  facet normal 0.000000e+00 1.000000e+00 0.000000e+00
    outer loop
      vertex 2.122304e+03 7.309409e+01 1.285519e+02
      vertex 2.152226e+03 7.309409e+01 1.285519e+02
      vertex 2.122775e+03 7.309409e+01 1.284258e+02
    endloop
  endfacet
  facet normal 0.000000e+00 1.000000e+00 0.000000e+00
    outer loop
      vertex 2.122775e+03 7.309409e+01 1.284258e+02
      vertex 2.152226e+03 7.309409e+01 1.285519e+02
      vertex 2.151756e+03 7.309409e+01 1.284258e+02
    endloop
  endfacet
  facet normal 0.000000e+00 1.000000e+00 0.000000e+00
    outer loop
      vertex 1.804748e+03 7.309406e+01 1.288162e+02
      vertex 1.836545e+03 7.309406e+01 1.288162e+02
      vertex 1.805217e+03 7.309406e+01 1.286821e+02
    endloop
  endfacet
  facet normal 0.000000e+00 1.000000e+00 0.000000e+00
    outer loop
      vertex 1.805217e+03 7.309406e+01 1.286821e+02
      vertex 1.836545e+03 7.309406e+01 1.288162e+02
      vertex 1.836077e+03 7.309406e+01 1.286821e+02
    endloop
  endfacet
  facet normal 0.000000e+00 1.000000e+00 0.000000e+00
    outer loop
      vertex 1.805217e+03 7.309406e+01 1.286821e+02
      vertex 1.836077e+03 7.309406e+01 1.286821e+02
      vertex 1.805686e+03 7.309406e+01 1.285519e+02
    endloop
  endfacet
  facet normal 0.000000e+00 1.000000e+00 0.000000e+00
    outer loop
      vertex 1.805686e+03 7.309406e+01 1.285519e+02
      vertex 1.836077e+03 7.309406e+01 1.286821e+02
      vertex 1.835608e+03 7.309406e+01 1.285519e+02
    endloop
  endfacet
  facet normal 0.000000e+00 1.000000e+00 0.000000e+00
    outer loop
      vertex 1.805686e+03 7.309406e+01 1.285519e+02
      vertex 1.835608e+03 7.309406e+01 1.285519e+02
      vertex 1.806156e+03 7.309406e+01 1.284258e+02
    endloop
  endfacet
  facet normal 0.000000e+00 1.000000e+00 0.000000e+00
    outer loop
      vertex 1.806156e+03 7.309406e+01 1.284258e+02
      vertex 1.835608e+03 7.309406e+01 1.285519e+02
      vertex 1.835137e+03 7.309406e+01 1.284258e+02
    endloop
  endfacet
  facet normal -9.597481e-07 1.000000e+00 -3.350822e-06
    outer loop
      vertex 1.277984e+03 7.309399e+01 1.288163e+02
      vertex 1.309781e+03 7.309402e+01 1.288163e+02
      vertex 1.278452e+03 7.309399e+01 1.286821e+02
    endloop
  endfacet
  facet normal -9.888810e-07 1.000000e+00 3.452535e-06
    outer loop
      vertex 1.278452e+03 7.309399e+01 1.286821e+02
      vertex 1.309781e+03 7.309402e+01 1.288163e+02
      vertex 1.309313e+03 7.309402e+01 1.286821e+02
    endloop
  endfacet
  facet normal -9.888810e-07 1.000000e+00 -3.566927e-06
    outer loop
      vertex 1.278452e+03 7.309399e+01 1.286821e+02
      vertex 1.309313e+03 7.309402e+01 1.286821e+02
      vertex 1.278922e+03 7.309399e+01 1.285519e+02
    endloop
  endfacet
  facet normal -1.019913e-06 1.000000e+00 3.678860e-06
    outer loop
      vertex 1.278922e+03 7.309399e+01 1.285519e+02
      vertex 1.309313e+03 7.309402e+01 1.286821e+02
      vertex 1.308844e+03 7.309402e+01 1.285519e+02
    endloop
  endfacet
  facet normal -1.019913e-06 1.000000e+00 -3.805700e-06
    outer loop
      vertex 1.278922e+03 7.309399e+01 1.285519e+02
      vertex 1.308844e+03 7.309402e+01 1.285519e+02
      vertex 1.279392e+03 7.309399e+01 1.284258e+02
    endloop
  endfacet
  facet normal -1.053035e-06 1.000000e+00 3.929292e-06
    outer loop
      vertex 1.279392e+03 7.309399e+01 1.284258e+02
      vertex 1.308844e+03 7.309402e+01 1.285519e+02
      vertex 1.308373e+03 7.309402e+01 1.284258e+02
    endloop
  endfacet
  facet normal 0.000000e+00 1.000000e+00 0.000000e+00
    outer loop
      vertex 9.613655e+02 7.309399e+01 1.288163e+02
      vertex 9.931628e+02 7.309399e+01 1.288163e+02
      vertex 9.618339e+02 7.309399e+01 1.286821e+02
    endloop
  endfacet
  facet normal 0.000000e+00 1.000000e+00 0.000000e+00
    outer loop
      vertex 9.618339e+02 7.309399e+01 1.286821e+02
      vertex 9.931628e+02 7.309399e+01 1.288163e+02
      vertex 9.926945e+02 7.309399e+01 1.286821e+02
    endloop
  endfacet
  facet normal 0.000000e+00 1.000000e+00 0.000000e+00
    outer loop
      vertex 9.618339e+02 7.309399e+01 1.286821e+02
      vertex 9.926945e+02 7.309399e+01 1.286821e+02
      vertex 9.623033e+02 7.309399e+01 1.285520e+02
    endloop
  endfacet
  facet normal 0.000000e+00 1.000000e+00 0.000000e+00
    outer loop
      vertex 9.623033e+02 7.309399e+01 1.285520e+02
      vertex 9.926945e+02 7.309399e+01 1.286821e+02
      vertex 9.922250e+02 7.309399e+01 1.285520e+02
    endloop
  endfacet
  facet normal 0.000000e+00 1.000000e+00 0.000000e+00
    outer loop
      vertex 9.623033e+02 7.309399e+01 1.285520e+02
      vertex 9.922250e+02 7.309399e+01 1.285520e+02
      vertex 9.627739e+02 7.309399e+01 1.284259e+02
    endloop
  endfacet
  facet normal 0.000000e+00 1.000000e+00 0.000000e+00
    outer loop
      vertex 9.627739e+02 7.309399e+01 1.284259e+02
      vertex 9.922250e+02 7.309399e+01 1.285520e+02
      vertex 9.917545e+02 7.309399e+01 1.284259e+02
    endloop
  endfacet
  facet normal 0.000000e+00 7.071897e-01 -7.070239e-01
    outer loop
      vertex 2.124348e+03 7.270374e+01 1.280353e+02
      vertex 2.122775e+03 7.309409e+01 1.284258e+02
      vertex 2.150183e+03 7.270374e+01 1.280353e+02
    endloop
  endfacet
  facet normal 0.000000e+00 7.071897e-01 -7.070239e-01
    outer loop
      vertex 2.150183e+03 7.270374e+01 1.280353e+02
      vertex 2.122775e+03 7.309409e+01 1.284258e+02
      vertex 2.151756e+03 7.309409e+01 1.284258e+02
    endloop
  endfacet
  facet normal 0.000000e+00 7.071897e-01 -7.070239e-01
    outer loop
      vertex 1.807729e+03 7.270370e+01 1.280353e+02
      vertex 1.806156e+03 7.309406e+01 1.284258e+02
      vertex 1.833564e+03 7.270370e+01 1.280353e+02
    endloop
  endfacet
  facet normal 0.000000e+00 7.071897e-01 -7.070239e-01
    outer loop
      vertex 1.833564e+03 7.270370e+01 1.280353e+02
      vertex 1.806156e+03 7.309406e+01 1.284258e+02
      vertex 1.835137e+03 7.309406e+01 1.284258e+02
    endloop
  endfacet
  facet normal -8.353588e-07 7.071881e-01 -7.070255e-01
    outer loop
      vertex 1.280965e+03 7.270364e+01 1.280354e+02
      vertex 1.279392e+03 7.309399e+01 1.284258e+02
      vertex 1.306800e+03 7.270367e+01 1.280354e+02
    endloop
  endfacet
  facet normal -7.441150e-07 7.071912e-01 -7.070224e-01
    outer loop
      vertex 1.306800e+03 7.270367e+01 1.280354e+02
      vertex 1.279392e+03 7.309399e+01 1.284258e+02
      vertex 1.308373e+03 7.309402e+01 1.284258e+02
    endloop
  endfacet
  facet normal 0.000000e+00 7.071897e-01 -7.070239e-01
    outer loop
      vertex 9.643467e+02 7.270364e+01 1.280354e+02
      vertex 9.627739e+02 7.309399e+01 1.284259e+02
      vertex 9.901818e+02 7.270364e+01 1.280354e+02
    endloop
  endfacet
  facet normal 0.000000e+00 7.071897e-01 -7.070239e-01
    outer loop
      vertex 9.901818e+02 7.270364e+01 1.280354e+02
      vertex 9.627739e+02 7.309399e+01 1.284259e+02
      vertex 9.917545e+02 7.309399e+01 1.284259e+02
    endloop
  endfacet
  facet normal 0.000000e+00 8.320303e-01 -5.547302e-01
    outer loop
      vertex 2.131288e+03 7.192285e+01 1.268641e+02
      vertex 2.124348e+03 7.270374e+01 1.280353e+02
      vertex 2.143242e+03 7.192285e+01 1.268641e+02
    endloop
  endfacet
  facet normal 0.000000e+00 8.320303e-01 -5.547302e-01
    outer loop
      vertex 2.143242e+03 7.192285e+01 1.268641e+02
      vertex 2.124348e+03 7.270374e+01 1.280353e+02
      vertex 2.150183e+03 7.270374e+01 1.280353e+02
    endloop
  endfacet
  facet normal 0.000000e+00 8.320303e-01 -5.547302e-01
    outer loop
      vertex 1.814670e+03 7.192282e+01 1.268641e+02
      vertex 1.807729e+03 7.270370e+01 1.280353e+02
      vertex 1.826624e+03 7.192282e+01 1.268641e+02
    endloop
  endfacet
  facet normal 0.000000e+00 8.320303e-01 -5.547302e-01
    outer loop
      vertex 1.826624e+03 7.192282e+01 1.268641e+02
      vertex 1.807729e+03 7.270370e+01 1.280353e+02
      vertex 1.833564e+03 7.270370e+01 1.280353e+02
    endloop
  endfacet
  facet normal -2.124007e-06 8.320245e-01 -5.547389e-01
    outer loop
      vertex 1.287905e+03 7.192276e+01 1.268642e+02
      vertex 1.280965e+03 7.270364e+01 1.280354e+02
      vertex 1.299860e+03 7.192279e+01 1.268642e+02
    endloop
  endfacet
  facet normal -9.833684e-07 8.320330e-01 -5.547262e-01
    outer loop
      vertex 1.299860e+03 7.192279e+01 1.268642e+02
      vertex 1.280965e+03 7.270364e+01 1.280354e+02
      vertex 1.306800e+03 7.270367e+01 1.280354e+02
    endloop
  endfacet
  facet normal 0.000000e+00 8.320303e-01 -5.547302e-01
    outer loop
      vertex 9.712870e+02 7.192276e+01 1.268642e+02
      vertex 9.643467e+02 7.270364e+01 1.280354e+02
      vertex 9.832414e+02 7.192276e+01 1.268642e+02
    endloop
  endfacet
  facet normal 0.000000e+00 8.320303e-01 -5.547302e-01
    outer loop
      vertex 9.832414e+02 7.192276e+01 1.268642e+02
      vertex 9.643467e+02 7.270364e+01 1.280354e+02
      vertex 9.901818e+02 7.270364e+01 1.280354e+02
    endloop
  endfacet
  facet normal 0.000000e+00 0.000000e+00 -1.000000e+00
    outer loop
      vertex 2.143242e+03 7.114200e+01 1.268641e+02
      vertex 2.131288e+03 7.114200e+01 1.268641e+02
      vertex 2.143242e+03 7.192285e+01 1.268641e+02
    endloop
  endfacet
  facet normal 0.000000e+00 0.000000e+00 -1.000000e+00
    outer loop
      vertex 2.143242e+03 7.192285e+01 1.268641e+02
      vertex 2.131288e+03 7.114200e+01 1.268641e+02
      vertex 2.131288e+03 7.192285e+01 1.268641e+02
    endloop
  endfacet
  facet normal 0.000000e+00 0.000000e+00 -1.000000e+00
    outer loop
      vertex 1.826624e+03 7.114197e+01 1.268641e+02
      vertex 1.814670e+03 7.114197e+01 1.268641e+02
      vertex 1.826624e+03 7.192282e+01 1.268641e+02
    endloop
  endfacet
  facet normal 0.000000e+00 0.000000e+00 -1.000000e+00
    outer loop
      vertex 1.826624e+03 7.192282e+01 1.268641e+02
      vertex 1.814670e+03 7.114197e+01 1.268641e+02
      vertex 1.814670e+03 7.192282e+01 1.268641e+02
    endloop
  endfacet
  facet normal 0.000000e+00 0.000000e+00 -1.000000e+00
    outer loop
      vertex 1.299860e+03 7.114194e+01 1.268642e+02
      vertex 1.287905e+03 7.114191e+01 1.268642e+02
      vertex 1.299860e+03 7.192279e+01 1.268642e+02
    endloop
  endfacet
  facet normal 0.000000e+00 0.000000e+00 -1.000000e+00
    outer loop
      vertex 1.299860e+03 7.192279e+01 1.268642e+02
      vertex 1.287905e+03 7.114191e+01 1.268642e+02
      vertex 1.287905e+03 7.192276e+01 1.268642e+02
    endloop
  endfacet
  facet normal 0.000000e+00 0.000000e+00 -1.000000e+00
    outer loop
      vertex 9.832414e+02 7.114191e+01 1.268642e+02
      vertex 9.712870e+02 7.114191e+01 1.268642e+02
      vertex 9.832414e+02 7.192276e+01 1.268642e+02
    endloop
  endfacet
  facet normal 0.000000e+00 0.000000e+00 -1.000000e+00
    outer loop
      vertex 9.832414e+02 7.192276e+01 1.268642e+02
      vertex 9.712870e+02 7.114191e+01 1.268642e+02
      vertex 9.712870e+02 7.192276e+01 1.268642e+02
    endloop
  endfacet
  facet normal 0.000000e+00 -4.472136e-01 -8.944272e-01
    outer loop
      vertex 2.146195e+03 7.036111e+01 1.272545e+02
      vertex 2.128335e+03 7.036111e+01 1.272545e+02
      vertex 2.143242e+03 7.114200e+01 1.268641e+02
    endloop
  endfacet
  facet normal 0.000000e+00 -4.472136e-01 -8.944272e-01
    outer loop
      vertex 2.143242e+03 7.114200e+01 1.268641e+02
      vertex 2.128335e+03 7.036111e+01 1.272545e+02
      vertex 2.131288e+03 7.114200e+01 1.268641e+02
    endloop
  endfacet
  facet normal 0.000000e+00 -4.472136e-01 -8.944272e-01
    outer loop
      vertex 1.829577e+03 7.036108e+01 1.272545e+02
      vertex 1.811717e+03 7.036108e+01 1.272545e+02
      vertex 1.826624e+03 7.114197e+01 1.268641e+02
    endloop
  endfacet
  facet normal 0.000000e+00 -4.472136e-01 -8.944272e-01
    outer loop
      vertex 1.826624e+03 7.114197e+01 1.268641e+02
      vertex 1.811717e+03 7.036108e+01 1.272545e+02
      vertex 1.814670e+03 7.114197e+01 1.268641e+02
    endloop
  endfacet
  facet normal 7.641450e-07 -4.472113e-01 -8.944283e-01
    outer loop
      vertex 1.302813e+03 7.036105e+01 1.272546e+02
      vertex 1.284953e+03 7.036102e+01 1.272546e+02
      vertex 1.299860e+03 7.114194e+01 1.268642e+02
    endloop
  endfacet
  facet normal 1.141664e-06 -4.472170e-01 -8.944255e-01
    outer loop
      vertex 1.299860e+03 7.114194e+01 1.268642e+02
      vertex 1.284953e+03 7.036102e+01 1.272546e+02
      vertex 1.287905e+03 7.114191e+01 1.268642e+02
    endloop
  endfacet
  facet normal 0.000000e+00 -4.472136e-01 -8.944272e-01
    outer loop
      vertex 9.861943e+02 7.036102e+01 1.272546e+02
      vertex 9.683341e+02 7.036102e+01 1.272546e+02
      vertex 9.832414e+02 7.114191e+01 1.268642e+02
    endloop
  endfacet
  facet normal 0.000000e+00 -4.472136e-01 -8.944272e-01
    outer loop
      vertex 9.832414e+02 7.114191e+01 1.268642e+02
      vertex 9.683341e+02 7.036102e+01 1.272546e+02
      vertex 9.712870e+02 7.114191e+01 1.268642e+02
    endloop
  endfacet
  facet normal 0.000000e+00 -7.071483e-01 -7.070653e-01
    outer loop
      vertex 2.148377e+03 6.997073e+01 1.276449e+02
      vertex 2.126154e+03 6.997073e+01 1.276449e+02
      vertex 2.146195e+03 7.036111e+01 1.272545e+02
    endloop
  endfacet
  facet normal 0.000000e+00 -7.071482e-01 -7.070653e-01
    outer loop
      vertex 2.146195e+03 7.036111e+01 1.272545e+02
      vertex 2.126154e+03 6.997073e+01 1.276449e+02
      vertex 2.128335e+03 7.036111e+01 1.272545e+02
    endloop
  endfacet
  facet normal 0.000000e+00 -7.071483e-01 -7.070653e-01
    outer loop
      vertex 1.831758e+03 6.997070e+01 1.276450e+02
      vertex 1.809536e+03 6.997070e+01 1.276450e+02
      vertex 1.829577e+03 7.036108e+01 1.272545e+02
    endloop
  endfacet
  facet normal 0.000000e+00 -7.071482e-01 -7.070653e-01
    outer loop
      vertex 1.829577e+03 7.036108e+01 1.272545e+02
      vertex 1.809536e+03 6.997070e+01 1.276450e+02
      vertex 1.811717e+03 7.036108e+01 1.272545e+02
    endloop
  endfacet
  facet normal 9.711030e-07 -7.071455e-01 -7.070680e-01
    outer loop
      vertex 1.304994e+03 6.997067e+01 1.276450e+02
      vertex 1.282771e+03 6.997064e+01 1.276450e+02
      vertex 1.302813e+03 7.036105e+01 1.272546e+02
    endloop
  endfacet
  facet normal 1.208302e-06 -7.071516e-01 -7.070619e-01
    outer loop
      vertex 1.302813e+03 7.036105e+01 1.272546e+02
      vertex 1.282771e+03 6.997064e+01 1.276450e+02
      vertex 1.284953e+03 7.036102e+01 1.272546e+02
    endloop
  endfacet
  facet normal 0.000000e+00 -7.071483e-01 -7.070653e-01
    outer loop
      vertex 9.883755e+02 6.997064e+01 1.276451e+02
      vertex 9.661529e+02 6.997064e+01 1.276451e+02
      vertex 9.861943e+02 7.036102e+01 1.272546e+02
    endloop
  endfacet
  facet normal 0.000000e+00 -7.071482e-01 -7.070653e-01
    outer loop
      vertex 9.861943e+02 7.036102e+01 1.272546e+02
      vertex 9.661529e+02 6.997064e+01 1.276451e+02
      vertex 9.683341e+02 7.036102e+01 1.272546e+02
    endloop
  endfacet
  facet normal -0.000000e+00 -1.000000e+00 -0.000000e+00
    outer loop
      vertex 2.041802e+03 6.997073e+01 1.458598e+02
      vertex 2.094557e+03 6.997073e+01 1.458597e+02
      vertex 2.041802e+03 6.997073e+01 1.467759e+02
    endloop
  endfacet
  facet normal 0.000000e+00 -1.000000e+00 0.000000e+00
    outer loop
      vertex 2.041802e+03 6.997073e+01 1.467759e+02
      vertex 2.094557e+03 6.997073e+01 1.458597e+02
      vertex 2.179973e+03 6.997073e+01 1.458597e+02
    endloop
  endfacet
  facet normal 0.000000e+00 -1.000000e+00 0.000000e+00
    outer loop
      vertex 2.041802e+03 6.997073e+01 1.467759e+02
      vertex 2.179973e+03 6.997073e+01 1.458597e+02
      vertex 2.258244e+03 6.997073e+01 1.467759e+02
    endloop
  endfacet
  facet normal 0.000000e+00 -1.000000e+00 0.000000e+00
    outer loop
      vertex 2.258244e+03 6.997073e+01 1.467759e+02
      vertex 2.179973e+03 6.997073e+01 1.458597e+02
      vertex 2.217991e+03 6.997073e+01 1.458597e+02
    endloop
  endfacet
  facet normal 0.000000e+00 -1.000000e+00 0.000000e+00
    outer loop
      vertex 2.258244e+03 6.997073e+01 1.467759e+02
      vertex 2.217991e+03 6.997073e+01 1.458597e+02
      vertex 2.230412e+03 6.997073e+01 1.417999e+02
    endloop
  endfacet
  facet normal 0.000000e+00 -1.000000e+00 0.000000e+00
    outer loop
      vertex 2.230412e+03 6.997073e+01 1.417999e+02
      vertex 2.217991e+03 6.997073e+01 1.458597e+02
      vertex 2.220377e+03 6.997073e+01 1.417999e+02
    endloop
  endfacet
  facet normal 0.000000e+00 -1.000000e+00 0.000000e+00
    outer loop
      vertex 2.230412e+03 6.997073e+01 1.417999e+02
      vertex 2.220377e+03 6.997073e+01 1.417999e+02
      vertex 2.223087e+03 6.997073e+01 1.385550e+02
    endloop
  endfacet
  facet normal 0.000000e+00 -1.000000e+00 0.000000e+00
    outer loop
      vertex 2.179973e+03 6.997073e+01 1.458597e+02
      vertex 2.094557e+03 6.997073e+01 1.458597e+02
      vertex 2.170857e+03 6.997073e+01 1.375269e+02
    endloop
  endfacet
  facet normal 0.000000e+00 -1.000000e+00 0.000000e+00
    outer loop
      vertex 2.170857e+03 6.997073e+01 1.375269e+02
      vertex 2.094557e+03 6.997073e+01 1.458597e+02
      vertex 2.103674e+03 6.997073e+01 1.375269e+02
    endloop
  endfacet
  facet normal 0.000000e+00 -1.000000e+00 0.000000e+00
    outer loop
      vertex 2.170857e+03 6.997073e+01 1.375269e+02
      vertex 2.103674e+03 6.997073e+01 1.375269e+02
      vertex 2.160156e+03 6.997073e+01 1.313584e+02
    endloop
  endfacet
  facet normal 0.000000e+00 -1.000000e+00 0.000000e+00
    outer loop
      vertex 2.160156e+03 6.997073e+01 1.313584e+02
      vertex 2.103674e+03 6.997073e+01 1.375269e+02
      vertex 2.114374e+03 6.997073e+01 1.313584e+02
    endloop
  endfacet
  facet normal 0.000000e+00 -1.000000e+00 0.000000e+00
    outer loop
      vertex 2.160156e+03 6.997073e+01 1.313584e+02
      vertex 2.114374e+03 6.997073e+01 1.313584e+02
      vertex 2.148377e+03 6.997073e+01 1.276449e+02
    endloop
  endfacet
  facet normal 0.000000e+00 -1.000000e+00 0.000000e+00
    outer loop
      vertex 2.148377e+03 6.997073e+01 1.276449e+02
      vertex 2.114374e+03 6.997073e+01 1.313584e+02
      vertex 2.126154e+03 6.997073e+01 1.276449e+02
    endloop
  endfacet
  facet normal -0.000000e+00 -1.000000e+00 0.000000e+00
    outer loop
      vertex 2.223087e+03 6.997073e+01 1.385550e+02
      vertex 2.228581e+03 6.997073e+01 1.385550e+02
      vertex 2.230412e+03 6.997073e+01 1.417999e+02
    endloop
  endfacet
  facet normal -0.000000e+00 -1.000000e+00 0.000000e+00
    outer loop
      vertex 2.230412e+03 6.997073e+01 1.417999e+02
      vertex 2.261945e+03 6.997073e+01 1.411195e+02
      vertex 2.258244e+03 6.997073e+01 1.467759e+02
    endloop
  endfacet
  facet normal 0.000000e+00 -1.000000e+00 0.000000e+00
    outer loop
      vertex 1.703058e+03 6.997070e+01 1.467759e+02
      vertex 1.777939e+03 6.997070e+01 1.458598e+02
      vertex 1.916110e+03 6.997070e+01 1.467759e+02
    endloop
  endfacet
  facet normal 0.000000e+00 -1.000000e+00 0.000000e+00
    outer loop
      vertex 1.916110e+03 6.997070e+01 1.467759e+02
      vertex 1.777939e+03 6.997070e+01 1.458598e+02
      vertex 1.863355e+03 6.997070e+01 1.458598e+02
    endloop
  endfacet
  facet normal 0.000000e+00 -1.000000e+00 0.000000e+00
    outer loop
      vertex 1.916110e+03 6.997070e+01 1.467759e+02
      vertex 1.863355e+03 6.997070e+01 1.458598e+02
      vertex 1.916110e+03 6.997070e+01 1.458598e+02
    endloop
  endfacet
  facet normal 0.000000e+00 -1.000000e+00 0.000000e+00
    outer loop
      vertex 1.777939e+03 6.997070e+01 1.458598e+02
      vertex 1.703058e+03 6.997070e+01 1.467759e+02
      vertex 1.743761e+03 6.997070e+01 1.458598e+02
    endloop
  endfacet
  facet normal 0.000000e+00 -1.000000e+00 0.000000e+00
    outer loop
      vertex 1.743761e+03 6.997070e+01 1.458598e+02
      vertex 1.703058e+03 6.997070e+01 1.467759e+02
      vertex 1.704112e+03 6.997070e+01 1.450241e+02
    endloop
  endfacet
  facet normal 0.000000e+00 -1.000000e+00 0.000000e+00
    outer loop
      vertex 1.743761e+03 6.997070e+01 1.458598e+02
      vertex 1.704112e+03 6.997070e+01 1.450241e+02
      vertex 1.705779e+03 6.997070e+01 1.438402e+02
    endloop
  endfacet
  facet normal -0.000000e+00 -1.000000e+00 -0.000000e+00
    outer loop
      vertex 1.707780e+03 6.997070e+01 1.434224e+02
      vertex 1.743761e+03 6.997070e+01 1.434223e+02
      vertex 1.705779e+03 6.997070e+01 1.438402e+02
    endloop
  endfacet
  facet normal -0.000000e+00 -1.000000e+00 0.000000e+00
    outer loop
      vertex 1.705779e+03 6.997070e+01 1.438402e+02
      vertex 1.743761e+03 6.997070e+01 1.434223e+02
      vertex 1.743761e+03 6.997070e+01 1.458598e+02
    endloop
  endfacet
  facet normal 0.000000e+00 -1.000000e+00 0.000000e+00
    outer loop
      vertex 1.863355e+03 6.997070e+01 1.458598e+02
      vertex 1.777939e+03 6.997070e+01 1.458598e+02
      vertex 1.854238e+03 6.997070e+01 1.375270e+02
    endloop
  endfacet
  facet normal 0.000000e+00 -1.000000e+00 0.000000e+00
    outer loop
      vertex 1.854238e+03 6.997070e+01 1.375270e+02
      vertex 1.777939e+03 6.997070e+01 1.458598e+02
      vertex 1.787056e+03 6.997070e+01 1.375270e+02
    endloop
  endfacet
  facet normal 0.000000e+00 -1.000000e+00 0.000000e+00
    outer loop
      vertex 1.854238e+03 6.997070e+01 1.375270e+02
      vertex 1.787056e+03 6.997070e+01 1.375270e+02
      vertex 1.843538e+03 6.997070e+01 1.313584e+02
    endloop
  endfacet
  facet normal 0.000000e+00 -1.000000e+00 0.000000e+00
    outer loop
      vertex 1.843538e+03 6.997070e+01 1.313584e+02
      vertex 1.787056e+03 6.997070e+01 1.375270e+02
      vertex 1.797756e+03 6.997070e+01 1.313584e+02
    endloop
  endfacet
  facet normal 0.000000e+00 -1.000000e+00 0.000000e+00
    outer loop
      vertex 1.843538e+03 6.997070e+01 1.313584e+02
      vertex 1.797756e+03 6.997070e+01 1.313584e+02
      vertex 1.831758e+03 6.997070e+01 1.276450e+02
    endloop
  endfacet
  facet normal 0.000000e+00 -1.000000e+00 0.000000e+00
    outer loop
      vertex 1.831758e+03 6.997070e+01 1.276450e+02
      vertex 1.797756e+03 6.997070e+01 1.313584e+02
      vertex 1.809536e+03 6.997070e+01 1.276450e+02
    endloop
  endfacet
  facet normal -0.000000e+00 -1.000000e+00 -0.000000e+00
    outer loop
      vertex 1.198419e+03 6.997064e+01 1.458598e+02
      vertex 1.251175e+03 6.997064e+01 1.458598e+02
      vertex 1.198419e+03 6.997064e+01 1.467760e+02
    endloop
  endfacet
  facet normal 3.572822e-07 -1.000000e+00 2.057369e-05
    outer loop
      vertex 1.198419e+03 6.997064e+01 1.467760e+02
      vertex 1.251175e+03 6.997064e+01 1.458598e+02
      vertex 1.336591e+03 6.997067e+01 1.458598e+02
    endloop
  endfacet
  facet normal 1.432383e-07 -1.000000e+00 -1.170779e-05
    outer loop
      vertex 1.198419e+03 6.997064e+01 1.467760e+02
      vertex 1.336591e+03 6.997067e+01 1.458598e+02
      vertex 1.411471e+03 6.997067e+01 1.467759e+02
    endloop
  endfacet
  facet normal 0.000000e+00 -1.000000e+00 0.000000e+00
    outer loop
      vertex 1.411471e+03 6.997067e+01 1.467759e+02
      vertex 1.336591e+03 6.997067e+01 1.458598e+02
      vertex 1.370768e+03 6.997067e+01 1.458598e+02
    endloop
  endfacet
  facet normal 0.000000e+00 -1.000000e+00 0.000000e+00
    outer loop
      vertex 1.411471e+03 6.997067e+01 1.467759e+02
      vertex 1.370768e+03 6.997067e+01 1.458598e+02
      vertex 1.410418e+03 6.997067e+01 1.450241e+02
    endloop
  endfacet
  facet normal 0.000000e+00 -1.000000e+00 0.000000e+00
    outer loop
      vertex 1.410418e+03 6.997067e+01 1.450241e+02
      vertex 1.370768e+03 6.997067e+01 1.458598e+02
      vertex 1.408751e+03 6.997067e+01 1.438403e+02
    endloop
  endfacet
  facet normal 0.000000e+00 -1.000000e+00 0.000000e+00
    outer loop
      vertex 1.408751e+03 6.997067e+01 1.438403e+02
      vertex 1.370768e+03 6.997067e+01 1.458598e+02
      vertex 1.370768e+03 6.997067e+01 1.434224e+02
    endloop
  endfacet
  facet normal 0.000000e+00 -1.000000e+00 0.000000e+00
    outer loop
      vertex 1.408751e+03 6.997067e+01 1.438403e+02
      vertex 1.370768e+03 6.997067e+01 1.434224e+02
      vertex 1.406750e+03 6.997067e+01 1.434224e+02
    endloop
  endfacet
  facet normal 3.572822e-07 -1.000000e+00 -3.908934e-07
    outer loop
      vertex 1.336591e+03 6.997067e+01 1.458598e+02
      vertex 1.251175e+03 6.997064e+01 1.458598e+02
      vertex 1.327474e+03 6.997067e+01 1.375270e+02
    endloop
  endfacet
  facet normal 4.542489e-07 -1.000000e+00 4.969822e-07
    outer loop
      vertex 1.327474e+03 6.997067e+01 1.375270e+02
      vertex 1.251175e+03 6.997064e+01 1.458598e+02
      vertex 1.260291e+03 6.997064e+01 1.375270e+02
    endloop
  endfacet
  facet normal 4.542489e-07 -1.000000e+00 -7.879662e-07
    outer loop
      vertex 1.327474e+03 6.997067e+01 1.375270e+02
      vertex 1.260291e+03 6.997064e+01 1.375270e+02
      vertex 1.316774e+03 6.997067e+01 1.313585e+02
    endloop
  endfacet
  facet normal 6.665867e-07 -1.000000e+00 1.156299e-06
    outer loop
      vertex 1.316774e+03 6.997067e+01 1.313585e+02
      vertex 1.260291e+03 6.997064e+01 1.375270e+02
      vertex 1.270992e+03 6.997064e+01 1.313585e+02
    endloop
  endfacet
  facet normal 6.665867e-07 -1.000000e+00 -2.114518e-06
    outer loop
      vertex 1.316774e+03 6.997067e+01 1.313585e+02
      vertex 1.270992e+03 6.997064e+01 1.313585e+02
      vertex 1.304994e+03 6.997067e+01 1.276450e+02
    endloop
  endfacet
  facet normal 1.373272e-06 -1.000000e+00 4.356234e-06
    outer loop
      vertex 1.304994e+03 6.997067e+01 1.276450e+02
      vertex 1.270992e+03 6.997064e+01 1.313585e+02
      vertex 1.282771e+03 6.997064e+01 1.276450e+02
    endloop
  endfacet
  facet normal 0.000000e+00 -1.000000e+00 0.000000e+00
    outer loop
      vertex 8.525850e+02 6.997061e+01 1.411196e+02
      vertex 8.841177e+02 6.997061e+01 1.418000e+02
      vertex 8.562858e+02 6.997061e+01 1.467760e+02
    endloop
  endfacet
  facet normal 0.000000e+00 -1.000000e+00 0.000000e+00
    outer loop
      vertex 8.562858e+02 6.997061e+01 1.467760e+02
      vertex 8.841177e+02 6.997061e+01 1.418000e+02
      vertex 8.965388e+02 6.997061e+01 1.458598e+02
    endloop
  endfacet
  facet normal 0.000000e+00 -1.000000e+00 0.000000e+00
    outer loop
      vertex 8.562858e+02 6.997061e+01 1.467760e+02
      vertex 8.965388e+02 6.997061e+01 1.458598e+02
      vertex 9.345563e+02 6.997061e+01 1.458598e+02
    endloop
  endfacet
  facet normal -0.000000e+00 -1.000000e+00 -0.000000e+00
    outer loop
      vertex 8.859488e+02 6.997061e+01 1.385551e+02
      vertex 8.914423e+02 6.997061e+01 1.385551e+02
      vertex 8.841177e+02 6.997061e+01 1.418000e+02
    endloop
  endfacet
  facet normal 0.000000e+00 -1.000000e+00 0.000000e+00
    outer loop
      vertex 8.841177e+02 6.997061e+01 1.418000e+02
      vertex 8.914423e+02 6.997061e+01 1.385551e+02
      vertex 8.941525e+02 6.997061e+01 1.418000e+02
    endloop
  endfacet
  facet normal -0.000000e+00 -1.000000e+00 0.000000e+00
    outer loop
      vertex 8.841177e+02 6.997061e+01 1.418000e+02
      vertex 8.941525e+02 6.997061e+01 1.418000e+02
      vertex 8.965388e+02 6.997061e+01 1.458598e+02
    endloop
  endfacet
  facet normal 4.542485e-07 -1.000000e+00 4.969785e-07
    outer loop
      vertex 9.436729e+02 6.997061e+01 1.375271e+02
      vertex 1.010855e+03 6.997064e+01 1.375271e+02
      vertex 9.345563e+02 6.997061e+01 1.458598e+02
    endloop
  endfacet
  facet normal 3.572825e-07 -1.000000e+00 -3.908911e-07
    outer loop
      vertex 9.345563e+02 6.997061e+01 1.458598e+02
      vertex 1.010855e+03 6.997064e+01 1.375271e+02
      vertex 1.019972e+03 6.997064e+01 1.458598e+02
    endloop
  endfacet
  facet normal 3.572825e-07 -1.000000e+00 -2.057441e-05
    outer loop
      vertex 9.345563e+02 6.997061e+01 1.458598e+02
      vertex 1.019972e+03 6.997064e+01 1.458598e+02
      vertex 1.072728e+03 6.997064e+01 1.467760e+02
    endloop
  endfacet
  facet normal 0.000000e+00 -1.000000e+00 0.000000e+00
    outer loop
      vertex 1.072728e+03 6.997064e+01 1.467760e+02
      vertex 1.019972e+03 6.997064e+01 1.458598e+02
      vertex 1.072728e+03 6.997064e+01 1.458598e+02
    endloop
  endfacet
  facet normal 4.542485e-07 -1.000000e+00 -7.879700e-07
    outer loop
      vertex 1.010855e+03 6.997064e+01 1.375271e+02
      vertex 9.436729e+02 6.997061e+01 1.375271e+02
      vertex 1.000155e+03 6.997064e+01 1.313585e+02
    endloop
  endfacet
  facet normal 0.000000e+00 -1.000000e+00 -4.947286e-06
    outer loop
      vertex 1.000155e+03 6.997064e+01 1.313585e+02
      vertex 9.436729e+02 6.997061e+01 1.375271e+02
      vertex 9.543733e+02 6.997064e+01 1.313585e+02
    endloop
  endfacet
  facet normal 0.000000e+00 -1.000000e+00 0.000000e+00
    outer loop
      vertex 1.000155e+03 6.997064e+01 1.313585e+02
      vertex 9.543733e+02 6.997064e+01 1.313585e+02
      vertex 9.883755e+02 6.997064e+01 1.276451e+02
    endloop
  endfacet
  facet normal 0.000000e+00 -1.000000e+00 0.000000e+00
    outer loop
      vertex 9.883755e+02 6.997064e+01 1.276451e+02
      vertex 9.543733e+02 6.997064e+01 1.313585e+02
      vertex 9.661529e+02 6.997064e+01 1.276451e+02
    endloop
  endfacet
  facet normal 1.409983e-07 -1.000000e+00 1.204602e-05
    outer loop
      vertex 1.072728e+03 6.997064e+01 1.467760e+02
      vertex 8.562858e+02 6.997061e+01 1.467760e+02
      vertex 9.345563e+02 6.997061e+01 1.458598e+02
    endloop
  endfacet
  facet normal -4.269848e-08 -8.000371e-01 -5.999506e-01
    outer loop
      vertex 2.041801e+03 6.762814e+01 1.498992e+02
      vertex 2.041802e+03 6.765775e+01 1.498598e+02
      vertex 2.256200e+03 6.762814e+01 1.498992e+02
    endloop
  endfacet
  facet normal -2.433212e-08 -7.999892e-01 -6.000144e-01
    outer loop
      vertex 2.256200e+03 6.762814e+01 1.498992e+02
      vertex 2.041802e+03 6.765775e+01 1.498598e+02
      vertex 2.258244e+03 6.997073e+01 1.467759e+02
    endloop
  endfacet
  facet normal -4.230006e-08 -7.999886e-01 -6.000152e-01
    outer loop
      vertex 2.258244e+03 6.997073e+01 1.467759e+02
      vertex 2.041802e+03 6.765775e+01 1.498598e+02
      vertex 2.041802e+03 6.997073e+01 1.467759e+02
    endloop
  endfacet
  facet normal -8.582433e-08 -8.000371e-01 -5.999506e-01
    outer loop
      vertex 1.916111e+03 6.762811e+01 1.498992e+02
      vertex 1.702780e+03 6.762811e+01 1.498993e+02
      vertex 1.916110e+03 6.765771e+01 1.498598e+02
    endloop
  endfacet
  facet normal -1.054946e-07 -7.999861e-01 -6.000185e-01
    outer loop
      vertex 1.916110e+03 6.765771e+01 1.498598e+02
      vertex 1.702780e+03 6.762811e+01 1.498993e+02
      vertex 1.702780e+03 6.873584e+01 1.484224e+02
    endloop
  endfacet
  facet normal -1.403204e-07 -7.999886e-01 -6.000152e-01
    outer loop
      vertex 1.916110e+03 6.765771e+01 1.498598e+02
      vertex 1.702780e+03 6.873584e+01 1.484224e+02
      vertex 1.916110e+03 6.997070e+01 1.467759e+02
    endloop
  endfacet
  facet normal -8.594556e-08 -7.999920e-01 -6.000107e-01
    outer loop
      vertex 1.916110e+03 6.997070e+01 1.467759e+02
      vertex 1.702780e+03 6.873584e+01 1.484224e+02
      vertex 1.703058e+03 6.997070e+01 1.467759e+02
    endloop
  endfacet
  facet normal 2.862284e-08 -8.000371e-01 -5.999506e-01
    outer loop
      vertex 1.198418e+03 6.762805e+01 1.498993e+02
      vertex 1.198419e+03 6.765765e+01 1.498598e+02
      vertex 1.411750e+03 6.762808e+01 1.498993e+02
    endloop
  endfacet
  facet normal 4.825904e-08 -7.999861e-01 -6.000185e-01
    outer loop
      vertex 1.411750e+03 6.762808e+01 1.498993e+02
      vertex 1.198419e+03 6.765765e+01 1.498598e+02
      vertex 1.411750e+03 6.873581e+01 1.484224e+02
    endloop
  endfacet
  facet normal 8.306149e-08 -7.999886e-01 -6.000152e-01
    outer loop
      vertex 1.411750e+03 6.873581e+01 1.484224e+02
      vertex 1.198419e+03 6.765765e+01 1.498598e+02
      vertex 1.198419e+03 6.997064e+01 1.467760e+02
    endloop
  endfacet
  facet normal 2.881842e-08 -7.999920e-01 -6.000108e-01
    outer loop
      vertex 1.411750e+03 6.873581e+01 1.484224e+02
      vertex 1.198419e+03 6.997064e+01 1.467760e+02
      vertex 1.411471e+03 6.997067e+01 1.467759e+02
    endloop
  endfacet
  facet normal 2.848033e-08 -8.000371e-01 -5.999506e-01
    outer loop
      vertex 1.072729e+03 6.762805e+01 1.498993e+02
      vertex 8.583293e+02 6.762802e+01 1.498993e+02
      vertex 1.072728e+03 6.765765e+01 1.498598e+02
    endloop
  endfacet
  facet normal 1.009240e-08 -7.999892e-01 -6.000144e-01
    outer loop
      vertex 1.072728e+03 6.765765e+01 1.498598e+02
      vertex 8.583293e+02 6.762802e+01 1.498993e+02
      vertex 8.562858e+02 6.997061e+01 1.467760e+02
    endloop
  endfacet
  facet normal 2.800358e-08 -7.999886e-01 -6.000152e-01
    outer loop
      vertex 1.072728e+03 6.765765e+01 1.498598e+02
      vertex 8.562858e+02 6.997061e+01 1.467760e+02
      vertex 1.072728e+03 6.997064e+01 1.467760e+02
    endloop
  endfacet
  facet normal -2.260147e-08 -9.486833e-01 -3.162278e-01
    outer loop
      vertex 2.255250e+03 6.684726e+01 1.522418e+02
      vertex 2.041757e+03 6.684726e+01 1.522419e+02
      vertex 2.255096e+03 6.706558e+01 1.515869e+02
    endloop
  endfacet
  facet normal -3.524617e-08 -9.486821e-01 -3.162315e-01
    outer loop
      vertex 2.255096e+03 6.706558e+01 1.515869e+02
      vertex 2.041757e+03 6.684726e+01 1.522419e+02
      vertex 2.041801e+03 6.762814e+01 1.498992e+02
    endloop
  endfacet
  facet normal -2.250386e-08 -9.486816e-01 -3.162329e-01
    outer loop
      vertex 2.255096e+03 6.706558e+01 1.515869e+02
      vertex 2.041801e+03 6.762814e+01 1.498992e+02
      vertex 2.256200e+03 6.762814e+01 1.498992e+02
    endloop
  endfacet
  facet normal -4.522834e-08 -9.486821e-01 -3.162315e-01
    outer loop
      vertex 1.916155e+03 6.684723e+01 1.522419e+02
      vertex 1.702780e+03 6.684723e+01 1.522419e+02
      vertex 1.916111e+03 6.762811e+01 1.498992e+02
    endloop
  endfacet
  facet normal -4.523765e-08 -9.486821e-01 -3.162315e-01
    outer loop
      vertex 1.916111e+03 6.762811e+01 1.498992e+02
      vertex 1.702780e+03 6.684723e+01 1.522419e+02
      vertex 1.702780e+03 6.762811e+01 1.498993e+02
    endloop
  endfacet
  facet normal 9.045490e-08 -9.486821e-01 -3.162315e-01
    outer loop
      vertex 1.198375e+03 6.684717e+01 1.522419e+02
      vertex 1.198418e+03 6.762805e+01 1.498993e+02
      vertex 1.411750e+03 6.684720e+01 1.522419e+02
    endloop
  endfacet
  facet normal 9.051769e-08 -9.486821e-01 -3.162315e-01
    outer loop
      vertex 1.411750e+03 6.684720e+01 1.522419e+02
      vertex 1.198418e+03 6.762805e+01 1.498993e+02
      vertex 1.411750e+03 6.762808e+01 1.498993e+02
    endloop
  endfacet
  facet normal 9.040586e-08 -9.486833e-01 -3.162278e-01
    outer loop
      vertex 8.592794e+02 6.684714e+01 1.522420e+02
      vertex 8.594335e+02 6.706546e+01 1.515870e+02
      vertex 1.072772e+03 6.684717e+01 1.522419e+02
    endloop
  endfacet
  facet normal 1.030795e-07 -9.486821e-01 -3.162315e-01
    outer loop
      vertex 1.072772e+03 6.684717e+01 1.522419e+02
      vertex 8.594335e+02 6.706546e+01 1.515870e+02
      vertex 1.072729e+03 6.762805e+01 1.498993e+02
    endloop
  endfacet
  facet normal 9.002273e-08 -9.486816e-01 -3.162329e-01
    outer loop
      vertex 1.072729e+03 6.762805e+01 1.498993e+02
      vertex 8.594335e+02 6.706546e+01 1.515870e+02
      vertex 8.583293e+02 6.762802e+01 1.498993e+02
    endloop
  endfacet
  facet normal 0.000000e+00 -1.000000e+00 -0.000000e+00
    outer loop
      vertex 2.041757e+03 6.684726e+01 1.522419e+02
      vertex 2.256488e+03 6.684726e+01 1.575009e+02
      vertex 2.041640e+03 6.684726e+01 1.584887e+02
    endloop
  endfacet
  facet normal 0.000000e+00 -1.000000e+00 0.000000e+00
    outer loop
      vertex 2.041640e+03 6.684726e+01 1.584887e+02
      vertex 2.256488e+03 6.684726e+01 1.575009e+02
      vertex 2.262253e+03 6.684726e+01 1.579834e+02
    endloop
  endfacet
  facet normal 0.000000e+00 -1.000000e+00 0.000000e+00
    outer loop
      vertex 2.041640e+03 6.684726e+01 1.584887e+02
      vertex 2.262253e+03 6.684726e+01 1.579834e+02
      vertex 2.265103e+03 6.684726e+01 1.584886e+02
    endloop
  endfacet
  facet normal -0.000000e+00 -1.000000e+00 0.000000e+00
    outer loop
      vertex 2.041757e+03 6.684726e+01 1.522419e+02
      vertex 2.255250e+03 6.684726e+01 1.522418e+02
      vertex 2.256488e+03 6.684726e+01 1.575009e+02
    endloop
  endfacet
  facet normal 0.000000e+00 -1.000000e+00 0.000000e+00
    outer loop
      vertex 2.256488e+03 6.684726e+01 1.575009e+02
      vertex 2.259378e+03 6.684726e+01 1.576537e+02
      vertex 2.262253e+03 6.684726e+01 1.579834e+02
    endloop
  endfacet
  facet normal 0.000000e+00 -1.000000e+00 0.000000e+00
    outer loop
      vertex 1.916272e+03 6.684723e+01 1.584887e+02
      vertex 1.702780e+03 6.684723e+01 1.584887e+02
      vertex 1.916155e+03 6.684723e+01 1.522419e+02
    endloop
  endfacet
  facet normal 0.000000e+00 -1.000000e+00 0.000000e+00
    outer loop
      vertex 1.916155e+03 6.684723e+01 1.522419e+02
      vertex 1.702780e+03 6.684723e+01 1.584887e+02
      vertex 1.702780e+03 6.684723e+01 1.522419e+02
    endloop
  endfacet
  facet normal 1.429447e-07 -1.000000e+00 2.670402e-09
    outer loop
      vertex 1.198258e+03 6.684717e+01 1.584888e+02
      vertex 1.198375e+03 6.684717e+01 1.522419e+02
      vertex 1.411750e+03 6.684720e+01 1.584887e+02
    endloop
  endfacet
  facet normal 1.430229e-07 -1.000000e+00 0.000000e+00
    outer loop
      vertex 1.411750e+03 6.684720e+01 1.584887e+02
      vertex 1.198375e+03 6.684717e+01 1.522419e+02
      vertex 1.411750e+03 6.684720e+01 1.522419e+02
    endloop
  endfacet
  facet normal 1.365668e-07 -1.000000e+00 7.703040e-07
    outer loop
      vertex 8.494262e+02 6.684714e+01 1.584888e+02
      vertex 8.522761e+02 6.684714e+01 1.579835e+02
      vertex 1.072889e+03 6.684717e+01 1.584888e+02
    endloop
  endfacet
  facet normal 1.346460e-07 -1.000000e+00 1.609041e-06
    outer loop
      vertex 1.072889e+03 6.684717e+01 1.584888e+02
      vertex 8.522761e+02 6.684714e+01 1.579835e+02
      vertex 8.580418e+02 6.684714e+01 1.575011e+02
    endloop
  endfacet
  facet normal 1.420554e-07 -1.000000e+00 -2.653787e-09
    outer loop
      vertex 1.072889e+03 6.684717e+01 1.584888e+02
      vertex 8.580418e+02 6.684714e+01 1.575011e+02
      vertex 1.072772e+03 6.684717e+01 1.522419e+02
    endloop
  endfacet
  facet normal 1.429442e-07 -1.000000e+00 3.363872e-08
    outer loop
      vertex 1.072772e+03 6.684717e+01 1.522419e+02
      vertex 8.580418e+02 6.684714e+01 1.575011e+02
      vertex 8.592794e+02 6.684714e+01 1.522420e+02
    endloop
  endfacet
  facet normal 0.000000e+00 -1.000000e+00 0.000000e+00
    outer loop
      vertex 8.522761e+02 6.684714e+01 1.579835e+02
      vertex 8.551516e+02 6.684714e+01 1.576539e+02
      vertex 8.580418e+02 6.684714e+01 1.575011e+02
    endloop
  endfacet
  facet normal -1.104445e-07 -5.881906e-01 -8.087223e-01
    outer loop
      vertex 2.041640e+03 6.684726e+01 1.584887e+02
      vertex 2.265103e+03 6.684726e+01 1.584886e+02
      vertex 2.041582e+03 6.255267e+01 1.616122e+02
    endloop
  endfacet
  facet normal -1.058542e-07 -5.881909e-01 -8.087221e-01
    outer loop
      vertex 2.041582e+03 6.255267e+01 1.616122e+02
      vertex 2.265103e+03 6.684726e+01 1.584886e+02
      vertex 2.274735e+03 6.255267e+01 1.616121e+02
    endloop
  endfacet
  facet normal -1.155710e-07 -5.881907e-01 -8.087223e-01
    outer loop
      vertex 1.916330e+03 6.255264e+01 1.616122e+02
      vertex 1.702780e+03 6.255264e+01 1.616122e+02
      vertex 1.916272e+03 6.684723e+01 1.584887e+02
    endloop
  endfacet
  facet normal -1.156026e-07 -5.881907e-01 -8.087223e-01
    outer loop
      vertex 1.916272e+03 6.684723e+01 1.584887e+02
      vertex 1.702780e+03 6.255264e+01 1.616122e+02
      vertex 1.702780e+03 6.684723e+01 1.584887e+02
    endloop
  endfacet
  facet normal -3.151522e-08 -5.881907e-01 -8.087223e-01
    outer loop
      vertex 1.198199e+03 6.255258e+01 1.616122e+02
      vertex 1.198258e+03 6.684717e+01 1.584888e+02
      vertex 1.411750e+03 6.255261e+01 1.616122e+02
    endloop
  endfacet
  facet normal -3.112418e-08 -5.881907e-01 -8.087223e-01
    outer loop
      vertex 1.411750e+03 6.255261e+01 1.616122e+02
      vertex 1.198258e+03 6.684717e+01 1.584888e+02
      vertex 1.411750e+03 6.684720e+01 1.584887e+02
    endloop
  endfacet
  facet normal -2.886556e-08 -5.881906e-01 -8.087223e-01
    outer loop
      vertex 8.397943e+02 6.255255e+01 1.616123e+02
      vertex 8.494262e+02 6.684714e+01 1.584888e+02
      vertex 1.072947e+03 6.255258e+01 1.616122e+02
    endloop
  endfacet
  facet normal -2.973546e-08 -5.881907e-01 -8.087223e-01
    outer loop
      vertex 1.072947e+03 6.255258e+01 1.616122e+02
      vertex 8.494262e+02 6.684714e+01 1.584888e+02
      vertex 1.072889e+03 6.684717e+01 1.584888e+02
    endloop
  endfacet
  facet normal -1.274756e-07 2.425758e-01 -9.701325e-01
    outer loop
      vertex 2.041589e+03 6.099094e+01 1.612217e+02
      vertex 2.041582e+03 6.255267e+01 1.616122e+02
      vertex 2.273838e+03 6.099094e+01 1.612216e+02
    endloop
  endfacet
  facet normal -1.268846e-07 2.425758e-01 -9.701325e-01
    outer loop
      vertex 2.273838e+03 6.099094e+01 1.612216e+02
      vertex 2.041582e+03 6.255267e+01 1.616122e+02
      vertex 2.274735e+03 6.255267e+01 1.616121e+02
    endloop
  endfacet
  facet normal -1.386422e-07 2.425758e-01 -9.701325e-01
    outer loop
      vertex 1.702780e+03 6.099091e+01 1.612217e+02
      vertex 1.702780e+03 6.255264e+01 1.616122e+02
      vertex 1.916323e+03 6.099091e+01 1.612217e+02
    endloop
  endfacet
  facet normal -1.385317e-07 2.425758e-01 -9.701325e-01
    outer loop
      vertex 1.916323e+03 6.099091e+01 1.612217e+02
      vertex 1.702780e+03 6.255264e+01 1.616122e+02
      vertex 1.916330e+03 6.255264e+01 1.616122e+02
    endloop
  endfacet
  facet normal -1.733029e-07 2.425758e-01 -9.701325e-01
    outer loop
      vertex 1.198199e+03 6.255258e+01 1.616122e+02
      vertex 1.411750e+03 6.255261e+01 1.616122e+02
      vertex 1.198207e+03 6.099084e+01 1.612217e+02
    endloop
  endfacet
  facet normal -1.733088e-07 2.425758e-01 -9.701325e-01
    outer loop
      vertex 1.198207e+03 6.099084e+01 1.612217e+02
      vertex 1.411750e+03 6.255261e+01 1.616122e+02
      vertex 1.411750e+03 6.099088e+01 1.612217e+02
    endloop
  endfacet
  facet normal -1.587323e-07 2.425757e-01 -9.701325e-01
    outer loop
      vertex 8.397943e+02 6.255255e+01 1.616123e+02
      vertex 1.072947e+03 6.255258e+01 1.616122e+02
      vertex 8.406911e+02 6.099081e+01 1.612218e+02
    endloop
  endfacet
  facet normal -1.593501e-07 2.425758e-01 -9.701325e-01
    outer loop
      vertex 8.406911e+02 6.099081e+01 1.612218e+02
      vertex 1.072947e+03 6.255258e+01 1.616122e+02
      vertex 1.072940e+03 6.099084e+01 1.612217e+02
    endloop
  endfacet
  facet normal 0.000000e+00 1.000000e+00 0.000000e+00
    outer loop
      vertex 2.041589e+03 6.099094e+01 1.612217e+02
      vertex 2.270988e+03 6.099094e+01 1.601227e+02
      vertex 2.041640e+03 6.099094e+01 1.584887e+02
    endloop
  endfacet
  facet normal 0.000000e+00 1.000000e+00 0.000000e+00
    outer loop
      vertex 2.041640e+03 6.099094e+01 1.584887e+02
      vertex 2.270988e+03 6.099094e+01 1.601227e+02
      vertex 2.268072e+03 6.099094e+01 1.592104e+02
    endloop
  endfacet
  facet normal 0.000000e+00 1.000000e+00 0.000000e+00
    outer loop
      vertex 2.041640e+03 6.099094e+01 1.584887e+02
      vertex 2.268072e+03 6.099094e+01 1.592104e+02
      vertex 2.265103e+03 6.099094e+01 1.584886e+02
    endloop
  endfacet
  facet normal 0.000000e+00 1.000000e+00 0.000000e+00
    outer loop
      vertex 2.041589e+03 6.099094e+01 1.612217e+02
      vertex 2.273838e+03 6.099094e+01 1.612216e+02
      vertex 2.270988e+03 6.099094e+01 1.601227e+02
    endloop
  endfacet
  facet normal 0.000000e+00 1.000000e+00 0.000000e+00
    outer loop
      vertex 1.702780e+03 6.099091e+01 1.584887e+02
      vertex 1.702780e+03 6.099091e+01 1.612217e+02
      vertex 1.916272e+03 6.099091e+01 1.584887e+02
    endloop
  endfacet
  facet normal 0.000000e+00 1.000000e+00 0.000000e+00
    outer loop
      vertex 1.916272e+03 6.099091e+01 1.584887e+02
      vertex 1.702780e+03 6.099091e+01 1.612217e+02
      vertex 1.916323e+03 6.099091e+01 1.612217e+02
    endloop
  endfacet
  facet normal -1.429106e-07 1.000000e+00 -2.668168e-09
    outer loop
      vertex 1.198207e+03 6.099084e+01 1.612217e+02
      vertex 1.411750e+03 6.099088e+01 1.612217e+02
      vertex 1.198258e+03 6.099084e+01 1.584888e+02
    endloop
  endfacet
  facet normal -1.429447e-07 1.000000e+00 0.000000e+00
    outer loop
      vertex 1.198258e+03 6.099084e+01 1.584888e+02
      vertex 1.411750e+03 6.099088e+01 1.612217e+02
      vertex 1.411750e+03 6.099088e+01 1.584887e+02
    endloop
  endfacet
  facet normal -1.365668e-07 1.000000e+00 -5.617193e-07
    outer loop
      vertex 8.494262e+02 6.099081e+01 1.584888e+02
      vertex 8.464575e+02 6.099081e+01 1.592105e+02
      vertex 1.072889e+03 6.099084e+01 1.584888e+02
    endloop
  endfacet
  facet normal -1.361635e-07 1.000000e+00 -4.352057e-07
    outer loop
      vertex 1.072889e+03 6.099084e+01 1.584888e+02
      vertex 8.464575e+02 6.099081e+01 1.592105e+02
      vertex 8.435417e+02 6.099081e+01 1.601228e+02
    endloop
  endfacet
  facet normal -1.330450e-07 1.000000e+00 2.489919e-09
    outer loop
      vertex 1.072889e+03 6.099084e+01 1.584888e+02
      vertex 8.435417e+02 6.099081e+01 1.601228e+02
      vertex 1.072940e+03 6.099084e+01 1.612217e+02
    endloop
  endfacet
  facet normal -1.314003e-07 1.000000e+00 -3.408430e-07
    outer loop
      vertex 1.072940e+03 6.099084e+01 1.612217e+02
      vertex 8.435417e+02 6.099081e+01 1.601228e+02
      vertex 8.406911e+02 6.099081e+01 1.612218e+02
    endloop
  endfacet
  facet normal -6.252118e-08 8.943957e-01 -4.472765e-01
    outer loop
      vertex 2.041655e+03 6.060043e+01 1.577078e+02
      vertex 2.041640e+03 6.099094e+01 1.584887e+02
      vertex 2.259978e+03 6.060043e+01 1.577078e+02
    endloop
  endfacet
  facet normal -6.094935e-08 8.943959e-01 -4.472762e-01
    outer loop
      vertex 2.259978e+03 6.060043e+01 1.577078e+02
      vertex 2.041640e+03 6.099094e+01 1.584887e+02
      vertex 2.265103e+03 6.099094e+01 1.584886e+02
    endloop
  endfacet
  facet normal -6.394020e-08 8.943957e-01 -4.472765e-01
    outer loop
      vertex 1.702780e+03 6.060040e+01 1.577078e+02
      vertex 1.702780e+03 6.099091e+01 1.584887e+02
      vertex 1.916257e+03 6.060040e+01 1.577078e+02
    endloop
  endfacet
  facet normal -6.379590e-08 8.943957e-01 -4.472765e-01
    outer loop
      vertex 1.916257e+03 6.060040e+01 1.577078e+02
      vertex 1.702780e+03 6.099091e+01 1.584887e+02
      vertex 1.916272e+03 6.099091e+01 1.584887e+02
    endloop
  endfacet
  facet normal -1.917849e-07 8.943957e-01 -4.472765e-01
    outer loop
      vertex 1.198258e+03 6.099084e+01 1.584888e+02
      vertex 1.411750e+03 6.099088e+01 1.584887e+02
      vertex 1.198272e+03 6.060034e+01 1.577079e+02
    endloop
  endfacet
  facet normal -1.917980e-07 8.943957e-01 -4.472765e-01
    outer loop
      vertex 1.198272e+03 6.060034e+01 1.577079e+02
      vertex 1.411750e+03 6.099088e+01 1.584887e+02
      vertex 1.411750e+03 6.060037e+01 1.577079e+02
    endloop
  endfacet
  facet normal -1.832278e-07 8.943952e-01 -4.472775e-01
    outer loop
      vertex 8.494262e+02 6.099081e+01 1.584888e+02
      vertex 1.072889e+03 6.099084e+01 1.584888e+02
      vertex 8.545518e+02 6.060031e+01 1.577079e+02
    endloop
  endfacet
  facet normal -1.875415e-07 8.943957e-01 -4.472765e-01
    outer loop
      vertex 8.545518e+02 6.060031e+01 1.577079e+02
      vertex 1.072889e+03 6.099084e+01 1.584888e+02
      vertex 1.072875e+03 6.060034e+01 1.577079e+02
    endloop
  endfacet
  facet normal -1.397819e-07 0.000000e+00 -1.000000e+00
    outer loop
      vertex 2.041655e+03 6.060043e+01 1.577078e+02
      vertex 2.259978e+03 6.060043e+01 1.577078e+02
      vertex 2.041655e+03 5.747708e+01 1.577078e+02
    endloop
  endfacet
  facet normal -1.397819e-07 0.000000e+00 -1.000000e+00
    outer loop
      vertex 2.041655e+03 5.747708e+01 1.577078e+02
      vertex 2.259978e+03 6.060043e+01 1.577078e+02
      vertex 2.259978e+03 5.747708e+01 1.577078e+02
    endloop
  endfacet
  facet normal -1.429545e-07 -0.000000e+00 -1.000000e+00
    outer loop
      vertex 1.916257e+03 5.747705e+01 1.577078e+02
      vertex 1.702780e+03 5.747705e+01 1.577078e+02
      vertex 1.916257e+03 6.060040e+01 1.577078e+02
    endloop
  endfacet
  facet normal -1.429545e-07 0.000000e+00 -1.000000e+00
    outer loop
      vertex 1.916257e+03 6.060040e+01 1.577078e+02
      vertex 1.702780e+03 5.747705e+01 1.577078e+02
      vertex 1.702780e+03 6.060040e+01 1.577078e+02
    endloop
  endfacet
  facet normal -1.429544e-07 0.000000e+00 -1.000000e+00
    outer loop
      vertex 1.198272e+03 6.060034e+01 1.577079e+02
      vertex 1.411750e+03 6.060037e+01 1.577079e+02
      vertex 1.198272e+03 5.747699e+01 1.577079e+02
    endloop
  endfacet
  facet normal -1.429544e-07 0.000000e+00 -1.000000e+00
    outer loop
      vertex 1.198272e+03 5.747699e+01 1.577079e+02
      vertex 1.411750e+03 6.060037e+01 1.577079e+02
      vertex 1.411750e+03 5.747702e+01 1.577079e+02
    endloop
  endfacet
  facet normal -1.397819e-07 0.000000e+00 -1.000000e+00
    outer loop
      vertex 8.545518e+02 6.060031e+01 1.577079e+02
      vertex 1.072875e+03 6.060034e+01 1.577079e+02
      vertex 8.545518e+02 5.747696e+01 1.577079e+02
    endloop
  endfacet
  facet normal -1.397819e-07 0.000000e+00 -1.000000e+00
    outer loop
      vertex 8.545518e+02 5.747696e+01 1.577079e+02
      vertex 1.072875e+03 6.060034e+01 1.577079e+02
      vertex 1.072875e+03 5.747699e+01 1.577079e+02
    endloop
  endfacet
  facet normal 0.000000e+00 1.000000e+00 0.000000e+00
    outer loop
      vertex 2.256261e+03 5.747708e+01 1.565366e+02
      vertex 2.041677e+03 5.747708e+01 1.565366e+02
      vertex 2.256488e+03 5.747708e+01 1.575009e+02
    endloop
  endfacet
  facet normal -0.000000e+00 1.000000e+00 0.000000e+00
    outer loop
      vertex 2.256488e+03 5.747708e+01 1.575009e+02
      vertex 2.041677e+03 5.747708e+01 1.565366e+02
      vertex 2.041655e+03 5.747708e+01 1.577078e+02
    endloop
  endfacet
  facet normal 0.000000e+00 1.000000e+00 0.000000e+00
    outer loop
      vertex 2.256488e+03 5.747708e+01 1.575009e+02
      vertex 2.041655e+03 5.747708e+01 1.577078e+02
      vertex 2.257653e+03 5.747708e+01 1.575412e+02
    endloop
  endfacet
  facet normal 0.000000e+00 1.000000e+00 0.000000e+00
    outer loop
      vertex 2.257653e+03 5.747708e+01 1.575412e+02
      vertex 2.041655e+03 5.747708e+01 1.577078e+02
      vertex 2.258816e+03 5.747708e+01 1.576101e+02
    endloop
  endfacet
  facet normal 0.000000e+00 1.000000e+00 0.000000e+00
    outer loop
      vertex 2.258816e+03 5.747708e+01 1.576101e+02
      vertex 2.041655e+03 5.747708e+01 1.577078e+02
      vertex 2.259978e+03 5.747708e+01 1.577078e+02
    endloop
  endfacet
  facet normal 0.000000e+00 1.000000e+00 0.000000e+00
    outer loop
      vertex 1.702780e+03 5.747705e+01 1.565366e+02
      vertex 1.702780e+03 5.747705e+01 1.577078e+02
      vertex 1.916235e+03 5.747705e+01 1.565366e+02
    endloop
  endfacet
  facet normal 0.000000e+00 1.000000e+00 0.000000e+00
    outer loop
      vertex 1.916235e+03 5.747705e+01 1.565366e+02
      vertex 1.702780e+03 5.747705e+01 1.577078e+02
      vertex 1.916257e+03 5.747705e+01 1.577078e+02
    endloop
  endfacet
  facet normal -1.429544e-07 1.000000e+00 -2.681862e-09
    outer loop
      vertex 1.198272e+03 5.747699e+01 1.577079e+02
      vertex 1.411750e+03 5.747702e+01 1.577079e+02
      vertex 1.198294e+03 5.747699e+01 1.565367e+02
    endloop
  endfacet
  facet normal -1.429691e-07 1.000000e+00 0.000000e+00
    outer loop
      vertex 1.198294e+03 5.747699e+01 1.565367e+02
      vertex 1.411750e+03 5.747702e+01 1.577079e+02
      vertex 1.411750e+03 5.747702e+01 1.565366e+02
    endloop
  endfacet
  facet normal -1.381993e-07 1.000000e+00 -4.002536e-06
    outer loop
      vertex 8.568769e+02 5.747696e+01 1.575413e+02
      vertex 1.072875e+03 5.747699e+01 1.577079e+02
      vertex 8.580418e+02 5.747696e+01 1.575011e+02
    endloop
  endfacet
  facet normal -1.420553e-07 1.000000e+00 2.664995e-09
    outer loop
      vertex 8.580418e+02 5.747696e+01 1.575011e+02
      vertex 1.072875e+03 5.747699e+01 1.577079e+02
      vertex 1.072853e+03 5.747699e+01 1.565367e+02
    endloop
  endfacet
  facet normal -1.422176e-07 1.000000e+00 -3.347461e-08
    outer loop
      vertex 8.580418e+02 5.747696e+01 1.575011e+02
      vertex 1.072853e+03 5.747699e+01 1.565367e+02
      vertex 8.582688e+02 5.747696e+01 1.565367e+02
    endloop
  endfacet
  facet normal -1.394717e-07 1.000000e+00 -2.352998e-06
    outer loop
      vertex 8.568769e+02 5.747696e+01 1.575413e+02
      vertex 8.557133e+02 5.747696e+01 1.576102e+02
      vertex 1.072875e+03 5.747699e+01 1.577079e+02
    endloop
  endfacet
  facet normal -1.397822e-07 1.000000e+00 -1.662362e-06
    outer loop
      vertex 1.072875e+03 5.747699e+01 1.577079e+02
      vertex 8.557133e+02 5.747696e+01 1.576102e+02
      vertex 8.545518e+02 5.747696e+01 1.577079e+02
    endloop
  endfacet
  facet normal -7.110879e-08 0.000000e+00 -1.000000e+00
    outer loop
      vertex 2.041677e+03 5.747708e+01 1.565366e+02
      vertex 2.256261e+03 5.747708e+01 1.565366e+02
      vertex 2.041677e+03 5.669623e+01 1.565366e+02
    endloop
  endfacet
  facet normal -7.110879e-08 0.000000e+00 -1.000000e+00
    outer loop
      vertex 2.041677e+03 5.669623e+01 1.565366e+02
      vertex 2.256261e+03 5.747708e+01 1.565366e+02
      vertex 2.256261e+03 5.669623e+01 1.565366e+02
    endloop
  endfacet
  facet normal -1.429692e-07 -0.000000e+00 -1.000000e+00
    outer loop
      vertex 1.916235e+03 5.669620e+01 1.565366e+02
      vertex 1.702780e+03 5.669620e+01 1.565366e+02
      vertex 1.916235e+03 5.747705e+01 1.565366e+02
    endloop
  endfacet
  facet normal -1.429692e-07 0.000000e+00 -1.000000e+00
    outer loop
      vertex 1.916235e+03 5.747705e+01 1.565366e+02
      vertex 1.702780e+03 5.669620e+01 1.565366e+02
      vertex 1.702780e+03 5.747705e+01 1.565366e+02
    endloop
  endfacet
  facet normal -1.429692e-07 0.000000e+00 -1.000000e+00
    outer loop
      vertex 1.198294e+03 5.747699e+01 1.565367e+02
      vertex 1.411750e+03 5.747702e+01 1.565366e+02
      vertex 1.198294e+03 5.669614e+01 1.565367e+02
    endloop
  endfacet
  facet normal -1.429692e-07 0.000000e+00 -1.000000e+00
    outer loop
      vertex 1.198294e+03 5.669614e+01 1.565367e+02
      vertex 1.411750e+03 5.747702e+01 1.565366e+02
      vertex 1.411750e+03 5.669617e+01 1.565366e+02
    endloop
  endfacet
  facet normal -1.422176e-07 0.000000e+00 -1.000000e+00
    outer loop
      vertex 8.582688e+02 5.747696e+01 1.565367e+02
      vertex 1.072853e+03 5.747699e+01 1.565367e+02
      vertex 8.582688e+02 5.669611e+01 1.565367e+02
    endloop
  endfacet
  facet normal -1.422176e-07 0.000000e+00 -1.000000e+00
    outer loop
      vertex 8.582688e+02 5.669611e+01 1.565367e+02
      vertex 1.072853e+03 5.747699e+01 1.565367e+02
      vertex 1.072853e+03 5.669614e+01 1.565367e+02
    endloop
  endfacet
  facet normal 0.000000e+00 -1.000000e+00 0.000000e+00
    outer loop
      vertex 2.272717e+03 5.669623e+01 1.607639e+02
      vertex 2.041598e+03 5.669623e+01 1.607640e+02
      vertex 2.259978e+03 5.669623e+01 1.577078e+02
    endloop
  endfacet
  facet normal 0.000000e+00 -1.000000e+00 0.000000e+00
    outer loop
      vertex 2.259978e+03 5.669623e+01 1.577078e+02
      vertex 2.041598e+03 5.669623e+01 1.607640e+02
      vertex 2.041677e+03 5.669623e+01 1.565366e+02
    endloop
  endfacet
  facet normal 0.000000e+00 -1.000000e+00 0.000000e+00
    outer loop
      vertex 2.259978e+03 5.669623e+01 1.577078e+02
      vertex 2.041677e+03 5.669623e+01 1.565366e+02
      vertex 2.256488e+03 5.669623e+01 1.575009e+02
    endloop
  endfacet
  facet normal 0.000000e+00 -1.000000e+00 0.000000e+00
    outer loop
      vertex 2.256488e+03 5.669623e+01 1.575009e+02
      vertex 2.041677e+03 5.669623e+01 1.565366e+02
      vertex 2.256261e+03 5.669623e+01 1.565366e+02
    endloop
  endfacet
  facet normal 0.000000e+00 -1.000000e+00 0.000000e+00
    outer loop
      vertex 1.916314e+03 5.669620e+01 1.607640e+02
      vertex 1.702780e+03 5.669620e+01 1.607640e+02
      vertex 1.916235e+03 5.669620e+01 1.565366e+02
    endloop
  endfacet
  facet normal 0.000000e+00 -1.000000e+00 0.000000e+00
    outer loop
      vertex 1.916235e+03 5.669620e+01 1.565366e+02
      vertex 1.702780e+03 5.669620e+01 1.607640e+02
      vertex 1.702780e+03 5.669620e+01 1.565366e+02
    endloop
  endfacet
  facet normal 1.429163e-07 -1.000000e+00 2.670069e-09
    outer loop
      vertex 1.198215e+03 5.669614e+01 1.607641e+02
      vertex 1.198294e+03 5.669614e+01 1.565367e+02
      vertex 1.411750e+03 5.669617e+01 1.607640e+02
    endloop
  endfacet
  facet normal 1.429691e-07 -1.000000e+00 0.000000e+00
    outer loop
      vertex 1.411750e+03 5.669617e+01 1.607640e+02
      vertex 1.198294e+03 5.669614e+01 1.565367e+02
      vertex 1.411750e+03 5.669617e+01 1.565366e+02
    endloop
  endfacet
  facet normal 1.320428e-07 -1.000000e+00 5.504015e-07
    outer loop
      vertex 8.418126e+02 5.669611e+01 1.607641e+02
      vertex 8.545518e+02 5.669611e+01 1.577079e+02
      vertex 1.072932e+03 5.669614e+01 1.607641e+02
    endloop
  endfacet
  facet normal 1.397820e-07 -1.000000e+00 -2.611512e-09
    outer loop
      vertex 1.072932e+03 5.669614e+01 1.607641e+02
      vertex 8.545518e+02 5.669611e+01 1.577079e+02
      vertex 1.072853e+03 5.669614e+01 1.565367e+02
    endloop
  endfacet
  facet normal 1.537099e-07 -1.000000e+00 2.593283e-06
    outer loop
      vertex 1.072853e+03 5.669614e+01 1.565367e+02
      vertex 8.545518e+02 5.669611e+01 1.577079e+02
      vertex 8.580418e+02 5.669611e+01 1.575011e+02
    endloop
  endfacet
  facet normal 1.422176e-07 -1.000000e+00 3.347461e-08
    outer loop
      vertex 1.072853e+03 5.669614e+01 1.565367e+02
      vertex 8.580418e+02 5.669611e+01 1.575011e+02
      vertex 8.582688e+02 5.669611e+01 1.565367e+02
    endloop
  endfacet
  facet normal -7.063573e-08 1.433341e-01 -9.896743e-01
    outer loop
      vertex 2.255526e+03 5.940674e+00 1.534131e+02
      vertex 2.041735e+03 5.940674e+00 1.534131e+02
      vertex 2.256488e+03 3.416599e+01 1.575009e+02
    endloop
  endfacet
  facet normal -3.254652e-08 1.433339e-01 -9.896744e-01
    outer loop
      vertex 2.256488e+03 3.416599e+01 1.575009e+02
      vertex 2.041735e+03 5.940674e+00 1.534131e+02
      vertex 2.041598e+03 5.669623e+01 1.607640e+02
    endloop
  endfacet
  facet normal -1.908391e-07 1.433324e-01 -9.896746e-01
    outer loop
      vertex 2.256488e+03 3.416599e+01 1.575009e+02
      vertex 2.041598e+03 5.669623e+01 1.607640e+02
      vertex 2.264746e+03 4.048074e+01 1.584155e+02
    endloop
  endfacet
  facet normal -1.309574e-07 1.433332e-01 -9.896745e-01
    outer loop
      vertex 2.264746e+03 4.048074e+01 1.584155e+02
      vertex 2.041598e+03 5.669623e+01 1.607640e+02
      vertex 2.272717e+03 5.669623e+01 1.607639e+02
    endloop
  endfacet
  facet normal -1.127004e-05 1.433465e-01 -9.896725e-01
    outer loop
      vertex 2.264746e+03 4.048074e+01 1.584155e+02
      vertex 2.260637e+03 3.606625e+01 1.577761e+02
      vertex 2.256488e+03 3.416599e+01 1.575009e+02
    endloop
  endfacet
  facet normal -1.415317e-07 1.433338e-01 -9.896744e-01
    outer loop
      vertex 1.702780e+03 5.940643e+00 1.534131e+02
      vertex 1.702780e+03 5.669620e+01 1.607640e+02
      vertex 1.916177e+03 5.940643e+00 1.534131e+02
    endloop
  endfacet
  facet normal -1.421218e-07 1.433338e-01 -9.896744e-01
    outer loop
      vertex 1.916177e+03 5.940643e+00 1.534131e+02
      vertex 1.702780e+03 5.669620e+01 1.607640e+02
      vertex 1.916314e+03 5.669620e+01 1.607640e+02
    endloop
  endfacet
  facet normal -1.619253e-07 1.433338e-01 -9.896744e-01
    outer loop
      vertex 1.198215e+03 5.669614e+01 1.607641e+02
      vertex 1.411750e+03 5.669617e+01 1.607640e+02
      vertex 1.198353e+03 5.940582e+00 1.534132e+02
    endloop
  endfacet
  facet normal -1.620295e-07 1.433339e-01 -9.896744e-01
    outer loop
      vertex 1.198353e+03 5.940582e+00 1.534132e+02
      vertex 1.411750e+03 5.669617e+01 1.607640e+02
      vertex 1.411750e+03 5.940613e+00 1.534131e+02
    endloop
  endfacet
  facet normal 4.916977e-06 1.433408e-01 -9.896734e-01
    outer loop
      vertex 8.538923e+02 3.606613e+01 1.577763e+02
      vertex 8.497830e+02 4.048062e+01 1.584156e+02
      vertex 8.580418e+02 3.416586e+01 1.575011e+02
    endloop
  endfacet
  facet normal -2.336555e-07 1.433342e-01 -9.896743e-01
    outer loop
      vertex 8.580418e+02 3.416586e+01 1.575011e+02
      vertex 8.497830e+02 4.048062e+01 1.584156e+02
      vertex 1.072932e+03 5.669614e+01 1.607641e+02
    endloop
  endfacet
  facet normal -1.987414e-07 1.433339e-01 -9.896744e-01
    outer loop
      vertex 8.580418e+02 3.416586e+01 1.575011e+02
      vertex 1.072932e+03 5.669614e+01 1.607641e+02
      vertex 1.072794e+03 5.940582e+00 1.534132e+02
    endloop
  endfacet
  facet normal -1.500974e-07 1.433330e-01 -9.896745e-01
    outer loop
      vertex 8.497830e+02 4.048062e+01 1.584156e+02
      vertex 8.418126e+02 5.669611e+01 1.607641e+02
      vertex 1.072932e+03 5.669614e+01 1.607641e+02
    endloop
  endfacet
  facet normal -1.617316e-07 1.433341e-01 -9.896743e-01
    outer loop
      vertex 1.072794e+03 5.940582e+00 1.534132e+02
      vertex 8.590038e+02 5.940552e+00 1.534132e+02
      vertex 8.580418e+02 3.416586e+01 1.575011e+02
    endloop
  endfacet
  facet normal 0.000000e+00 1.000000e+00 0.000000e+00
    outer loop
      vertex 2.255178e+03 5.940674e+00 1.514610e+02
      vertex 2.041772e+03 5.940674e+00 1.514610e+02
      vertex 2.255096e+03 5.940674e+00 1.515869e+02
    endloop
  endfacet
  facet normal -0.000000e+00 1.000000e+00 0.000000e+00
    outer loop
      vertex 2.255096e+03 5.940674e+00 1.515869e+02
      vertex 2.041772e+03 5.940674e+00 1.514610e+02
      vertex 2.041735e+03 5.940674e+00 1.534131e+02
    endloop
  endfacet
  facet normal 0.000000e+00 1.000000e+00 0.000000e+00
    outer loop
      vertex 2.255096e+03 5.940674e+00 1.515869e+02
      vertex 2.041735e+03 5.940674e+00 1.534131e+02
      vertex 2.255526e+03 5.940674e+00 1.534131e+02
    endloop
  endfacet
  facet normal 0.000000e+00 1.000000e+00 0.000000e+00
    outer loop
      vertex 1.702780e+03 5.940643e+00 1.514610e+02
      vertex 1.702780e+03 5.940643e+00 1.534131e+02
      vertex 1.916140e+03 5.940643e+00 1.514610e+02
    endloop
  endfacet
  facet normal 0.000000e+00 1.000000e+00 0.000000e+00
    outer loop
      vertex 1.916140e+03 5.940643e+00 1.514610e+02
      vertex 1.702780e+03 5.940643e+00 1.534131e+02
      vertex 1.916177e+03 5.940643e+00 1.534131e+02
    endloop
  endfacet
  facet normal -1.430082e-07 1.000000e+00 -2.673866e-09
    outer loop
      vertex 1.198353e+03 5.940582e+00 1.534132e+02
      vertex 1.411750e+03 5.940613e+00 1.534131e+02
      vertex 1.198389e+03 5.940582e+00 1.514611e+02
    endloop
  endfacet
  facet normal -1.430327e-07 1.000000e+00 0.000000e+00
    outer loop
      vertex 1.198389e+03 5.940582e+00 1.514611e+02
      vertex 1.411750e+03 5.940613e+00 1.534131e+02
      vertex 1.411750e+03 5.940613e+00 1.514610e+02
    endloop
  endfacet
  facet normal -1.427453e-07 1.000000e+00 -3.359134e-08
    outer loop
      vertex 8.590038e+02 5.940552e+00 1.534132e+02
      vertex 1.072794e+03 5.940582e+00 1.534132e+02
      vertex 8.594335e+02 5.940552e+00 1.515870e+02
    endloop
  endfacet
  facet normal -1.430557e-07 1.000000e+00 2.674754e-09
    outer loop
      vertex 8.594335e+02 5.940552e+00 1.515870e+02
      vertex 1.072794e+03 5.940582e+00 1.534132e+02
      vertex 1.072758e+03 5.940582e+00 1.514611e+02
    endloop
  endfacet
  facet normal -1.430021e-07 1.000000e+00 9.359000e-08
    outer loop
      vertex 8.594335e+02 5.940552e+00 1.515870e+02
      vertex 1.072758e+03 5.940582e+00 1.514611e+02
      vertex 8.593511e+02 5.940552e+00 1.514611e+02
    endloop
  endfacet
  facet normal -5.056777e-08 7.069824e-01 -7.072311e-01
    outer loop
      vertex 2.041772e+03 5.940674e+00 1.514610e+02
      vertex 2.255178e+03 5.940674e+00 1.514610e+02
      vertex 2.041779e+03 5.550171e+00 1.510706e+02
    endloop
  endfacet
  facet normal -5.050900e-08 7.069824e-01 -7.072312e-01
    outer loop
      vertex 2.041779e+03 5.550171e+00 1.510706e+02
      vertex 2.255178e+03 5.940674e+00 1.514610e+02
      vertex 2.255434e+03 5.550171e+00 1.510706e+02
    endloop
  endfacet
  facet normal -1.011607e-07 7.069824e-01 -7.072311e-01
    outer loop
      vertex 1.702780e+03 5.550140e+00 1.510706e+02
      vertex 1.702780e+03 5.940643e+00 1.514610e+02
      vertex 1.916133e+03 5.550140e+00 1.510706e+02
    endloop
  endfacet
  facet normal -1.011888e-07 7.069824e-01 -7.072311e-01
    outer loop
      vertex 1.916133e+03 5.550140e+00 1.510706e+02
      vertex 1.702780e+03 5.940643e+00 1.514610e+02
      vertex 1.916140e+03 5.940643e+00 1.514610e+02
    endloop
  endfacet
  facet normal -2.022788e-07 7.069824e-01 -7.072311e-01
    outer loop
      vertex 1.198389e+03 5.940582e+00 1.514611e+02
      vertex 1.411750e+03 5.940613e+00 1.514610e+02
      vertex 1.198396e+03 5.550079e+00 1.510707e+02
    endloop
  endfacet
  facet normal -2.022857e-07 7.069824e-01 -7.072312e-01
    outer loop
      vertex 1.198396e+03 5.550079e+00 1.510707e+02
      vertex 1.411750e+03 5.940613e+00 1.514610e+02
      vertex 1.411750e+03 5.550110e+00 1.510707e+02
    endloop
  endfacet
  facet normal -2.020007e-07 7.069825e-01 -7.072310e-01
    outer loop
      vertex 8.590958e+02 5.550049e+00 1.510707e+02
      vertex 8.593511e+02 5.940552e+00 1.514611e+02
      vertex 1.072750e+03 5.550079e+00 1.510707e+02
    endloop
  endfacet
  facet normal -2.022078e-07 7.069824e-01 -7.072311e-01
    outer loop
      vertex 1.072750e+03 5.550079e+00 1.510707e+02
      vertex 8.593511e+02 5.940552e+00 1.514611e+02
      vertex 1.072758e+03 5.940582e+00 1.514611e+02
    endloop
  endfacet
  facet normal -7.141796e-08 0.000000e+00 -1.000000e+00
    outer loop
      vertex 2.041779e+03 5.550171e+00 1.510706e+02
      vertex 2.255434e+03 5.550171e+00 1.510706e+02
      vertex 2.041779e+03 -1.477386e+00 1.510706e+02
    endloop
  endfacet
  facet normal -7.141796e-08 0.000000e+00 -1.000000e+00
    outer loop
      vertex 2.041779e+03 -1.477386e+00 1.510706e+02
      vertex 2.255434e+03 5.550171e+00 1.510706e+02
      vertex 2.255434e+03 -1.477386e+00 1.510706e+02
    endloop
  endfacet
  facet normal -1.430376e-07 -0.000000e+00 -1.000000e+00
    outer loop
      vertex 1.916133e+03 -1.477417e+00 1.510706e+02
      vertex 1.702780e+03 -1.477417e+00 1.510706e+02
      vertex 1.916133e+03 5.550140e+00 1.510706e+02
    endloop
  endfacet
  facet normal -1.430376e-07 0.000000e+00 -1.000000e+00
    outer loop
      vertex 1.916133e+03 5.550140e+00 1.510706e+02
      vertex 1.702780e+03 -1.477417e+00 1.510706e+02
      vertex 1.702780e+03 5.550140e+00 1.510706e+02
    endloop
  endfacet
  facet normal -1.430376e-07 0.000000e+00 -1.000000e+00
    outer loop
      vertex 1.198396e+03 5.550079e+00 1.510707e+02
      vertex 1.411750e+03 5.550110e+00 1.510707e+02
      vertex 1.198396e+03 -1.477478e+00 1.510707e+02
    endloop
  endfacet
  facet normal -1.430376e-07 0.000000e+00 -1.000000e+00
    outer loop
      vertex 1.198396e+03 -1.477478e+00 1.510707e+02
      vertex 1.411750e+03 5.550110e+00 1.510707e+02
      vertex 1.411750e+03 -1.477448e+00 1.510707e+02
    endloop
  endfacet
  facet normal -1.428360e-07 0.000000e+00 -1.000000e+00
    outer loop
      vertex 8.590958e+02 5.550049e+00 1.510707e+02
      vertex 1.072750e+03 5.550079e+00 1.510707e+02
      vertex 8.590958e+02 -1.477509e+00 1.510707e+02
    endloop
  endfacet
  facet normal -1.428360e-07 0.000000e+00 -1.000000e+00
    outer loop
      vertex 8.590958e+02 -1.477509e+00 1.510707e+02
      vertex 1.072750e+03 5.550079e+00 1.510707e+02
      vertex 1.072750e+03 -1.477478e+00 1.510707e+02
    endloop
  endfacet
  facet normal -5.056777e-08 -7.069824e-01 -7.072311e-01
    outer loop
      vertex 2.041772e+03 -1.867889e+00 1.514610e+02
      vertex 2.041779e+03 -1.477386e+00 1.510706e+02
      vertex 2.255178e+03 -1.867889e+00 1.514610e+02
    endloop
  endfacet
  facet normal -5.052480e-08 -7.069824e-01 -7.072311e-01
    outer loop
      vertex 2.255178e+03 -1.867889e+00 1.514610e+02
      vertex 2.041779e+03 -1.477386e+00 1.510706e+02
      vertex 2.255434e+03 -1.477386e+00 1.510706e+02
    endloop
  endfacet
  facet normal -1.011572e-07 -7.069824e-01 -7.072311e-01
    outer loop
      vertex 1.916140e+03 -1.867920e+00 1.514610e+02
      vertex 1.702780e+03 -1.867920e+00 1.514610e+02
      vertex 1.916133e+03 -1.477417e+00 1.510706e+02
    endloop
  endfacet
  facet normal -1.011607e-07 -7.069824e-01 -7.072311e-01
    outer loop
      vertex 1.916133e+03 -1.477417e+00 1.510706e+02
      vertex 1.702780e+03 -1.867920e+00 1.514610e+02
      vertex 1.702780e+03 -1.477417e+00 1.510706e+02
    endloop
  endfacet
  facet normal -3.557419e-11 -7.069824e-01 -7.072311e-01
    outer loop
      vertex 1.198389e+03 -1.867981e+00 1.514611e+02
      vertex 1.198396e+03 -1.477478e+00 1.510707e+02
      vertex 1.411750e+03 -1.867950e+00 1.514610e+02
    endloop
  endfacet
  facet normal -1.264903e-10 -7.069824e-01 -7.072311e-01
    outer loop
      vertex 1.411750e+03 -1.867950e+00 1.514610e+02
      vertex 1.198396e+03 -1.477478e+00 1.510707e+02
      vertex 1.411750e+03 -1.477448e+00 1.510707e+02
    endloop
  endfacet
  facet normal -3.552527e-11 -7.069824e-01 -7.072311e-01
    outer loop
      vertex 8.590958e+02 -1.477509e+00 1.510707e+02
      vertex 1.072750e+03 -1.477478e+00 1.510707e+02
      vertex 8.593511e+02 -1.868011e+00 1.514611e+02
    endloop
  endfacet
  facet normal -3.556657e-11 -7.069824e-01 -7.072312e-01
    outer loop
      vertex 8.593511e+02 -1.868011e+00 1.514611e+02
      vertex 1.072750e+03 -1.477478e+00 1.510707e+02
      vertex 1.072758e+03 -1.867981e+00 1.514611e+02
    endloop
  endfacet
  facet normal 0.000000e+00 -1.000000e+00 0.000000e+00
    outer loop
      vertex 2.255526e+03 -1.867889e+00 1.534131e+02
      vertex 2.041735e+03 -1.867889e+00 1.534131e+02
      vertex 2.255096e+03 -1.867889e+00 1.515869e+02
    endloop
  endfacet
  facet normal 0.000000e+00 -1.000000e+00 0.000000e+00
    outer loop
      vertex 2.255096e+03 -1.867889e+00 1.515869e+02
      vertex 2.041735e+03 -1.867889e+00 1.534131e+02
      vertex 2.041772e+03 -1.867889e+00 1.514610e+02
    endloop
  endfacet
  facet normal 0.000000e+00 -1.000000e+00 0.000000e+00
    outer loop
      vertex 2.255096e+03 -1.867889e+00 1.515869e+02
      vertex 2.041772e+03 -1.867889e+00 1.514610e+02
      vertex 2.255178e+03 -1.867889e+00 1.514610e+02
    endloop
  endfacet
  facet normal 0.000000e+00 -1.000000e+00 0.000000e+00
    outer loop
      vertex 1.916177e+03 -1.867920e+00 1.534131e+02
      vertex 1.702780e+03 -1.867920e+00 1.534131e+02
      vertex 1.916140e+03 -1.867920e+00 1.514610e+02
    endloop
  endfacet
  facet normal 0.000000e+00 -1.000000e+00 0.000000e+00
    outer loop
      vertex 1.916140e+03 -1.867920e+00 1.514610e+02
      vertex 1.702780e+03 -1.867920e+00 1.534131e+02
      vertex 1.702780e+03 -1.867920e+00 1.514610e+02
    endloop
  endfacet
  facet normal 1.430082e-07 -1.000000e+00 2.673866e-09
    outer loop
      vertex 1.198353e+03 -1.867981e+00 1.534132e+02
      vertex 1.198389e+03 -1.867981e+00 1.514611e+02
      vertex 1.411750e+03 -1.867950e+00 1.534131e+02
    endloop
  endfacet
  facet normal 1.430327e-07 -1.000000e+00 0.000000e+00
    outer loop
      vertex 1.411750e+03 -1.867950e+00 1.534131e+02
      vertex 1.198389e+03 -1.867981e+00 1.514611e+02
      vertex 1.411750e+03 -1.867950e+00 1.514610e+02
    endloop
  endfacet
  facet normal 1.427453e-07 -1.000000e+00 3.359134e-08
    outer loop
      vertex 8.590038e+02 -1.868011e+00 1.534132e+02
      vertex 8.594335e+02 -1.868011e+00 1.515870e+02
      vertex 1.072794e+03 -1.867981e+00 1.534132e+02
    endloop
  endfacet
  facet normal 1.430557e-07 -1.000000e+00 -2.674754e-09
    outer loop
      vertex 1.072794e+03 -1.867981e+00 1.534132e+02
      vertex 8.594335e+02 -1.868011e+00 1.515870e+02
      vertex 1.072758e+03 -1.867981e+00 1.514611e+02
    endloop
  endfacet
  facet normal 1.430021e-07 -1.000000e+00 -9.359000e-08
    outer loop
      vertex 1.072758e+03 -1.867981e+00 1.514611e+02
      vertex 8.594335e+02 -1.868011e+00 1.515870e+02
      vertex 8.593511e+02 -1.868011e+00 1.514611e+02
    endloop
  endfacet
  facet normal -4.293373e-08 -1.433339e-01 -9.896744e-01
    outer loop
      vertex 2.041735e+03 -1.867889e+00 1.534131e+02
      vertex 2.256488e+03 -3.009320e+01 1.575009e+02
      vertex 2.041598e+03 -5.262341e+01 1.607640e+02
    endloop
  endfacet
  facet normal -2.079658e-07 -1.433324e-01 -9.896746e-01
    outer loop
      vertex 2.041598e+03 -5.262341e+01 1.607640e+02
      vertex 2.256488e+03 -3.009320e+01 1.575009e+02
      vertex 2.264746e+03 -3.640796e+01 1.584155e+02
    endloop
  endfacet
  facet normal -1.306792e-07 -1.433334e-01 -9.896744e-01
    outer loop
      vertex 2.041598e+03 -5.262341e+01 1.607640e+02
      vertex 2.264746e+03 -3.640796e+01 1.584155e+02
      vertex 2.272717e+03 -5.262341e+01 1.607639e+02
    endloop
  endfacet
  facet normal -7.063573e-08 -1.433341e-01 -9.896743e-01
    outer loop
      vertex 2.041735e+03 -1.867889e+00 1.534131e+02
      vertex 2.255526e+03 -1.867889e+00 1.534131e+02
      vertex 2.256488e+03 -3.009320e+01 1.575009e+02
    endloop
  endfacet
  facet normal -8.620706e-06 -1.433432e-01 -9.896730e-01
    outer loop
      vertex 2.256488e+03 -3.009320e+01 1.575009e+02
      vertex 2.260637e+03 -3.199344e+01 1.577761e+02
      vertex 2.264746e+03 -3.640796e+01 1.584155e+02
    endloop
  endfacet
  facet normal -1.414406e-07 -1.433339e-01 -9.896744e-01
    outer loop
      vertex 1.916314e+03 -5.262344e+01 1.607640e+02
      vertex 1.702780e+03 -5.262344e+01 1.607640e+02
      vertex 1.916177e+03 -1.867920e+00 1.534131e+02
    endloop
  endfacet
  facet normal -1.415317e-07 -1.433339e-01 -9.896744e-01
    outer loop
      vertex 1.916177e+03 -1.867920e+00 1.534131e+02
      vertex 1.702780e+03 -5.262344e+01 1.607640e+02
      vertex 1.702780e+03 -1.867920e+00 1.534131e+02
    endloop
  endfacet
  facet normal -1.209558e-07 -1.433339e-01 -9.896744e-01
    outer loop
      vertex 1.198215e+03 -5.262350e+01 1.607641e+02
      vertex 1.198353e+03 -1.867981e+00 1.534132e+02
      vertex 1.411750e+03 -5.262347e+01 1.607640e+02
    endloop
  endfacet
  facet normal -1.226938e-07 -1.433339e-01 -9.896744e-01
    outer loop
      vertex 1.411750e+03 -5.262347e+01 1.607640e+02
      vertex 1.198353e+03 -1.867981e+00 1.534132e+02
      vertex 1.411750e+03 -1.867950e+00 1.534131e+02
    endloop
  endfacet
  facet normal -1.117531e-07 -1.433333e-01 -9.896744e-01
    outer loop
      vertex 8.418126e+02 -5.262354e+01 1.607641e+02
      vertex 8.497830e+02 -3.640808e+01 1.584156e+02
      vertex 1.072932e+03 -5.262350e+01 1.607641e+02
    endloop
  endfacet
  facet normal -1.786056e-07 -1.433342e-01 -9.896743e-01
    outer loop
      vertex 1.072932e+03 -5.262350e+01 1.607641e+02
      vertex 8.497830e+02 -3.640808e+01 1.584156e+02
      vertex 8.580419e+02 -3.009332e+01 1.575011e+02
    endloop
  endfacet
  facet normal -1.468056e-07 -1.433339e-01 -9.896744e-01
    outer loop
      vertex 1.072932e+03 -5.262350e+01 1.607641e+02
      vertex 8.580419e+02 -3.009332e+01 1.575011e+02
      vertex 1.072794e+03 -1.867981e+00 1.534132e+02
    endloop
  endfacet
  facet normal -1.208111e-07 -1.433341e-01 -9.896743e-01
    outer loop
      vertex 1.072794e+03 -1.867981e+00 1.534132e+02
      vertex 8.580419e+02 -3.009332e+01 1.575011e+02
      vertex 8.590038e+02 -1.868011e+00 1.534132e+02
    endloop
  endfacet
  facet normal 2.289986e-06 -1.433373e-01 -9.896739e-01
    outer loop
      vertex 8.497830e+02 -3.640808e+01 1.584156e+02
      vertex 8.538923e+02 -3.199356e+01 1.577763e+02
      vertex 8.580419e+02 -3.009332e+01 1.575011e+02
    endloop
  endfacet
  facet normal 1.000000e+00 0.000000e+00 -0.000000e+00
    outer loop
      vertex 1.506421e+03 8.434830e+01 5.591864e+02
      vertex 1.506421e+03 -8.027560e+01 5.591864e+02
      vertex 1.506421e+03 8.519733e+01 5.578959e+02
    endloop
  endfacet
  facet normal 1.000000e+00 -0.000000e+00 0.000000e+00
    outer loop
      vertex 1.506421e+03 8.519733e+01 5.578959e+02
      vertex 1.506421e+03 -8.027560e+01 5.591864e+02
      vertex 1.506421e+03 -8.112466e+01 5.578959e+02
    endloop
  endfacet
  facet normal 1.000000e+00 0.000000e+00 0.000000e+00
    outer loop
      vertex 1.506421e+03 8.519733e+01 5.578959e+02
      vertex 1.506421e+03 -8.112466e+01 5.578959e+02
      vertex 1.506421e+03 8.519733e+01 5.535864e+02
    endloop
  endfacet
  facet normal 1.000000e+00 -0.000000e+00 0.000000e+00
    outer loop
      vertex 1.506421e+03 8.519733e+01 5.535864e+02
      vertex 1.506421e+03 -8.112466e+01 5.578959e+02
      vertex 1.506421e+03 -8.112466e+01 5.535864e+02
    endloop
  endfacet
  facet normal 7.322751e-04 0.000000e+00 9.999998e-01
    outer loop
      vertex 1.506421e+03 -8.112466e+01 5.535864e+02
      vertex 1.557265e+03 -8.112466e+01 5.535492e+02
      vertex 1.506421e+03 8.519733e+01 5.535864e+02
    endloop
  endfacet
  facet normal 7.322751e-04 0.000000e+00 9.999998e-01
    outer loop
      vertex 1.506421e+03 8.519733e+01 5.535864e+02
      vertex 1.557265e+03 -8.112466e+01 5.535492e+02
      vertex 1.557265e+03 8.519733e+01 5.535492e+02
    endloop
  endfacet
  facet normal -7.322769e-04 0.000000e+00 9.999998e-01
    outer loop
      vertex 1.557265e+03 8.519733e+01 5.535492e+02
      vertex 1.557265e+03 -8.112466e+01 5.535492e+02
      vertex 1.608108e+03 8.519733e+01 5.535864e+02
    endloop
  endfacet
  facet normal -7.322769e-04 0.000000e+00 9.999998e-01
    outer loop
      vertex 1.608108e+03 8.519733e+01 5.535864e+02
      vertex 1.557265e+03 -8.112466e+01 5.535492e+02
      vertex 1.608108e+03 -8.112466e+01 5.535864e+02
    endloop
  endfacet
  facet normal -1.000000e+00 0.000000e+00 0.000000e+00
    outer loop
      vertex 1.608108e+03 8.519733e+01 5.535864e+02
      vertex 1.608108e+03 -8.112466e+01 5.535864e+02
      vertex 1.608108e+03 8.519733e+01 5.578959e+02
    endloop
  endfacet
  facet normal -1.000000e+00 0.000000e+00 0.000000e+00
    outer loop
      vertex 1.608108e+03 8.519733e+01 5.578959e+02
      vertex 1.608108e+03 -8.112466e+01 5.535864e+02
      vertex 1.608108e+03 -8.112466e+01 5.578959e+02
    endloop
  endfacet
  facet normal -1.000000e+00 0.000000e+00 0.000000e+00
    outer loop
      vertex 1.608108e+03 8.519733e+01 5.578959e+02
      vertex 1.608108e+03 -8.112466e+01 5.578959e+02
      vertex 1.608108e+03 8.434830e+01 5.591864e+02
    endloop
  endfacet
  facet normal -1.000000e+00 0.000000e+00 0.000000e+00
    outer loop
      vertex 1.608108e+03 8.434830e+01 5.591864e+02
      vertex 1.608108e+03 -8.112466e+01 5.578959e+02
      vertex 1.608108e+03 -8.027560e+01 5.591864e+02
    endloop
  endfacet
  facet normal 1.000000e+00 0.000000e+00 -0.000000e+00
    outer loop
      vertex 1.483678e+03 8.369409e+01 5.601808e+02
      vertex 1.483678e+03 -7.962140e+01 5.601808e+02
      vertex 1.483678e+03 8.519733e+01 5.578959e+02
    endloop
  endfacet
  facet normal 1.000000e+00 -0.000000e+00 0.000000e+00
    outer loop
      vertex 1.483678e+03 8.519733e+01 5.578959e+02
      vertex 1.483678e+03 -7.962140e+01 5.601808e+02
      vertex 1.483678e+03 -8.112466e+01 5.578959e+02
    endloop
  endfacet
  facet normal 1.000000e+00 0.000000e+00 0.000000e+00
    outer loop
      vertex 1.483678e+03 8.519733e+01 5.578959e+02
      vertex 1.483678e+03 -8.112466e+01 5.578959e+02
      vertex 1.483678e+03 8.519733e+01 5.535864e+02
    endloop
  endfacet
  facet normal 1.000000e+00 -0.000000e+00 0.000000e+00
    outer loop
      vertex 1.483678e+03 8.519733e+01 5.535864e+02
      vertex 1.483678e+03 -8.112466e+01 5.578959e+02
      vertex 1.483678e+03 -8.112466e+01 5.535864e+02
    endloop
  endfacet
  facet normal 0.000000e+00 0.000000e+00 1.000000e+00
    outer loop
      vertex 1.483678e+03 -8.112466e+01 5.535864e+02
      vertex 1.487231e+03 -8.112466e+01 5.535864e+02
      vertex 1.483678e+03 8.519733e+01 5.535864e+02
    endloop
  endfacet
  facet normal 0.000000e+00 0.000000e+00 1.000000e+00
    outer loop
      vertex 1.483678e+03 8.519733e+01 5.535864e+02
      vertex 1.487231e+03 -8.112466e+01 5.535864e+02
      vertex 1.487231e+03 8.519733e+01 5.535864e+02
    endloop
  endfacet
  facet normal -1.000000e+00 0.000000e+00 0.000000e+00
    outer loop
      vertex 1.487231e+03 8.519733e+01 5.535864e+02
      vertex 1.487231e+03 -8.112466e+01 5.535864e+02
      vertex 1.487231e+03 8.519733e+01 5.578959e+02
    endloop
  endfacet
  facet normal -1.000000e+00 0.000000e+00 0.000000e+00
    outer loop
      vertex 1.487231e+03 8.519733e+01 5.578959e+02
      vertex 1.487231e+03 -8.112466e+01 5.535864e+02
      vertex 1.487231e+03 -8.112466e+01 5.578959e+02
    endloop
  endfacet
  facet normal -1.000000e+00 0.000000e+00 0.000000e+00
    outer loop
      vertex 1.487231e+03 8.519733e+01 5.578959e+02
      vertex 1.487231e+03 -8.112466e+01 5.578959e+02
      vertex 1.487231e+03 8.324646e+01 5.608612e+02
    endloop
  endfacet
  facet normal -1.000000e+00 0.000000e+00 0.000000e+00
    outer loop
      vertex 1.487231e+03 8.324646e+01 5.608612e+02
      vertex 1.487231e+03 -8.112466e+01 5.578959e+02
      vertex 1.487231e+03 -7.917380e+01 5.608612e+02
    endloop
  endfacet
  facet normal 1.000000e+00 0.000000e+00 -0.000000e+00
    outer loop
      vertex 1.259617e+03 8.324643e+01 5.608612e+02
      vertex 1.259617e+03 -7.917383e+01 5.608612e+02
      vertex 1.259617e+03 8.519730e+01 5.578959e+02
    endloop
  endfacet
  facet normal 1.000000e+00 -0.000000e+00 0.000000e+00
    outer loop
      vertex 1.259617e+03 8.519730e+01 5.578959e+02
      vertex 1.259617e+03 -7.917383e+01 5.608612e+02
      vertex 1.259617e+03 -8.112469e+01 5.578959e+02
    endloop
  endfacet
  facet normal 1.000000e+00 0.000000e+00 0.000000e+00
    outer loop
      vertex 1.259617e+03 8.519730e+01 5.578959e+02
      vertex 1.259617e+03 -8.112469e+01 5.578959e+02
      vertex 1.259617e+03 8.519730e+01 5.537434e+02
    endloop
  endfacet
  facet normal 1.000000e+00 -0.000000e+00 0.000000e+00
    outer loop
      vertex 1.259617e+03 8.519730e+01 5.537434e+02
      vertex 1.259617e+03 -8.112469e+01 5.578959e+02
      vertex 1.259617e+03 -8.112469e+01 5.537434e+02
    endloop
  endfacet
  facet normal 0.000000e+00 0.000000e+00 1.000000e+00
    outer loop
      vertex 1.259617e+03 -8.112469e+01 5.537434e+02
      vertex 1.263279e+03 -8.112469e+01 5.537434e+02
      vertex 1.259617e+03 8.519730e+01 5.537434e+02
    endloop
  endfacet
  facet normal 0.000000e+00 0.000000e+00 1.000000e+00
    outer loop
      vertex 1.259617e+03 8.519730e+01 5.537434e+02
      vertex 1.263279e+03 -8.112469e+01 5.537434e+02
      vertex 1.263279e+03 8.519730e+01 5.537434e+02
    endloop
  endfacet
  facet normal -1.000000e+00 0.000000e+00 0.000000e+00
    outer loop
      vertex 1.263279e+03 8.519730e+01 5.537434e+02
      vertex 1.263279e+03 -8.112469e+01 5.537434e+02
      vertex 1.263279e+03 8.519730e+01 5.570406e+02
    endloop
  endfacet
  facet normal -1.000000e+00 0.000000e+00 0.000000e+00
    outer loop
      vertex 1.263279e+03 8.519730e+01 5.570406e+02
      vertex 1.263279e+03 -8.112469e+01 5.537434e+02
      vertex 1.263279e+03 -8.112469e+01 5.570406e+02
    endloop
  endfacet
  facet normal 0.000000e+00 0.000000e+00 1.000000e+00
    outer loop
      vertex 1.263279e+03 -8.112469e+01 5.570406e+02
      vertex 1.272911e+03 -8.112469e+01 5.570406e+02
      vertex 1.263279e+03 8.519730e+01 5.570406e+02
    endloop
  endfacet
  facet normal 0.000000e+00 0.000000e+00 1.000000e+00
    outer loop
      vertex 1.263279e+03 8.519730e+01 5.570406e+02
      vertex 1.272911e+03 -8.112469e+01 5.570406e+02
      vertex 1.272911e+03 8.519730e+01 5.570406e+02
    endloop
  endfacet
  facet normal 1.000000e+00 0.000000e+00 0.000000e+00
    outer loop
      vertex 1.272911e+03 8.519730e+01 5.570406e+02
      vertex 1.272911e+03 -8.112469e+01 5.570406e+02
      vertex 1.272911e+03 8.519730e+01 5.532723e+02
    endloop
  endfacet
  facet normal 1.000000e+00 -0.000000e+00 0.000000e+00
    outer loop
      vertex 1.272911e+03 8.519730e+01 5.532723e+02
      vertex 1.272911e+03 -8.112469e+01 5.570406e+02
      vertex 1.272911e+03 -8.112469e+01 5.532723e+02
    endloop
  endfacet
  facet normal -1.785206e-03 0.000000e+00 9.999984e-01
    outer loop
      vertex 1.272911e+03 8.519730e+01 5.532723e+02
      vertex 1.272911e+03 -8.112469e+01 5.532723e+02
      vertex 1.448849e+03 8.519733e+01 5.535864e+02
    endloop
  endfacet
  facet normal -1.785206e-03 0.000000e+00 9.999984e-01
    outer loop
      vertex 1.448849e+03 8.519733e+01 5.535864e+02
      vertex 1.272911e+03 -8.112469e+01 5.532723e+02
      vertex 1.448849e+03 -8.112466e+01 5.535864e+02
    endloop
  endfacet
  facet normal -1.000000e+00 0.000000e+00 0.000000e+00
    outer loop
      vertex 1.448849e+03 8.519733e+01 5.535864e+02
      vertex 1.448849e+03 -8.112466e+01 5.535864e+02
      vertex 1.448849e+03 8.519733e+01 5.578959e+02
    endloop
  endfacet
  facet normal -1.000000e+00 0.000000e+00 0.000000e+00
    outer loop
      vertex 1.448849e+03 8.519733e+01 5.578959e+02
      vertex 1.448849e+03 -8.112466e+01 5.535864e+02
      vertex 1.448849e+03 -8.112466e+01 5.578959e+02
    endloop
  endfacet
  facet normal -1.000000e+00 0.000000e+00 0.000000e+00
    outer loop
      vertex 1.448849e+03 8.519733e+01 5.578959e+02
      vertex 1.448849e+03 -8.112466e+01 5.578959e+02
      vertex 1.448849e+03 8.369409e+01 5.601808e+02
    endloop
  endfacet
  facet normal -1.000000e+00 0.000000e+00 0.000000e+00
    outer loop
      vertex 1.448849e+03 8.369409e+01 5.601808e+02
      vertex 1.448849e+03 -8.112466e+01 5.578959e+02
      vertex 1.448849e+03 -7.962140e+01 5.601808e+02
    endloop
  endfacet
  facet normal 1.000000e+00 0.000000e+00 -0.000000e+00
    outer loop
      vertex 1.250351e+03 8.355634e+01 5.603901e+02
      vertex 1.250351e+03 -7.948370e+01 5.603901e+02
      vertex 1.250351e+03 8.519730e+01 5.578959e+02
    endloop
  endfacet
  facet normal 1.000000e+00 -0.000000e+00 0.000000e+00
    outer loop
      vertex 1.250351e+03 8.519730e+01 5.578959e+02
      vertex 1.250351e+03 -7.948370e+01 5.603901e+02
      vertex 1.250351e+03 -8.112469e+01 5.578959e+02
    endloop
  endfacet
  facet normal 1.000000e+00 0.000000e+00 0.000000e+00
    outer loop
      vertex 1.250351e+03 8.519730e+01 5.578959e+02
      vertex 1.250351e+03 -8.112469e+01 5.578959e+02
      vertex 1.250351e+03 8.519730e+01 5.536387e+02
    endloop
  endfacet
  facet normal 1.000000e+00 -0.000000e+00 0.000000e+00
    outer loop
      vertex 1.250351e+03 8.519730e+01 5.536387e+02
      vertex 1.250351e+03 -8.112469e+01 5.578959e+02
      vertex 1.250351e+03 -8.112469e+01 5.536387e+02
    endloop
  endfacet
  facet normal 0.000000e+00 0.000000e+00 1.000000e+00
    outer loop
      vertex 1.250351e+03 -8.112469e+01 5.536387e+02
      vertex 1.255954e+03 -8.112469e+01 5.536387e+02
      vertex 1.250351e+03 8.519730e+01 5.536387e+02
    endloop
  endfacet
  facet normal 0.000000e+00 0.000000e+00 1.000000e+00
    outer loop
      vertex 1.250351e+03 8.519730e+01 5.536387e+02
      vertex 1.255954e+03 -8.112469e+01 5.536387e+02
      vertex 1.255954e+03 8.519730e+01 5.536387e+02
    endloop
  endfacet
  facet normal -1.000000e+00 0.000000e+00 0.000000e+00
    outer loop
      vertex 1.255954e+03 8.519730e+01 5.536387e+02
      vertex 1.255954e+03 -8.112469e+01 5.536387e+02
      vertex 1.255954e+03 8.519730e+01 5.578959e+02
    endloop
  endfacet
  facet normal -1.000000e+00 0.000000e+00 0.000000e+00
    outer loop
      vertex 1.255954e+03 8.519730e+01 5.578959e+02
      vertex 1.255954e+03 -8.112469e+01 5.536387e+02
      vertex 1.255954e+03 -8.112469e+01 5.578959e+02
    endloop
  endfacet
  facet normal -1.000000e+00 0.000000e+00 0.000000e+00
    outer loop
      vertex 1.255954e+03 8.519730e+01 5.578959e+02
      vertex 1.255954e+03 -8.112469e+01 5.578959e+02
      vertex 1.255954e+03 8.324643e+01 5.608612e+02
    endloop
  endfacet
  facet normal -1.000000e+00 0.000000e+00 0.000000e+00
    outer loop
      vertex 1.255954e+03 8.324643e+01 5.608612e+02
      vertex 1.255954e+03 -8.112469e+01 5.578959e+02
      vertex 1.255954e+03 -7.917383e+01 5.608612e+02
    endloop
  endfacet
  facet normal -9.734131e-01 -0.000000e+00 -2.290565e-01
    outer loop
      vertex 8.582688e+02 -5.340442e+01 1.565367e+02
      vertex 8.580419e+02 -5.340442e+01 1.575011e+02
      vertex 8.582688e+02 -5.262354e+01 1.565367e+02
    endloop
  endfacet
  facet normal -9.734131e-01 0.000000e+00 -2.290565e-01
    outer loop
      vertex 8.582688e+02 -5.262354e+01 1.565367e+02
      vertex 8.580419e+02 -5.340442e+01 1.575011e+02
      vertex 8.580419e+02 -5.262354e+01 1.575011e+02
    endloop
  endfacet
  facet normal -2.826329e-01 0.000000e+00 -9.592282e-01
    outer loop
      vertex 8.497830e+02 4.048062e+01 1.584156e+02
      vertex 8.497830e+02 -3.640808e+01 1.584156e+02
      vertex 8.418126e+02 5.669611e+01 1.607641e+02
    endloop
  endfacet
  facet normal -2.826329e-01 0.000000e+00 -9.592282e-01
    outer loop
      vertex 8.418126e+02 5.669611e+01 1.607641e+02
      vertex 8.497830e+02 -3.640808e+01 1.584156e+02
      vertex 8.418126e+02 -5.262354e+01 1.607641e+02
    endloop
  endfacet
  facet normal -3.778606e-01 0.000000e+00 -9.258625e-01
    outer loop
      vertex 8.418126e+02 5.669611e+01 1.607641e+02
      vertex 8.418126e+02 -5.262354e+01 1.607641e+02
      vertex 8.406911e+02 6.099081e+01 1.612218e+02
    endloop
  endfacet
  facet normal -3.778776e-01 -1.956068e-07 -9.258556e-01
    outer loop
      vertex 8.406911e+02 6.099081e+01 1.612218e+02
      vertex 8.418126e+02 -5.262354e+01 1.607641e+02
      vertex 8.406912e+02 -5.691827e+01 1.612218e+02
    endloop
  endfacet
  facet normal -3.992375e-01 -2.066636e-07 -9.168476e-01
    outer loop
      vertex 8.406911e+02 6.099081e+01 1.612218e+02
      vertex 8.406912e+02 -5.691827e+01 1.612218e+02
      vertex 8.397943e+02 6.255255e+01 1.616123e+02
    endloop
  endfacet
  facet normal -3.992143e-01 0.000000e+00 -9.168577e-01
    outer loop
      vertex 8.397943e+02 6.255255e+01 1.616123e+02
      vertex 8.406912e+02 -5.691827e+01 1.612218e+02
      vertex 8.397943e+02 -5.848001e+01 1.616123e+02
    endloop
  endfacet
  facet normal -4.970976e-01 0.000000e+00 -8.676946e-01
    outer loop
      vertex 8.397943e+02 6.255255e+01 1.616123e+02
      vertex 8.397943e+02 -5.848001e+01 1.616123e+02
      vertex 8.316806e+02 -1.186057e+02 1.662606e+02
    endloop
  endfacet
  facet normal -4.880784e-01 -1.611669e-03 -8.727983e-01
    outer loop
      vertex 8.316806e+02 -1.186057e+02 1.662606e+02
      vertex 8.397943e+02 -5.848001e+01 1.616123e+02
      vertex 8.406912e+02 -1.186057e+02 1.612218e+02
    endloop
  endfacet
  facet normal -3.308609e-01 1.193775e-03 -9.436788e-01
    outer loop
      vertex 8.406912e+02 -1.186057e+02 1.612218e+02
      vertex 8.397943e+02 -5.848001e+01 1.616123e+02
      vertex 8.463026e+02 -1.189962e+02 1.592539e+02
    endloop
  endfacet
  facet normal -3.309351e-01 0.000000e+00 -9.436535e-01
    outer loop
      vertex 8.406912e+02 -1.186057e+02 1.612218e+02
      vertex 8.463026e+02 -1.189962e+02 1.592539e+02
      vertex 8.406912e+02 -1.189962e+02 1.612218e+02
    endloop
  endfacet
  facet normal -1.537402e-01 -0.000000e+00 -9.881113e-01
    outer loop
      vertex 8.497830e+02 -3.640808e+01 1.584156e+02
      vertex 8.497830e+02 4.048062e+01 1.584156e+02
      vertex 8.538923e+02 -3.199356e+01 1.577763e+02
    endloop
  endfacet
  facet normal -1.537402e-01 -0.000000e+00 -9.881113e-01
    outer loop
      vertex 8.538923e+02 -3.199356e+01 1.577763e+02
      vertex 8.497830e+02 4.048062e+01 1.584156e+02
      vertex 8.538923e+02 3.606613e+01 1.577763e+02
    endloop
  endfacet
  facet normal -6.617612e-02 -0.000000e+00 -9.978080e-01
    outer loop
      vertex 8.538923e+02 -3.199356e+01 1.577763e+02
      vertex 8.538923e+02 3.606613e+01 1.577763e+02
      vertex 8.580419e+02 -3.009332e+01 1.575011e+02
    endloop
  endfacet
  facet normal -6.617711e-02 -6.285686e-08 -9.978079e-01
    outer loop
      vertex 8.580419e+02 -3.009332e+01 1.575011e+02
      vertex 8.538923e+02 3.606613e+01 1.577763e+02
      vertex 8.580418e+02 3.416586e+01 1.575011e+02
    endloop
  endfacet
  facet normal -2.320885e-01 1.010882e-01 -9.674276e-01
    outer loop
      vertex 8.545518e+02 -5.262354e+01 1.577079e+02
      vertex 8.494262e+02 -5.691827e+01 1.584888e+02
      vertex 8.418126e+02 -5.262354e+01 1.607641e+02
    endloop
  endfacet
  facet normal -2.351602e-01 9.554792e-02 -9.672488e-01
    outer loop
      vertex 8.418126e+02 -5.262354e+01 1.607641e+02
      vertex 8.494262e+02 -5.691827e+01 1.584888e+02
      vertex 8.464575e+02 -5.691827e+01 1.592105e+02
    endloop
  endfacet
  facet normal -2.985240e-01 2.227601e-02 -9.541422e-01
    outer loop
      vertex 8.418126e+02 -5.262354e+01 1.607641e+02
      vertex 8.464575e+02 -5.691827e+01 1.592105e+02
      vertex 8.435417e+02 -5.691827e+01 1.601228e+02
    endloop
  endfacet
  facet normal -5.912730e-02 3.682692e-02 -9.975709e-01
    outer loop
      vertex 8.580419e+02 -5.262354e+01 1.575011e+02
      vertex 8.568769e+02 -5.340442e+01 1.575413e+02
      vertex 8.545518e+02 -5.262354e+01 1.577079e+02
    endloop
  endfacet
  facet normal -5.913006e-02 3.681875e-02 -9.975711e-01
    outer loop
      vertex 8.545518e+02 -5.262354e+01 1.577079e+02
      vertex 8.568769e+02 -5.340442e+01 1.575413e+02
      vertex 8.557133e+02 -5.340442e+01 1.576102e+02
    endloop
  endfacet
  facet normal -8.379079e-02 0.000000e+00 -9.964834e-01
    outer loop
      vertex 8.545518e+02 -5.262354e+01 1.577079e+02
      vertex 8.557133e+02 -5.340442e+01 1.576102e+02
      vertex 8.545518e+02 -5.340442e+01 1.577079e+02
    endloop
  endfacet
  facet normal -3.450556e-02 0.000000e+00 -9.994045e-01
    outer loop
      vertex 8.580419e+02 -5.262354e+01 1.575011e+02
      vertex 8.580419e+02 -5.340442e+01 1.575011e+02
      vertex 8.568769e+02 -5.340442e+01 1.575413e+02
    endloop
  endfacet
  facet normal -1.506104e-01 -0.000000e+00 -9.885932e-01
    outer loop
      vertex 8.545518e+02 -5.652774e+01 1.577079e+02
      vertex 8.494262e+02 -5.691827e+01 1.584888e+02
      vertex 8.545518e+02 -5.340442e+01 1.577079e+02
    endloop
  endfacet
  facet normal -1.506104e-01 -0.000000e+00 -9.885932e-01
    outer loop
      vertex 8.545518e+02 -5.340442e+01 1.577079e+02
      vertex 8.494262e+02 -5.691827e+01 1.584888e+02
      vertex 8.545518e+02 -5.262354e+01 1.577079e+02
    endloop
  endfacet
  facet normal -3.597118e-01 -5.509871e-03 -9.330472e-01
    outer loop
      vertex 8.435417e+02 -5.691827e+01 1.601228e+02
      vertex 8.406912e+02 -5.691827e+01 1.612218e+02
      vertex 8.418126e+02 -5.262354e+01 1.607641e+02
    endloop
  endfacet
  facet normal -3.068167e-01 4.094570e-03 -9.517598e-01
    outer loop
      vertex 8.397943e+02 -5.848001e+01 1.616123e+02
      vertex 8.494262e+02 -6.277460e+01 1.584888e+02
      vertex 8.463026e+02 -1.189962e+02 1.592539e+02
    endloop
  endfacet
  facet normal -2.096778e-01 -1.656280e-03 -9.777691e-01
    outer loop
      vertex 8.463026e+02 -1.189962e+02 1.592539e+02
      vertex 8.494262e+02 -6.277460e+01 1.584888e+02
      vertex 8.521169e+02 -1.189962e+02 1.580070e+02
    endloop
  endfacet
  facet normal -1.745672e-01 8.297271e-05 -9.846452e-01
    outer loop
      vertex 8.521169e+02 -1.189962e+02 1.580070e+02
      vertex 8.494262e+02 -6.277460e+01 1.584888e+02
      vertex 8.522761e+02 -6.277460e+01 1.579835e+02
    endloop
  endfacet
  facet normal -1.139009e-01 -9.248648e-05 -9.934921e-01
    outer loop
      vertex 8.521169e+02 -1.189962e+02 1.580070e+02
      vertex 8.522761e+02 -6.277460e+01 1.579835e+02
      vertex 8.551516e+02 -6.277460e+01 1.576539e+02
    endloop
  endfacet
  facet normal -5.279818e-02 0.000000e+00 -9.986052e-01
    outer loop
      vertex 8.580419e+02 -6.277460e+01 1.575011e+02
      vertex 8.580419e+02 -1.189962e+02 1.575011e+02
      vertex 8.551516e+02 -6.277460e+01 1.576539e+02
    endloop
  endfacet
  facet normal -8.508551e-02 -1.665942e-03 -9.963723e-01
    outer loop
      vertex 8.551516e+02 -6.277460e+01 1.576539e+02
      vertex 8.580419e+02 -1.189962e+02 1.575011e+02
      vertex 8.521169e+02 -1.189962e+02 1.580070e+02
    endloop
  endfacet
  facet normal -6.661401e-01 -0.000000e+00 -7.458267e-01
    outer loop
      vertex 8.239809e+02 -1.186057e+02 1.731376e+02
      vertex 8.239809e+02 1.226783e+02 1.731376e+02
      vertex 8.316806e+02 -1.186057e+02 1.662606e+02
    endloop
  endfacet
  facet normal -6.661401e-01 -0.000000e+00 -7.458267e-01
    outer loop
      vertex 8.316806e+02 -1.186057e+02 1.662606e+02
      vertex 8.239809e+02 1.226783e+02 1.731376e+02
      vertex 8.316806e+02 1.226783e+02 1.662606e+02
    endloop
  endfacet
  facet normal -4.970976e-01 -0.000000e+00 -8.676946e-01
    outer loop
      vertex 8.316806e+02 -1.186057e+02 1.662606e+02
      vertex 8.316806e+02 1.226783e+02 1.662606e+02
      vertex 8.397943e+02 6.255255e+01 1.616123e+02
    endloop
  endfacet
  facet normal -4.880809e-01 1.611225e-03 -8.727969e-01
    outer loop
      vertex 8.397943e+02 6.255255e+01 1.616123e+02
      vertex 8.316806e+02 1.226783e+02 1.662606e+02
      vertex 8.406911e+02 1.226783e+02 1.612218e+02
    endloop
  endfacet
  facet normal -3.308609e-01 -1.194110e-03 -9.436788e-01
    outer loop
      vertex 8.397943e+02 6.255255e+01 1.616123e+02
      vertex 8.406911e+02 1.226783e+02 1.612218e+02
      vertex 8.463026e+02 1.230688e+02 1.592539e+02
    endloop
  endfacet
  facet normal -3.309351e-01 0.000000e+00 -9.436535e-01
    outer loop
      vertex 8.463026e+02 1.230688e+02 1.592539e+02
      vertex 8.406911e+02 1.226783e+02 1.612218e+02
      vertex 8.406911e+02 1.230688e+02 1.612218e+02
    endloop
  endfacet
  facet normal -8.123404e-01 0.000000e+00 -5.831836e-01
    outer loop
      vertex 8.239809e+02 1.226783e+02 1.731376e+02
      vertex 8.239809e+02 -1.186057e+02 1.731376e+02
      vertex 8.179603e+02 1.226783e+02 1.815240e+02
    endloop
  endfacet
  facet normal -8.123404e-01 0.000000e+00 -5.831836e-01
    outer loop
      vertex 8.179603e+02 1.226783e+02 1.815240e+02
      vertex 8.239809e+02 -1.186057e+02 1.731376e+02
      vertex 8.179603e+02 -1.186057e+02 1.815240e+02
    endloop
  endfacet
  facet normal -8.718758e-01 0.000000e+00 -4.897271e-01
    outer loop
      vertex 8.179603e+02 1.226783e+02 1.815240e+02
      vertex 8.179603e+02 -1.186057e+02 1.815240e+02
      vertex 8.178918e+02 1.238497e+02 1.816458e+02
    endloop
  endfacet
  facet normal -8.720614e-01 -2.184752e-07 -4.893964e-01
    outer loop
      vertex 8.178918e+02 1.238497e+02 1.816458e+02
      vertex 8.179603e+02 -1.186057e+02 1.815240e+02
      vertex 8.178919e+02 -1.197771e+02 1.816458e+02
    endloop
  endfacet
  facet normal -8.735175e-01 -2.188400e-07 -4.867927e-01
    outer loop
      vertex 8.178918e+02 1.238497e+02 1.816458e+02
      vertex 8.178919e+02 -1.197771e+02 1.816458e+02
      vertex 8.178239e+02 1.238497e+02 1.817678e+02
    endloop
  endfacet
  facet normal -8.733317e-01 0.000000e+00 -4.871260e-01
    outer loop
      vertex 8.178239e+02 1.238497e+02 1.817678e+02
      vertex 8.178919e+02 -1.197771e+02 1.816458e+02
      vertex 8.178239e+02 -1.197771e+02 1.817678e+02
    endloop
  endfacet
  facet normal -8.747799e-01 0.000000e+00 -4.845204e-01
    outer loop
      vertex 8.178239e+02 1.238497e+02 1.817678e+02
      vertex 8.178239e+02 -1.197771e+02 1.817678e+02
      vertex 8.177562e+02 1.238497e+02 1.818900e+02
    endloop
  endfacet
  facet normal -8.747799e-01 0.000000e+00 -4.845204e-01
    outer loop
      vertex 8.177562e+02 1.238497e+02 1.818900e+02
      vertex 8.178239e+02 -1.197771e+02 1.817678e+02
      vertex 8.177562e+02 -1.197771e+02 1.818900e+02
    endloop
  endfacet
  facet normal -8.720623e-01 0.000000e+00 -4.893949e-01
    outer loop
      vertex 8.179603e+02 -1.186057e+02 1.815240e+02
      vertex 8.179603e+02 -1.197771e+02 1.815240e+02
      vertex 8.178919e+02 -1.197771e+02 1.816458e+02
    endloop
  endfacet
  facet normal -8.718758e-01 0.000000e+00 -4.897271e-01
    outer loop
      vertex 8.178918e+02 1.238497e+02 1.816458e+02
      vertex 8.179603e+02 1.238497e+02 1.815240e+02
      vertex 8.179603e+02 1.226783e+02 1.815240e+02
    endloop
  endfacet
  facet normal -3.068166e-01 -4.094893e-03 -9.517599e-01
    outer loop
      vertex 8.397943e+02 6.255255e+01 1.616123e+02
      vertex 8.463026e+02 1.230688e+02 1.592539e+02
      vertex 8.494262e+02 6.684714e+01 1.584888e+02
    endloop
  endfacet
  facet normal -2.096756e-01 1.656175e-03 -9.777696e-01
    outer loop
      vertex 8.494262e+02 6.684714e+01 1.584888e+02
      vertex 8.463026e+02 1.230688e+02 1.592539e+02
      vertex 8.521169e+02 1.230688e+02 1.580070e+02
    endloop
  endfacet
  facet normal -1.745672e-01 -8.297221e-05 -9.846452e-01
    outer loop
      vertex 8.494262e+02 6.684714e+01 1.584888e+02
      vertex 8.521169e+02 1.230688e+02 1.580070e+02
      vertex 8.522761e+02 6.684714e+01 1.579835e+02
    endloop
  endfacet
  facet normal -1.139009e-01 9.248644e-05 -9.934921e-01
    outer loop
      vertex 8.522761e+02 6.684714e+01 1.579835e+02
      vertex 8.521169e+02 1.230688e+02 1.580070e+02
      vertex 8.551516e+02 6.684714e+01 1.576539e+02
    endloop
  endfacet
  facet normal -8.508639e-02 1.665894e-03 -9.963722e-01
    outer loop
      vertex 8.551516e+02 6.684714e+01 1.576539e+02
      vertex 8.521169e+02 1.230688e+02 1.580070e+02
      vertex 8.580418e+02 1.230688e+02 1.575011e+02
    endloop
  endfacet
  facet normal -5.279929e-02 0.000000e+00 -9.986051e-01
    outer loop
      vertex 8.551516e+02 6.684714e+01 1.576539e+02
      vertex 8.580418e+02 1.230688e+02 1.575011e+02
      vertex 8.580418e+02 6.684714e+01 1.575011e+02
    endloop
  endfacet
  facet normal -3.597051e-01 5.506827e-03 -9.330498e-01
    outer loop
      vertex 8.406911e+02 6.099081e+01 1.612218e+02
      vertex 8.435417e+02 6.099081e+01 1.601228e+02
      vertex 8.418126e+02 5.669611e+01 1.607641e+02
    endloop
  endfacet
  facet normal -2.985239e-01 -2.227616e-02 -9.541422e-01
    outer loop
      vertex 8.418126e+02 5.669611e+01 1.607641e+02
      vertex 8.435417e+02 6.099081e+01 1.601228e+02
      vertex 8.464575e+02 6.099081e+01 1.592105e+02
    endloop
  endfacet
  facet normal -2.351602e-01 -9.554861e-02 -9.672487e-01
    outer loop
      vertex 8.418126e+02 5.669611e+01 1.607641e+02
      vertex 8.464575e+02 6.099081e+01 1.592105e+02
      vertex 8.494262e+02 6.099081e+01 1.584888e+02
    endloop
  endfacet
  facet normal -1.506104e-01 0.000000e+00 -9.885932e-01
    outer loop
      vertex 8.545518e+02 6.060031e+01 1.577079e+02
      vertex 8.545518e+02 5.747696e+01 1.577079e+02
      vertex 8.494262e+02 6.099081e+01 1.584888e+02
    endloop
  endfacet
  facet normal -1.506104e-01 0.000000e+00 -9.885932e-01
    outer loop
      vertex 8.494262e+02 6.099081e+01 1.584888e+02
      vertex 8.545518e+02 5.747696e+01 1.577079e+02
      vertex 8.545518e+02 5.669611e+01 1.577079e+02
    endloop
  endfacet
  facet normal -2.320884e-01 -1.010889e-01 -9.674275e-01
    outer loop
      vertex 8.494262e+02 6.099081e+01 1.584888e+02
      vertex 8.545518e+02 5.669611e+01 1.577079e+02
      vertex 8.418126e+02 5.669611e+01 1.607641e+02
    endloop
  endfacet
  facet normal -8.379079e-02 0.000000e+00 -9.964834e-01
    outer loop
      vertex 8.545518e+02 5.747696e+01 1.577079e+02
      vertex 8.557133e+02 5.747696e+01 1.576102e+02
      vertex 8.545518e+02 5.669611e+01 1.577079e+02
    endloop
  endfacet
  facet normal -5.913005e-02 -3.682019e-02 -9.975710e-01
    outer loop
      vertex 8.545518e+02 5.669611e+01 1.577079e+02
      vertex 8.557133e+02 5.747696e+01 1.576102e+02
      vertex 8.568769e+02 5.747696e+01 1.575413e+02
    endloop
  endfacet
  facet normal -5.912833e-02 -3.682528e-02 -9.975709e-01
    outer loop
      vertex 8.545518e+02 5.669611e+01 1.577079e+02
      vertex 8.568769e+02 5.747696e+01 1.575413e+02
      vertex 8.580418e+02 5.669611e+01 1.575011e+02
    endloop
  endfacet
  facet normal -3.450736e-02 -0.000000e+00 -9.994044e-01
    outer loop
      vertex 8.580418e+02 5.669611e+01 1.575011e+02
      vertex 8.568769e+02 5.747696e+01 1.575413e+02
      vertex 8.580418e+02 5.747696e+01 1.575011e+02
    endloop
  endfacet
  facet normal -9.734117e-01 -3.547896e-07 -2.290628e-01
    outer loop
      vertex 8.594335e+02 -1.136028e+02 1.515870e+02
      vertex 8.580850e+02 -1.189962e+02 1.573176e+02
      vertex 8.584525e+02 -7.917261e+01 1.557558e+02
    endloop
  endfacet
  facet normal -9.734469e-01 5.843705e-06 -2.289130e-01
    outer loop
      vertex 8.584525e+02 -7.917261e+01 1.557558e+02
      vertex 8.580850e+02 -1.189962e+02 1.573176e+02
      vertex 8.580419e+02 -1.189962e+02 1.575011e+02
    endloop
  endfacet
  facet normal -9.734172e-01 0.000000e+00 -2.290393e-01
    outer loop
      vertex 8.584525e+02 -7.917261e+01 1.557558e+02
      vertex 8.580419e+02 -1.189962e+02 1.575011e+02
      vertex 8.580419e+02 -6.277460e+01 1.575011e+02
    endloop
  endfacet
  facet normal -9.734124e-01 2.263241e-06 -2.290595e-01
    outer loop
      vertex 8.580419e+02 -6.277460e+01 1.575011e+02
      vertex 8.592794e+02 -6.277460e+01 1.522420e+02
      vertex 8.584525e+02 -7.917261e+01 1.557558e+02
    endloop
  endfacet
  facet normal -9.734110e-01 8.928684e-07 -2.290656e-01
    outer loop
      vertex 8.584525e+02 -7.917261e+01 1.557558e+02
      vertex 8.592794e+02 -6.277460e+01 1.522420e+02
      vertex 8.594335e+02 -7.917261e+01 1.515870e+02
    endloop
  endfacet
  facet normal -9.734160e-01 -0.000000e+00 -2.290444e-01
    outer loop
      vertex 8.594335e+02 -7.917261e+01 1.515870e+02
      vertex 8.592794e+02 -6.277460e+01 1.522420e+02
      vertex 8.594335e+02 -6.299292e+01 1.515870e+02
    endloop
  endfacet
  facet normal -9.734100e-01 5.653540e-07 -2.290700e-01
    outer loop
      vertex 8.584525e+02 -7.917261e+01 1.557558e+02
      vertex 8.592794e+02 -8.229596e+01 1.522420e+02
      vertex 8.594335e+02 -1.136028e+02 1.515870e+02
    endloop
  endfacet
  facet normal -9.734160e-01 -0.000000e+00 -2.290444e-01
    outer loop
      vertex 8.594335e+02 -1.136028e+02 1.515870e+02
      vertex 8.592794e+02 -8.229596e+01 1.522420e+02
      vertex 8.594335e+02 -8.262344e+01 1.515870e+02
    endloop
  endfacet
  facet normal -8.368029e-01 0.000000e+00 5.475042e-01
    outer loop
      vertex 8.525850e+02 -6.589807e+01 1.411196e+02
      vertex 8.525850e+02 -7.917261e+01 1.411196e+02
      vertex 8.562858e+02 -6.589807e+01 1.467760e+02
    endloop
  endfacet
  facet normal -8.368042e-01 1.148674e-06 5.475023e-01
    outer loop
      vertex 8.562858e+02 -6.589807e+01 1.467760e+02
      vertex 8.525850e+02 -7.917261e+01 1.411196e+02
      vertex 8.594335e+02 -7.917261e+01 1.515870e+02
    endloop
  endfacet
  facet normal -8.368056e-01 1.513412e-08 5.475001e-01
    outer loop
      vertex 8.562858e+02 -6.589807e+01 1.467760e+02
      vertex 8.594335e+02 -7.917261e+01 1.515870e+02
      vertex 8.583293e+02 -6.355545e+01 1.498993e+02
    endloop
  endfacet
  facet normal -8.368056e-01 0.000000e+00 5.475001e-01
    outer loop
      vertex 8.583293e+02 -6.355545e+01 1.498993e+02
      vertex 8.594335e+02 -7.917261e+01 1.515870e+02
      vertex 8.594335e+02 -6.299292e+01 1.515870e+02
    endloop
  endfacet
  facet normal -6.955892e-01 -0.000000e+00 -7.184397e-01
    outer loop
      vertex 9.345563e+02 -7.917261e+01 1.458598e+02
      vertex 9.345563e+02 -6.589807e+01 1.458598e+02
      vertex 9.410919e+02 -7.917261e+01 1.395321e+02
    endloop
  endfacet
  facet normal -6.745319e-01 1.968363e-02 -7.379833e-01
    outer loop
      vertex 9.410919e+02 -7.917261e+01 1.395321e+02
      vertex 9.345563e+02 -6.589807e+01 1.458598e+02
      vertex 9.436729e+02 -6.589807e+01 1.375271e+02
    endloop
  endfacet
  facet normal -5.721187e-01 -1.262789e-02 -8.200736e-01
    outer loop
      vertex 9.410919e+02 -7.917261e+01 1.395321e+02
      vertex 9.436729e+02 -6.589807e+01 1.375271e+02
      vertex 9.485527e+02 -7.917261e+01 1.343271e+02
    endloop
  endfacet
  facet normal -4.992750e-01 2.523934e-02 -8.660759e-01
    outer loop
      vertex 9.485527e+02 -7.917261e+01 1.343271e+02
      vertex 9.436729e+02 -6.589807e+01 1.375271e+02
      vertex 9.543733e+02 -6.589804e+01 1.313585e+02
    endloop
  endfacet
  facet normal -4.340786e-01 -1.111442e-02 -9.008064e-01
    outer loop
      vertex 9.485527e+02 -7.917261e+01 1.343271e+02
      vertex 9.543733e+02 -6.589804e+01 1.313585e+02
      vertex 9.567479e+02 -7.917258e+01 1.303780e+02
    endloop
  endfacet
  facet normal -3.562679e-01 5.283468e-03 -9.343689e-01
    outer loop
      vertex 9.567479e+02 -7.917258e+01 1.303780e+02
      vertex 9.543733e+02 -6.589804e+01 1.313585e+02
      vertex 9.588943e+02 -7.253525e+01 1.295972e+02
    endloop
  endfacet
  facet normal -3.528758e-01 4.034440e-03 -9.356615e-01
    outer loop
      vertex 9.567479e+02 -7.917258e+01 1.303780e+02
      vertex 9.588943e+02 -7.253525e+01 1.295972e+02
      vertex 9.577876e+02 -7.878207e+01 1.299876e+02
    endloop
  endfacet
  facet normal -2.990705e-01 1.026505e-01 -9.486937e-01
    outer loop
      vertex 9.661529e+02 -6.589804e+01 1.276451e+02
      vertex 9.613655e+02 -6.902139e+01 1.288163e+02
      vertex 9.543733e+02 -6.589804e+01 1.313585e+02
    endloop
  endfacet
  facet normal -3.249891e-01 4.146421e-02 -9.448083e-01
    outer loop
      vertex 9.543733e+02 -6.589804e+01 1.313585e+02
      vertex 9.613655e+02 -6.902139e+01 1.288163e+02
      vertex 9.600810e+02 -7.019278e+01 1.292067e+02
    endloop
  endfacet
  facet normal -3.417901e-01 1.654138e-02 -9.396307e-01
    outer loop
      vertex 9.543733e+02 -6.589804e+01 1.313585e+02
      vertex 9.600810e+02 -7.019278e+01 1.292067e+02
      vertex 9.588943e+02 -7.253525e+01 1.295972e+02
    endloop
  endfacet
  facet normal -1.798946e-01 -2.157973e-02 -9.834492e-01
    outer loop
      vertex 9.683341e+02 -6.628839e+01 1.272546e+02
      vertex 9.643467e+02 -6.863101e+01 1.280354e+02
      vertex 9.661529e+02 -6.589804e+01 1.276451e+02
    endloop
  endfacet
  facet normal -2.498206e-01 2.685240e-02 -9.679197e-01
    outer loop
      vertex 9.661529e+02 -6.589804e+01 1.276451e+02
      vertex 9.643467e+02 -6.863101e+01 1.280354e+02
      vertex 9.623033e+02 -6.902139e+01 1.285520e+02
    endloop
  endfacet
  facet normal -2.668331e-01 4.940110e-02 -9.624758e-01
    outer loop
      vertex 9.661529e+02 -6.589804e+01 1.276451e+02
      vertex 9.623033e+02 -6.902139e+01 1.285520e+02
      vertex 9.618339e+02 -6.902139e+01 1.286821e+02
    endloop
  endfacet
  facet normal -1.310831e-01 0.000000e+00 -9.913714e-01
    outer loop
      vertex 9.712870e+02 -6.706927e+01 1.268642e+02
      vertex 9.712870e+02 -6.785016e+01 1.268642e+02
      vertex 9.683341e+02 -6.628839e+01 1.272546e+02
    endloop
  endfacet
  facet normal -1.599989e-01 -5.613473e-02 -9.855198e-01
    outer loop
      vertex 9.683341e+02 -6.628839e+01 1.272546e+02
      vertex 9.712870e+02 -6.785016e+01 1.268642e+02
      vertex 9.643467e+02 -6.863101e+01 1.280354e+02
    endloop
  endfacet
  facet normal -2.581008e-01 7.660091e-02 -9.630765e-01
    outer loop
      vertex 9.643467e+02 -6.863101e+01 1.280354e+02
      vertex 9.627739e+02 -6.902139e+01 1.284259e+02
      vertex 9.623033e+02 -6.902139e+01 1.285520e+02
    endloop
  endfacet
  facet normal -2.748619e-01 6.148639e-02 -9.595157e-01
    outer loop
      vertex 9.618339e+02 -6.902139e+01 1.286821e+02
      vertex 9.613655e+02 -6.902139e+01 1.288163e+02
      vertex 9.661529e+02 -6.589804e+01 1.276451e+02
    endloop
  endfacet
  facet normal 0.000000e+00 0.000000e+00 -1.000000e+00
    outer loop
      vertex 9.345563e+02 -7.917261e+01 1.458598e+02
      vertex 8.965388e+02 -7.917261e+01 1.458598e+02
      vertex 9.345563e+02 -6.589807e+01 1.458598e+02
    endloop
  endfacet
  facet normal 0.000000e+00 0.000000e+00 -1.000000e+00
    outer loop
      vertex 9.345563e+02 -6.589807e+01 1.458598e+02
      vertex 8.965388e+02 -7.917261e+01 1.458598e+02
      vertex 8.965388e+02 -6.589807e+01 1.458598e+02
    endloop
  endfacet
  facet normal 8.621021e-01 0.000000e+00 -5.067346e-01
    outer loop
      vertex 8.965388e+02 -7.917261e+01 1.458598e+02
      vertex 8.941525e+02 -7.917261e+01 1.418000e+02
      vertex 8.965388e+02 -6.589807e+01 1.458598e+02
    endloop
  endfacet
  facet normal 8.621021e-01 0.000000e+00 -5.067346e-01
    outer loop
      vertex 8.965388e+02 -6.589807e+01 1.458598e+02
      vertex 8.941525e+02 -7.917261e+01 1.418000e+02
      vertex 8.941525e+02 -6.589807e+01 1.418000e+02
    endloop
  endfacet
  facet normal 7.675146e-01 0.000000e+00 -6.410314e-01
    outer loop
      vertex 8.941525e+02 -7.917261e+01 1.418000e+02
      vertex 8.914423e+02 -7.917261e+01 1.385551e+02
      vertex 8.941525e+02 -6.589807e+01 1.418000e+02
    endloop
  endfacet
  facet normal 7.675146e-01 0.000000e+00 -6.410314e-01
    outer loop
      vertex 8.941525e+02 -6.589807e+01 1.418000e+02
      vertex 8.914423e+02 -7.917261e+01 1.385551e+02
      vertex 8.914423e+02 -6.589807e+01 1.385551e+02
    endloop
  endfacet
  facet normal 0.000000e+00 0.000000e+00 -1.000000e+00
    outer loop
      vertex 8.914423e+02 -7.917261e+01 1.385551e+02
      vertex 8.859489e+02 -7.917261e+01 1.385551e+02
      vertex 8.914423e+02 -6.589807e+01 1.385551e+02
    endloop
  endfacet
  facet normal 0.000000e+00 0.000000e+00 -1.000000e+00
    outer loop
      vertex 8.914423e+02 -6.589807e+01 1.385551e+02
      vertex 8.859489e+02 -7.917261e+01 1.385551e+02
      vertex 8.859488e+02 -6.589807e+01 1.385551e+02
    endloop
  endfacet
  facet normal -8.708950e-01 -4.004299e-06 -4.914692e-01
    outer loop
      vertex 8.859489e+02 -7.917261e+01 1.385551e+02
      vertex 8.841177e+02 -7.917261e+01 1.418000e+02
      vertex 8.859488e+02 -6.589807e+01 1.385551e+02
    endloop
  endfacet
  facet normal -8.709020e-01 0.000000e+00 -4.914567e-01
    outer loop
      vertex 8.859488e+02 -6.589807e+01 1.385551e+02
      vertex 8.841177e+02 -7.917261e+01 1.418000e+02
      vertex 8.841177e+02 -6.589807e+01 1.418000e+02
    endloop
  endfacet
  facet normal 2.157127e-02 0.000000e+00 -9.997673e-01
    outer loop
      vertex 8.841177e+02 -7.917261e+01 1.418000e+02
      vertex 8.525850e+02 -7.917261e+01 1.411196e+02
      vertex 8.841177e+02 -6.589807e+01 1.418000e+02
    endloop
  endfacet
  facet normal 2.157127e-02 0.000000e+00 -9.997673e-01
    outer loop
      vertex 8.841177e+02 -6.589807e+01 1.418000e+02
      vertex 8.525850e+02 -7.917261e+01 1.411196e+02
      vertex 8.525850e+02 -6.589807e+01 1.411196e+02
    endloop
  endfacet
  facet normal -8.368155e-01 0.000000e+00 5.474849e-01
    outer loop
      vertex 8.594335e+02 -1.136028e+02 1.515870e+02
      vertex 8.594335e+02 -8.262344e+01 1.515870e+02
      vertex 8.588403e+02 -1.127494e+02 1.506802e+02
    endloop
  endfacet
  facet normal -8.368155e-01 0.000000e+00 5.474849e-01
    outer loop
      vertex 8.588403e+02 -1.127494e+02 1.506802e+02
      vertex 8.594335e+02 -8.262344e+01 1.515870e+02
      vertex 8.588403e+02 -8.307681e+01 1.506802e+02
    endloop
  endfacet
  facet normal -8.368033e-01 0.000000e+00 5.475037e-01
    outer loop
      vertex 8.588403e+02 -1.127494e+02 1.506802e+02
      vertex 8.588403e+02 -8.307681e+01 1.506802e+02
      vertex 8.575630e+02 -8.385770e+01 1.487281e+02
    endloop
  endfacet
  facet normal -8.367941e-01 0.000000e+00 5.475177e-01
    outer loop
      vertex 8.570521e+02 -8.541943e+01 1.479472e+02
      vertex 8.570521e+02 -1.104068e+02 1.479472e+02
      vertex 8.575630e+02 -8.385770e+01 1.487281e+02
    endloop
  endfacet
  facet normal -8.367941e-01 0.000000e+00 5.475177e-01
    outer loop
      vertex 8.575630e+02 -8.385770e+01 1.487281e+02
      vertex 8.570521e+02 -1.104068e+02 1.479472e+02
      vertex 8.575630e+02 -1.123589e+02 1.487281e+02
    endloop
  endfacet
  facet normal -8.368033e-01 0.000000e+00 5.475037e-01
    outer loop
      vertex 8.575630e+02 -8.385770e+01 1.487281e+02
      vertex 8.575630e+02 -1.123589e+02 1.487281e+02
      vertex 8.588403e+02 -1.127494e+02 1.506802e+02
    endloop
  endfacet
  facet normal -6.550087e-01 -0.000000e+00 -7.556213e-01
    outer loop
      vertex 8.177562e+02 -1.197771e+02 1.818900e+02
      vertex 8.177281e+02 -1.197771e+02 1.819144e+02
      vertex 8.177562e+02 1.238497e+02 1.818900e+02
    endloop
  endfacet
  facet normal -6.550087e-01 0.000000e+00 -7.556213e-01
    outer loop
      vertex 8.177562e+02 1.238497e+02 1.818900e+02
      vertex 8.177281e+02 -1.197771e+02 1.819144e+02
      vertex 8.177281e+02 1.238497e+02 1.819144e+02
    endloop
  endfacet
  facet normal -6.549563e-01 0.000000e+00 -7.556667e-01
    outer loop
      vertex 8.177281e+02 1.238497e+02 1.819144e+02
      vertex 8.177281e+02 -1.197771e+02 1.819144e+02
      vertex 8.168271e+02 1.242400e+02 1.826952e+02
    endloop
  endfacet
  facet normal -6.549564e-01 -0.000000e+00 -7.556667e-01
    outer loop
      vertex 8.177281e+02 1.238497e+02 1.819144e+02
      vertex 8.168271e+02 1.242400e+02 1.826952e+02
      vertex 8.177281e+02 1.246305e+02 1.819144e+02
    endloop
  endfacet
  facet normal -6.549563e-01 0.000000e+00 -7.556667e-01
    outer loop
      vertex 8.177281e+02 1.246305e+02 1.819144e+02
      vertex 8.168271e+02 1.242400e+02 1.826952e+02
      vertex 8.168271e+02 1.246305e+02 1.826952e+02
    endloop
  endfacet
  facet normal -6.549817e-01 -1.635667e-07 -7.556448e-01
    outer loop
      vertex 8.168271e+02 1.242400e+02 1.826952e+02
      vertex 8.177281e+02 -1.197771e+02 1.819144e+02
      vertex 8.168272e+02 -1.201674e+02 1.826952e+02
    endloop
  endfacet
  facet normal -6.549817e-01 0.000000e+00 -7.556447e-01
    outer loop
      vertex 8.168272e+02 -1.201674e+02 1.826952e+02
      vertex 8.177281e+02 -1.197771e+02 1.819144e+02
      vertex 8.177281e+02 -1.205580e+02 1.819144e+02
    endloop
  endfacet
  facet normal -6.549817e-01 0.000000e+00 -7.556447e-01
    outer loop
      vertex 8.168272e+02 -1.201674e+02 1.826952e+02
      vertex 8.177281e+02 -1.205580e+02 1.819144e+02
      vertex 8.168272e+02 -1.205580e+02 1.826952e+02
    endloop
  endfacet
  facet normal -6.549608e-01 -1.635614e-07 -7.556629e-01
    outer loop
      vertex 8.168272e+02 -1.201674e+02 1.826952e+02
      vertex 8.163766e+02 -1.201674e+02 1.830858e+02
      vertex 8.168271e+02 1.242400e+02 1.826952e+02
    endloop
  endfacet
  facet normal -6.549608e-01 -1.635039e-07 -7.556629e-01
    outer loop
      vertex 8.168271e+02 1.242400e+02 1.826952e+02
      vertex 8.163766e+02 -1.201674e+02 1.830858e+02
      vertex 8.163766e+02 1.242400e+02 1.830858e+02
    endloop
  endfacet
  facet normal -6.549668e-01 -1.635629e-07 -7.556577e-01
    outer loop
      vertex 8.163766e+02 1.242400e+02 1.830858e+02
      vertex 8.163766e+02 -1.201674e+02 1.830858e+02
      vertex 8.159262e+02 1.250209e+02 1.834761e+02
    endloop
  endfacet
  facet normal -6.549666e-01 -0.000000e+00 -7.556578e-01
    outer loop
      vertex 8.163766e+02 1.242400e+02 1.830858e+02
      vertex 8.159262e+02 1.250209e+02 1.834761e+02
      vertex 8.163766e+02 1.246305e+02 1.830858e+02
    endloop
  endfacet
  facet normal -6.549666e-01 -0.000000e+00 -7.556578e-01
    outer loop
      vertex 8.163766e+02 -1.205580e+02 1.830858e+02
      vertex 8.159263e+02 -1.209483e+02 1.834761e+02
      vertex 8.163766e+02 -1.201674e+02 1.830858e+02
    endloop
  endfacet
  facet normal -6.549665e-01 -1.625307e-07 -7.556580e-01
    outer loop
      vertex 8.163766e+02 -1.201674e+02 1.830858e+02
      vertex 8.159263e+02 -1.209483e+02 1.834761e+02
      vertex 8.159262e+02 1.250209e+02 1.834761e+02
    endloop
  endfacet
  facet normal -6.549584e-01 -1.625223e-07 -7.556649e-01
    outer loop
      vertex 8.159263e+02 -1.209483e+02 1.834761e+02
      vertex 8.136740e+02 -1.209483e+02 1.854282e+02
      vertex 8.159262e+02 1.250209e+02 1.834761e+02
    endloop
  endfacet
  facet normal -6.549685e-01 0.000000e+00 -7.556562e-01
    outer loop
      vertex 8.159262e+02 1.250209e+02 1.834761e+02
      vertex 8.136740e+02 -1.209483e+02 1.854282e+02
      vertex 8.136740e+02 1.250209e+02 1.854282e+02
    endloop
  endfacet
  facet normal -6.549668e-01 0.000000e+00 -7.556576e-01
    outer loop
      vertex 8.136740e+02 1.250209e+02 1.854282e+02
      vertex 8.136740e+02 -1.209483e+02 1.854282e+02
      vertex 8.031435e+02 -1.264143e+02 1.945556e+02
    endloop
  endfacet
  facet normal -6.549647e-01 -1.555682e-07 -7.556595e-01
    outer loop
      vertex 8.136740e+02 1.250209e+02 1.854282e+02
      vertex 8.031435e+02 -1.264143e+02 1.945556e+02
      vertex 8.031434e+02 1.304868e+02 1.945556e+02
    endloop
  endfacet
  facet normal -6.549668e-01 0.000000e+00 -7.556576e-01
    outer loop
      vertex 8.136740e+02 -1.209483e+02 1.854282e+02
      vertex 8.136740e+02 -1.213387e+02 1.854282e+02
      vertex 8.031435e+02 -1.264143e+02 1.945556e+02
    endloop
  endfacet
  facet normal -6.549664e-01 -1.865565e-06 -7.556580e-01
    outer loop
      vertex 8.031435e+02 -1.264143e+02 1.945556e+02
      vertex 8.136740e+02 -1.213387e+02 1.854282e+02
      vertex 8.177562e+02 -1.264143e+02 1.818900e+02
    endloop
  endfacet
  facet normal -6.549650e-01 -0.000000e+00 -7.556592e-01
    outer loop
      vertex 8.177562e+02 -1.264143e+02 1.818900e+02
      vertex 8.136740e+02 -1.213387e+02 1.854282e+02
      vertex 8.177562e+02 -1.213387e+02 1.818900e+02
    endloop
  endfacet
  facet normal -6.549647e-01 -0.000000e+00 -7.556595e-01
    outer loop
      vertex 8.136740e+02 1.250209e+02 1.854282e+02
      vertex 8.031434e+02 1.304868e+02 1.945556e+02
      vertex 8.136740e+02 1.254113e+02 1.854282e+02
    endloop
  endfacet
  facet normal -6.549647e-01 -3.886607e-07 -7.556595e-01
    outer loop
      vertex 8.136740e+02 1.254113e+02 1.854282e+02
      vertex 8.031434e+02 1.304868e+02 1.945556e+02
      vertex 8.177562e+02 1.304868e+02 1.818900e+02
    endloop
  endfacet
  facet normal -6.549650e-01 0.000000e+00 -7.556592e-01
    outer loop
      vertex 8.136740e+02 1.254113e+02 1.854282e+02
      vertex 8.177562e+02 1.304868e+02 1.818900e+02
      vertex 8.177562e+02 1.254113e+02 1.818900e+02
    endloop
  endfacet
  facet normal -7.939293e-01 0.000000e+00 -6.080101e-01
    outer loop
      vertex 8.224840e+02 -1.213387e+02 1.748868e+02
      vertex 8.224840e+02 -1.264143e+02 1.748868e+02
      vertex 8.207695e+02 -1.213387e+02 1.771256e+02
    endloop
  endfacet
  facet normal -7.939293e-01 0.000000e+00 -6.080101e-01
    outer loop
      vertex 8.207695e+02 -1.213387e+02 1.771256e+02
      vertex 8.224840e+02 -1.264143e+02 1.748868e+02
      vertex 8.207695e+02 -1.264143e+02 1.771256e+02
    endloop
  endfacet
  facet normal -8.288112e-01 0.000000e+00 -5.595283e-01
    outer loop
      vertex 8.207695e+02 -1.213387e+02 1.771256e+02
      vertex 8.207695e+02 -1.264143e+02 1.771256e+02
      vertex 8.191917e+02 -1.213387e+02 1.794628e+02
    endloop
  endfacet
  facet normal -8.288112e-01 0.000000e+00 -5.595283e-01
    outer loop
      vertex 8.191917e+02 -1.213387e+02 1.794628e+02
      vertex 8.207695e+02 -1.264143e+02 1.771256e+02
      vertex 8.191917e+02 -1.264143e+02 1.794628e+02
    endloop
  endfacet
  facet normal -8.607380e-01 0.000000e+00 -5.090481e-01
    outer loop
      vertex 8.191917e+02 -1.213387e+02 1.794628e+02
      vertex 8.191917e+02 -1.264143e+02 1.794628e+02
      vertex 8.177562e+02 -1.213387e+02 1.818900e+02
    endloop
  endfacet
  facet normal -8.607380e-01 0.000000e+00 -5.090481e-01
    outer loop
      vertex 8.177562e+02 -1.213387e+02 1.818900e+02
      vertex 8.191917e+02 -1.264143e+02 1.794628e+02
      vertex 8.177562e+02 -1.264143e+02 1.818900e+02
    endloop
  endfacet
  facet normal -5.922250e-01 -1.407022e-07 -8.057726e-01
    outer loop
      vertex 7.898859e+02 -1.264143e+02 1.974341e+02
      vertex 7.898858e+02 1.304868e+02 1.974341e+02
      vertex 7.937538e+02 -1.264143e+02 1.945912e+02
    endloop
  endfacet
  facet normal -5.922250e-01 -1.407022e-07 -8.057726e-01
    outer loop
      vertex 7.937538e+02 -1.264143e+02 1.945912e+02
      vertex 7.898858e+02 1.304868e+02 1.974341e+02
      vertex 7.937538e+02 1.304868e+02 1.945912e+02
    endloop
  endfacet
  facet normal -2.121776e-01 -5.040964e-08 -9.772311e-01
    outer loop
      vertex 7.937538e+02 -1.264143e+02 1.945912e+02
      vertex 7.937538e+02 1.304868e+02 1.945912e+02
      vertex 7.984448e+02 1.304868e+02 1.935727e+02
    endloop
  endfacet
  facet normal 2.047534e-01 4.864578e-08 -9.788136e-01
    outer loop
      vertex 8.031434e+02 1.304868e+02 1.945556e+02
      vertex 8.031435e+02 -1.264143e+02 1.945556e+02
      vertex 7.984448e+02 1.304868e+02 1.935727e+02
    endloop
  endfacet
  facet normal 2.047508e-01 0.000000e+00 -9.788141e-01
    outer loop
      vertex 7.984448e+02 1.304868e+02 1.935727e+02
      vertex 8.031435e+02 -1.264143e+02 1.945556e+02
      vertex 7.984448e+02 -1.264143e+02 1.935727e+02
    endloop
  endfacet
  facet normal -2.121802e-01 0.000000e+00 -9.772305e-01
    outer loop
      vertex 7.984448e+02 1.304868e+02 1.935727e+02
      vertex 7.984448e+02 -1.264143e+02 1.935727e+02
      vertex 7.937538e+02 -1.264143e+02 1.945912e+02
    endloop
  endfacet
  facet normal -9.944197e-01 0.000000e+00 1.054961e-01
    outer loop
      vertex 7.791819e+02 1.304868e+02 2.114939e+02
      vertex 7.801444e+02 -1.264143e+02 2.205667e+02
      vertex 7.801444e+02 1.304868e+02 2.205667e+02
    endloop
  endfacet
  facet normal -9.019325e-01 0.000000e+00 4.318769e-01
    outer loop
      vertex 7.801444e+02 1.304868e+02 2.205667e+02
      vertex 7.801444e+02 -1.264143e+02 2.205667e+02
      vertex 7.815443e+02 1.403937e+02 2.234902e+02
    endloop
  endfacet
  facet normal -9.019325e-01 0.000000e+00 4.318769e-01
    outer loop
      vertex 7.801444e+02 1.304868e+02 2.205667e+02
      vertex 7.815443e+02 1.403937e+02 2.234902e+02
      vertex 7.801444e+02 1.402475e+02 2.205667e+02
    endloop
  endfacet
  facet normal -9.944197e-01 0.000000e+00 1.054961e-01
    outer loop
      vertex 7.801444e+02 -1.264143e+02 2.205667e+02
      vertex 7.791819e+02 1.304868e+02 2.114939e+02
      vertex 7.791819e+02 -1.264143e+02 2.114939e+02
    endloop
  endfacet
  facet normal -9.216169e-01 -0.000000e+00 -3.881010e-01
    outer loop
      vertex 7.791819e+02 -1.264143e+02 2.114939e+02
      vertex 7.791819e+02 1.304868e+02 2.114939e+02
      vertex 7.827228e+02 1.304868e+02 2.030852e+02
    endloop
  endfacet
  facet normal -9.216169e-01 0.000000e+00 -3.881010e-01
    outer loop
      vertex 7.791819e+02 -1.264143e+02 2.114939e+02
      vertex 7.827228e+02 1.304868e+02 2.030852e+02
      vertex 7.827228e+02 -1.264143e+02 2.030852e+02
    endloop
  endfacet
  facet normal -6.193821e-01 -0.000000e+00 -7.850896e-01
    outer loop
      vertex 7.827228e+02 -1.264143e+02 2.030852e+02
      vertex 7.827228e+02 1.304868e+02 2.030852e+02
      vertex 7.898859e+02 -1.264143e+02 1.974341e+02
    endloop
  endfacet
  facet normal -6.193854e-01 -1.471550e-07 -7.850870e-01
    outer loop
      vertex 7.898859e+02 -1.264143e+02 1.974341e+02
      vertex 7.827228e+02 1.304868e+02 2.030852e+02
      vertex 7.898858e+02 1.304868e+02 1.974341e+02
    endloop
  endfacet
  facet normal -9.405767e-01 0.000000e+00 3.395812e-01
    outer loop
      vertex 7.800035e+02 -1.353941e+02 2.201764e+02
      vertex 7.801444e+02 -1.361750e+02 2.205667e+02
      vertex 7.801444e+02 -1.264143e+02 2.205667e+02
    endloop
  endfacet
  facet normal -9.019325e-01 0.000000e+00 4.318769e-01
    outer loop
      vertex 7.801444e+02 -1.264143e+02 2.205667e+02
      vertex 7.801444e+02 -1.361750e+02 2.205667e+02
      vertex 7.815443e+02 -1.363212e+02 2.234902e+02
    endloop
  endfacet
  facet normal -9.019325e-01 0.000000e+00 4.318769e-01
    outer loop
      vertex 7.801444e+02 -1.264143e+02 2.205667e+02
      vertex 7.815443e+02 -1.363212e+02 2.234902e+02
      vertex 7.815443e+02 1.403937e+02 2.234902e+02
    endloop
  endfacet
  facet normal -8.115208e-01 0.000000e+00 5.843236e-01
    outer loop
      vertex 7.815443e+02 1.403937e+02 2.234902e+02
      vertex 7.815443e+02 -1.363212e+02 2.234902e+02
      vertex 7.834382e+02 1.405253e+02 2.261206e+02
    endloop
  endfacet
  facet normal -8.115208e-01 0.000000e+00 5.843236e-01
    outer loop
      vertex 7.834382e+02 1.405253e+02 2.261206e+02
      vertex 7.815443e+02 -1.363212e+02 2.234902e+02
      vertex 7.834382e+02 -1.364527e+02 2.261206e+02
    endloop
  endfacet
  facet normal -6.956033e-01 0.000000e+00 7.184260e-01
    outer loop
      vertex 7.834382e+02 1.405253e+02 2.261206e+02
      vertex 7.834382e+02 -1.364527e+02 2.261206e+02
      vertex 7.857668e+02 1.406381e+02 2.283752e+02
    endloop
  endfacet
  facet normal -6.956033e-01 0.000000e+00 7.184260e-01
    outer loop
      vertex 7.857668e+02 1.406381e+02 2.283752e+02
      vertex 7.834382e+02 -1.364527e+02 2.261206e+02
      vertex 7.857668e+02 -1.365655e+02 2.283752e+02
    endloop
  endfacet
  facet normal -6.246951e-01 0.000000e+00 7.808688e-01
    outer loop
      vertex 7.857668e+02 1.406381e+02 2.283752e+02
      vertex 7.857668e+02 -1.365655e+02 2.283752e+02
      vertex 7.859319e+02 1.410284e+02 2.285073e+02
    endloop
  endfacet
  facet normal -6.246951e-01 0.000000e+00 7.808688e-01
    outer loop
      vertex 7.859319e+02 1.410284e+02 2.285073e+02
      vertex 7.857668e+02 -1.365655e+02 2.283752e+02
      vertex 7.859319e+02 -1.369559e+02 2.285073e+02
    endloop
  endfacet
  facet normal -6.156384e-01 0.000000e+00 7.880287e-01
    outer loop
      vertex 7.859319e+02 1.410284e+02 2.285073e+02
      vertex 7.859319e+02 -1.369559e+02 2.285073e+02
      vertex 7.860985e+02 1.410284e+02 2.286374e+02
    endloop
  endfacet
  facet normal -6.154984e-01 -1.351409e-07 7.881382e-01
    outer loop
      vertex 7.860985e+02 1.410284e+02 2.286374e+02
      vertex 7.859319e+02 -1.369559e+02 2.285073e+02
      vertex 7.860986e+02 -1.369559e+02 2.286374e+02
    endloop
  endfacet
  facet normal -6.065389e-01 -1.331737e-07 7.950538e-01
    outer loop
      vertex 7.860985e+02 1.410284e+02 2.286374e+02
      vertex 7.860986e+02 -1.369559e+02 2.286374e+02
      vertex 7.862666e+02 1.410284e+02 2.287657e+02
    endloop
  endfacet
  facet normal -6.065389e-01 -1.331737e-07 7.950538e-01
    outer loop
      vertex 7.862666e+02 1.410284e+02 2.287657e+02
      vertex 7.860986e+02 -1.369559e+02 2.286374e+02
      vertex 7.862667e+02 -1.369559e+02 2.287657e+02
    endloop
  endfacet
  facet normal -5.969549e-01 -1.310694e-07 8.022748e-01
    outer loop
      vertex 7.862666e+02 1.410284e+02 2.287657e+02
      vertex 7.862667e+02 -1.369559e+02 2.287657e+02
      vertex 7.864444e+02 1.414189e+02 2.288979e+02
    endloop
  endfacet
  facet normal -5.969553e-01 -1.307023e-07 8.022745e-01
    outer loop
      vertex 7.864444e+02 1.414189e+02 2.288979e+02
      vertex 7.862667e+02 -1.369559e+02 2.287657e+02
      vertex 7.864445e+02 -1.373463e+02 2.288979e+02
    endloop
  endfacet
  facet normal -5.872789e-01 -1.285837e-07 8.093846e-01
    outer loop
      vertex 7.864444e+02 1.414189e+02 2.288979e+02
      vertex 7.864445e+02 -1.373463e+02 2.288979e+02
      vertex 7.866238e+02 1.414189e+02 2.290281e+02
    endloop
  endfacet
  facet normal -5.872789e-01 -1.285837e-07 8.093846e-01
    outer loop
      vertex 7.866238e+02 1.414189e+02 2.290281e+02
      vertex 7.864445e+02 -1.373463e+02 2.288979e+02
      vertex 7.866238e+02 -1.373463e+02 2.290281e+02
    endloop
  endfacet
  facet normal -5.773371e-01 -1.264069e-07 8.165058e-01
    outer loop
      vertex 7.866238e+02 1.414189e+02 2.290281e+02
      vertex 7.866238e+02 -1.373463e+02 2.290281e+02
      vertex 7.868047e+02 1.414189e+02 2.291561e+02
    endloop
  endfacet
  facet normal -5.774670e-01 0.000000e+00 8.164141e-01
    outer loop
      vertex 7.868047e+02 1.414189e+02 2.291561e+02
      vertex 7.866238e+02 -1.373463e+02 2.290281e+02
      vertex 7.868047e+02 -1.373463e+02 2.291561e+02
    endloop
  endfacet
  facet normal -5.643501e-01 0.000000e+00 8.255355e-01
    outer loop
      vertex 7.868047e+02 1.414189e+02 2.291561e+02
      vertex 7.868047e+02 -1.373463e+02 2.291561e+02
      vertex 7.871024e+02 1.416224e+02 2.293596e+02
    endloop
  endfacet
  facet normal -5.642713e-01 -1.233661e-07 8.255894e-01
    outer loop
      vertex 7.871024e+02 1.416224e+02 2.293596e+02
      vertex 7.868047e+02 -1.373463e+02 2.291561e+02
      vertex 7.871025e+02 -1.375498e+02 2.293596e+02
    endloop
  endfacet
  facet normal -9.405767e-01 0.000000e+00 3.395812e-01
    outer loop
      vertex 7.800035e+02 -1.353941e+02 2.201764e+02
      vertex 7.800035e+02 -1.357846e+02 2.201764e+02
      vertex 7.801444e+02 -1.361750e+02 2.205667e+02
    endloop
  endfacet
  facet normal -6.246951e-01 0.000000e+00 7.808688e-01
    outer loop
      vertex 7.857668e+02 -1.365655e+02 2.283752e+02
      vertex 7.857668e+02 -1.369559e+02 2.283752e+02
      vertex 7.859319e+02 -1.369559e+02 2.285073e+02
    endloop
  endfacet
  facet normal -5.969552e-01 0.000000e+00 8.022746e-01
    outer loop
      vertex 7.862667e+02 -1.369559e+02 2.287657e+02
      vertex 7.862667e+02 -1.373463e+02 2.287657e+02
      vertex 7.864445e+02 -1.373463e+02 2.288979e+02
    endloop
  endfacet
  facet normal -5.969552e-01 0.000000e+00 8.022746e-01
    outer loop
      vertex 7.864444e+02 1.414189e+02 2.288979e+02
      vertex 7.862666e+02 1.414189e+02 2.287657e+02
      vertex 7.862666e+02 1.410284e+02 2.287657e+02
    endloop
  endfacet
  facet normal -6.246951e-01 0.000000e+00 7.808688e-01
    outer loop
      vertex 7.859319e+02 1.410284e+02 2.285073e+02
      vertex 7.857668e+02 1.410284e+02 2.283752e+02
      vertex 7.857668e+02 1.406381e+02 2.283752e+02
    endloop
  endfacet
  facet normal -9.405767e-01 0.000000e+00 3.395812e-01
    outer loop
      vertex 7.800035e+02 1.398572e+02 2.201764e+02
      vertex 7.800035e+02 1.394667e+02 2.201764e+02
      vertex 7.801444e+02 1.402475e+02 2.205667e+02
    endloop
  endfacet
  facet normal -9.405767e-01 0.000000e+00 3.395812e-01
    outer loop
      vertex 7.801444e+02 1.402475e+02 2.205667e+02
      vertex 7.800035e+02 1.394667e+02 2.201764e+02
      vertex 7.801444e+02 1.304868e+02 2.205667e+02
    endloop
  endfacet
  facet normal 9.209078e-01 0.000000e+00 -3.897805e-01
    outer loop
      vertex 7.771152e+02 1.410284e+02 2.283752e+02
      vertex 7.771732e+02 1.410284e+02 2.285122e+02
      vertex 7.771152e+02 1.406381e+02 2.283752e+02
    endloop
  endfacet
  facet normal 9.209076e-01 2.021975e-07 -3.897810e-01
    outer loop
      vertex 7.771152e+02 1.406381e+02 2.283752e+02
      vertex 7.771732e+02 1.410284e+02 2.285122e+02
      vertex 7.771733e+02 -1.369559e+02 2.285122e+02
    endloop
  endfacet
  facet normal 9.207605e-01 0.000000e+00 -3.901284e-01
    outer loop
      vertex 7.771152e+02 1.406381e+02 2.283752e+02
      vertex 7.771733e+02 -1.369559e+02 2.285122e+02
      vertex 7.771152e+02 -1.365655e+02 2.283752e+02
    endloop
  endfacet
  facet normal 9.207605e-01 0.000000e+00 -3.901284e-01
    outer loop
      vertex 7.771152e+02 -1.365655e+02 2.283752e+02
      vertex 7.771733e+02 -1.369559e+02 2.285122e+02
      vertex 7.771152e+02 -1.369559e+02 2.283752e+02
    endloop
  endfacet
  facet normal 8.777230e-01 1.927158e-07 -4.791683e-01
    outer loop
      vertex 7.771733e+02 -1.369559e+02 2.285122e+02
      vertex 7.771732e+02 1.410284e+02 2.285122e+02
      vertex 7.772446e+02 -1.369559e+02 2.286428e+02
    endloop
  endfacet
  facet normal 8.777230e-01 1.927158e-07 -4.791683e-01
    outer loop
      vertex 7.772446e+02 -1.369559e+02 2.286428e+02
      vertex 7.771732e+02 1.410284e+02 2.285122e+02
      vertex 7.772445e+02 1.410284e+02 2.286428e+02
    endloop
  endfacet
  facet normal 8.259408e-01 1.813463e-07 -5.637569e-01
    outer loop
      vertex 7.772446e+02 -1.369559e+02 2.286428e+02
      vertex 7.772445e+02 1.410284e+02 2.286428e+02
      vertex 7.773284e+02 -1.369559e+02 2.287657e+02
    endloop
  endfacet
  facet normal 8.257498e-01 0.000000e+00 -5.640367e-01
    outer loop
      vertex 7.773284e+02 -1.369559e+02 2.287657e+02
      vertex 7.772445e+02 1.410284e+02 2.286428e+02
      vertex 7.773284e+02 1.410284e+02 2.287657e+02
    endloop
  endfacet
  facet normal 7.554035e-01 0.000000e+00 -6.552600e-01
    outer loop
      vertex 7.773284e+02 -1.369559e+02 2.287657e+02
      vertex 7.773284e+02 1.410284e+02 2.287657e+02
      vertex 7.774578e+02 -1.373463e+02 2.289148e+02
    endloop
  endfacet
  facet normal 7.554035e-01 0.000000e+00 -6.552600e-01
    outer loop
      vertex 7.774578e+02 -1.373463e+02 2.289148e+02
      vertex 7.773284e+02 1.410284e+02 2.287657e+02
      vertex 7.774578e+02 1.414189e+02 2.289148e+02
    endloop
  endfacet
  facet normal 6.628472e-01 0.000000e+00 -7.487547e-01
    outer loop
      vertex 7.774578e+02 -1.373463e+02 2.289148e+02
      vertex 7.774578e+02 1.414189e+02 2.289148e+02
      vertex 7.776057e+02 -1.373463e+02 2.290457e+02
    endloop
  endfacet
  facet normal 6.630006e-01 1.451628e-07 -7.486188e-01
    outer loop
      vertex 7.776057e+02 -1.373463e+02 2.290457e+02
      vertex 7.774578e+02 1.414189e+02 2.289148e+02
      vertex 7.776057e+02 1.414189e+02 2.290457e+02
    endloop
  endfacet
  facet normal 5.587240e-01 1.223316e-07 -8.293536e-01
    outer loop
      vertex 7.776057e+02 -1.373463e+02 2.290457e+02
      vertex 7.776057e+02 1.414189e+02 2.290457e+02
      vertex 7.777695e+02 -1.373463e+02 2.291561e+02
    endloop
  endfacet
  facet normal 5.585809e-01 0.000000e+00 -8.294501e-01
    outer loop
      vertex 7.777695e+02 -1.373463e+02 2.291561e+02
      vertex 7.776057e+02 1.414189e+02 2.290457e+02
      vertex 7.777695e+02 1.414189e+02 2.291561e+02
    endloop
  endfacet
  facet normal 2.604329e-01 0.000000e+00 -9.654920e-01
    outer loop
      vertex 7.777695e+02 -1.373463e+02 2.291561e+02
      vertex 7.777695e+02 1.414189e+02 2.291561e+02
      vertex 7.785239e+02 -1.375498e+02 2.293596e+02
    endloop
  endfacet
  facet normal 2.604525e-01 5.694248e-08 -9.654866e-01
    outer loop
      vertex 7.785239e+02 -1.375498e+02 2.293596e+02
      vertex 7.777695e+02 1.414189e+02 2.291561e+02
      vertex 7.785238e+02 1.416224e+02 2.293596e+02
    endloop
  endfacet
  facet normal 7.554035e-01 0.000000e+00 -6.552600e-01
    outer loop
      vertex 7.773284e+02 1.410284e+02 2.287657e+02
      vertex 7.773284e+02 1.414189e+02 2.287657e+02
      vertex 7.774578e+02 1.414189e+02 2.289148e+02
    endloop
  endfacet
  facet normal 7.554035e-01 0.000000e+00 -6.552600e-01
    outer loop
      vertex 7.774578e+02 -1.373463e+02 2.289148e+02
      vertex 7.773284e+02 -1.373463e+02 2.287657e+02
      vertex 7.773284e+02 -1.369559e+02 2.287657e+02
    endloop
  endfacet
  facet normal 9.446128e-01 0.000000e+00 -3.281869e-01
    outer loop
      vertex 7.771152e+02 1.406381e+02 2.283752e+02
      vertex 7.771152e+02 -1.365655e+02 2.283752e+02
      vertex 7.770989e+02 1.406357e+02 2.283283e+02
    endloop
  endfacet
  facet normal 9.446128e-01 0.000000e+00 -3.281869e-01
    outer loop
      vertex 7.770989e+02 1.406357e+02 2.283283e+02
      vertex 7.771152e+02 -1.365655e+02 2.283752e+02
      vertex 7.770989e+02 -1.365631e+02 2.283283e+02
    endloop
  endfacet
  facet normal 9.551121e-01 0.000000e+00 -2.962446e-01
    outer loop
      vertex 7.770989e+02 1.406357e+02 2.283283e+02
      vertex 7.770989e+02 -1.365631e+02 2.283283e+02
      vertex 7.770842e+02 1.406333e+02 2.282809e+02
    endloop
  endfacet
  facet normal 9.551121e-01 0.000000e+00 -2.962446e-01
    outer loop
      vertex 7.770842e+02 1.406333e+02 2.282809e+02
      vertex 7.770989e+02 -1.365631e+02 2.283283e+02
      vertex 7.770842e+02 -1.365608e+02 2.282809e+02
    endloop
  endfacet
  facet normal 9.641229e-01 0.000000e+00 -2.654564e-01
    outer loop
      vertex 7.770842e+02 1.406333e+02 2.282809e+02
      vertex 7.770842e+02 -1.365608e+02 2.282809e+02
      vertex 7.770710e+02 1.406309e+02 2.282330e+02
    endloop
  endfacet
  facet normal 9.641229e-01 0.000000e+00 -2.654564e-01
    outer loop
      vertex 7.770710e+02 1.406309e+02 2.282330e+02
      vertex 7.770842e+02 -1.365608e+02 2.282809e+02
      vertex 7.770710e+02 -1.365584e+02 2.282330e+02
    endloop
  endfacet
  facet normal 9.685122e-01 0.000000e+00 -2.489662e-01
    outer loop
      vertex 7.770710e+02 1.406309e+02 2.282330e+02
      vertex 7.770710e+02 -1.365584e+02 2.282330e+02
      vertex 7.760422e+02 1.404308e+02 2.242306e+02
    endloop
  endfacet
  facet normal 9.685158e-01 2.135689e-07 -2.489523e-01
    outer loop
      vertex 7.760422e+02 1.404308e+02 2.242306e+02
      vertex 7.770710e+02 -1.365584e+02 2.282330e+02
      vertex 7.760422e+02 -1.363582e+02 2.242306e+02
    endloop
  endfacet
  facet normal -1.000000e+00 -2.205115e-07 1.102785e-08
    outer loop
      vertex 7.760422e+02 1.404308e+02 2.242306e+02
      vertex 7.760422e+02 -1.363582e+02 2.242306e+02
      vertex 7.760422e+02 1.406381e+02 2.283752e+02
    endloop
  endfacet
  facet normal -1.000000e+00 -2.201817e-07 -1.101136e-08
    outer loop
      vertex 7.760422e+02 1.406381e+02 2.283752e+02
      vertex 7.760422e+02 -1.363582e+02 2.242306e+02
      vertex 7.760422e+02 -1.365655e+02 2.283752e+02
    endloop
  endfacet
  facet normal -1.000000e+00 -2.201817e-07 2.201473e-07
    outer loop
      vertex 7.760422e+02 1.406381e+02 2.283752e+02
      vertex 7.760422e+02 -1.365655e+02 2.283752e+02
      vertex 7.760422e+02 1.410284e+02 2.287657e+02
    endloop
  endfacet
  facet normal -1.000000e+00 -2.195633e-07 -2.195461e-07
    outer loop
      vertex 7.760422e+02 1.410284e+02 2.287657e+02
      vertex 7.760422e+02 -1.365655e+02 2.283752e+02
      vertex 7.760422e+02 -1.369559e+02 2.287657e+02
    endloop
  endfacet
  facet normal -1.000000e+00 -2.195633e-07 1.097859e-07
    outer loop
      vertex 7.760422e+02 1.410284e+02 2.287657e+02
      vertex 7.760422e+02 -1.369559e+02 2.287657e+02
      vertex 7.760422e+02 1.418093e+02 2.303274e+02
    endloop
  endfacet
  facet normal -1.000000e+00 -2.183366e-07 -1.091726e-07
    outer loop
      vertex 7.760422e+02 1.418093e+02 2.303274e+02
      vertex 7.760422e+02 -1.369559e+02 2.287657e+02
      vertex 7.760422e+02 -1.377368e+02 2.303274e+02
    endloop
  endfacet
  facet normal -1.000000e+00 -2.183366e-07 3.872869e-09
    outer loop
      vertex 7.760422e+02 1.418093e+02 2.303274e+02
      vertex 7.760422e+02 -1.377368e+02 2.303274e+02
      vertex 7.760422e+02 1.421997e+02 2.523354e+02
    endloop
  endfacet
  facet normal -1.000000e+00 -2.177286e-07 -3.861781e-09
    outer loop
      vertex 7.760422e+02 1.421997e+02 2.523354e+02
      vertex 7.760422e+02 -1.377368e+02 2.303274e+02
      vertex 7.760422e+02 -1.381271e+02 2.523354e+02
    endloop
  endfacet
  facet normal -1.000000e+00 0.000000e+00 0.000000e+00
    outer loop
      vertex 7.760422e+02 -1.381271e+02 2.523354e+02
      vertex 7.760422e+02 -1.377368e+02 2.303274e+02
      vertex 7.760422e+02 -1.381272e+02 2.303274e+02
    endloop
  endfacet
  facet normal -1.000000e+00 0.000000e+00 0.000000e+00
    outer loop
      vertex 7.760422e+02 -1.365655e+02 2.283752e+02
      vertex 7.760422e+02 -1.369559e+02 2.283752e+02
      vertex 7.760422e+02 -1.369559e+02 2.287657e+02
    endloop
  endfacet
  facet normal -1.000000e+00 -0.000000e+00 -0.000000e+00
    outer loop
      vertex 7.760422e+02 -1.373463e+02 2.287657e+02
      vertex 7.760422e+02 -1.373463e+02 2.291561e+02
      vertex 7.760422e+02 -1.369559e+02 2.287657e+02
    endloop
  endfacet
  facet normal -1.000000e+00 0.000000e+00 0.000000e+00
    outer loop
      vertex 7.760422e+02 -1.369559e+02 2.287657e+02
      vertex 7.760422e+02 -1.373463e+02 2.291561e+02
      vertex 7.760422e+02 -1.377368e+02 2.303274e+02
    endloop
  endfacet
  facet normal -1.000000e+00 0.000000e+00 0.000000e+00
    outer loop
      vertex 7.760422e+02 -1.373463e+02 2.291561e+02
      vertex 7.760422e+02 -1.377368e+02 2.295465e+02
      vertex 7.760422e+02 -1.377368e+02 2.303274e+02
    endloop
  endfacet
  facet normal -1.000000e+00 0.000000e+00 0.000000e+00
    outer loop
      vertex 7.760422e+02 1.421997e+02 2.523354e+02
      vertex 7.760422e+02 1.421998e+02 2.303274e+02
      vertex 7.760422e+02 1.418093e+02 2.303274e+02
    endloop
  endfacet
  facet normal -1.000000e+00 0.000000e+00 0.000000e+00
    outer loop
      vertex 7.760422e+02 1.418093e+02 2.295465e+02
      vertex 7.760422e+02 1.414189e+02 2.291561e+02
      vertex 7.760422e+02 1.418093e+02 2.303274e+02
    endloop
  endfacet
  facet normal -1.000000e+00 0.000000e+00 0.000000e+00
    outer loop
      vertex 7.760422e+02 1.418093e+02 2.303274e+02
      vertex 7.760422e+02 1.414189e+02 2.291561e+02
      vertex 7.760422e+02 1.410284e+02 2.287657e+02
    endloop
  endfacet
  facet normal -1.000000e+00 0.000000e+00 0.000000e+00
    outer loop
      vertex 7.760422e+02 1.414189e+02 2.291561e+02
      vertex 7.760422e+02 1.414189e+02 2.287657e+02
      vertex 7.760422e+02 1.410284e+02 2.287657e+02
    endloop
  endfacet
  facet normal -1.000000e+00 0.000000e+00 0.000000e+00
    outer loop
      vertex 7.760422e+02 1.410284e+02 2.287657e+02
      vertex 7.760422e+02 1.410284e+02 2.283752e+02
      vertex 7.760422e+02 1.406381e+02 2.283752e+02
    endloop
  endfacet
  facet normal 0.000000e+00 0.000000e+00 -1.000000e+00
    outer loop
      vertex 7.785238e+02 1.416224e+02 2.293596e+02
      vertex 7.871024e+02 1.416224e+02 2.293596e+02
      vertex 7.785239e+02 -1.375498e+02 2.293596e+02
    endloop
  endfacet
  facet normal -0.000000e+00 0.000000e+00 -1.000000e+00
    outer loop
      vertex 7.785239e+02 -1.375498e+02 2.293596e+02
      vertex 7.871024e+02 1.416224e+02 2.293596e+02
      vertex 7.871025e+02 -1.375498e+02 2.293596e+02
    endloop
  endfacet
  facet normal 9.466513e-01 2.061130e-07 3.222595e-01
    outer loop
      vertex 7.760422e+02 -1.381271e+02 2.523354e+02
      vertex 7.770146e+02 -1.381271e+02 2.494791e+02
      vertex 7.760422e+02 1.421997e+02 2.523354e+02
    endloop
  endfacet
  facet normal 9.466452e-01 0.000000e+00 3.222777e-01
    outer loop
      vertex 7.760422e+02 1.421997e+02 2.523354e+02
      vertex 7.770146e+02 -1.381271e+02 2.494791e+02
      vertex 7.770146e+02 1.421997e+02 2.494791e+02
    endloop
  endfacet
  facet normal 8.601613e-01 -0.000000e+00 5.100220e-01
    outer loop
      vertex 7.770146e+02 1.421997e+02 2.494791e+02
      vertex 7.770146e+02 -1.381271e+02 2.494791e+02
      vertex 7.773292e+02 1.421997e+02 2.489485e+02
    endloop
  endfacet
  facet normal 8.601613e-01 -0.000000e+00 5.100220e-01
    outer loop
      vertex 7.773292e+02 1.421997e+02 2.489485e+02
      vertex 7.770146e+02 -1.381271e+02 2.494791e+02
      vertex 7.773292e+02 -1.381271e+02 2.489485e+02
    endloop
  endfacet
  facet normal 5.821223e-01 -0.000000e+00 8.131012e-01
    outer loop
      vertex 7.773292e+02 1.421997e+02 2.489485e+02
      vertex 7.773292e+02 -1.381271e+02 2.489485e+02
      vertex 7.778308e+02 -1.381271e+02 2.485894e+02
    endloop
  endfacet
  facet normal 2.056290e-01 4.477131e-08 9.786300e-01
    outer loop
      vertex 7.784346e+02 -1.381271e+02 2.484625e+02
      vertex 7.784345e+02 1.421997e+02 2.484625e+02
      vertex 7.778308e+02 -1.381271e+02 2.485894e+02
    endloop
  endfacet
  facet normal 2.056489e-01 0.000000e+00 9.786258e-01
    outer loop
      vertex 7.778308e+02 -1.381271e+02 2.485894e+02
      vertex 7.784345e+02 1.421997e+02 2.484625e+02
      vertex 7.778308e+02 1.421997e+02 2.485894e+02
    endloop
  endfacet
  facet normal 5.821223e-01 0.000000e+00 8.131012e-01
    outer loop
      vertex 7.778308e+02 -1.381271e+02 2.485894e+02
      vertex 7.778308e+02 1.421997e+02 2.485894e+02
      vertex 7.773292e+02 1.421997e+02 2.489485e+02
    endloop
  endfacet
  facet normal 0.000000e+00 0.000000e+00 1.000000e+00
    outer loop
      vertex 7.883110e+02 1.421997e+02 2.484625e+02
      vertex 7.784345e+02 1.421997e+02 2.484625e+02
      vertex 7.883110e+02 -1.381271e+02 2.484625e+02
    endloop
  endfacet
  facet normal -0.000000e+00 0.000000e+00 1.000000e+00
    outer loop
      vertex 7.883110e+02 -1.381271e+02 2.484625e+02
      vertex 7.784345e+02 1.421997e+02 2.484625e+02
      vertex 7.784346e+02 -1.381271e+02 2.484625e+02
    endloop
  endfacet
  facet normal -1.000000e+00 0.000000e+00 0.000000e+00
    outer loop
      vertex 7.883110e+02 1.421997e+02 2.484625e+02
      vertex 7.883110e+02 -1.381271e+02 2.484625e+02
      vertex 7.883110e+02 1.421997e+02 2.486896e+02
    endloop
  endfacet
  facet normal -1.000000e+00 0.000000e+00 0.000000e+00
    outer loop
      vertex 7.883110e+02 1.421997e+02 2.486896e+02
      vertex 7.883110e+02 -1.381271e+02 2.484625e+02
      vertex 7.883110e+02 -1.381271e+02 2.486896e+02
    endloop
  endfacet
  facet normal -2.588147e-01 0.000000e+00 9.659270e-01
    outer loop
      vertex 7.898110e+02 -1.381271e+02 2.501896e+02
      vertex 7.898110e+02 1.421997e+02 2.501896e+02
      vertex 7.890610e+02 -1.381271e+02 2.499887e+02
    endloop
  endfacet
  facet normal -2.588147e-01 0.000000e+00 9.659270e-01
    outer loop
      vertex 7.890610e+02 -1.381271e+02 2.499887e+02
      vertex 7.898110e+02 1.421997e+02 2.501896e+02
      vertex 7.890610e+02 1.421997e+02 2.499887e+02
    endloop
  endfacet
  facet normal -7.071264e-01 0.000000e+00 7.070872e-01
    outer loop
      vertex 7.890610e+02 -1.381271e+02 2.499887e+02
      vertex 7.890610e+02 1.421997e+02 2.499887e+02
      vertex 7.885120e+02 -1.381271e+02 2.494396e+02
    endloop
  endfacet
  facet normal -7.070871e-01 -1.539531e-07 7.071264e-01
    outer loop
      vertex 7.885120e+02 -1.381271e+02 2.494396e+02
      vertex 7.890610e+02 1.421997e+02 2.499887e+02
      vertex 7.885120e+02 1.421997e+02 2.494396e+02
    endloop
  endfacet
  facet normal -9.659172e-01 -2.103077e-07 2.588513e-01
    outer loop
      vertex 7.885120e+02 -1.381271e+02 2.494396e+02
      vertex 7.885120e+02 1.421997e+02 2.494396e+02
      vertex 7.883110e+02 -1.381271e+02 2.486896e+02
    endloop
  endfacet
  facet normal -9.659368e-01 0.000000e+00 2.587780e-01
    outer loop
      vertex 7.883110e+02 -1.381271e+02 2.486896e+02
      vertex 7.885120e+02 1.421997e+02 2.494396e+02
      vertex 7.883110e+02 1.421997e+02 2.486896e+02
    endloop
  endfacet
  facet normal 0.000000e+00 0.000000e+00 1.000000e+00
    outer loop
      vertex 8.263680e+02 1.421997e+02 2.501896e+02
      vertex 7.898110e+02 1.421997e+02 2.501896e+02
      vertex 8.263680e+02 -1.381271e+02 2.501896e+02
    endloop
  endfacet
  facet normal -0.000000e+00 0.000000e+00 1.000000e+00
    outer loop
      vertex 8.263680e+02 -1.381271e+02 2.501896e+02
      vertex 7.898110e+02 1.421997e+02 2.501896e+02
      vertex 7.898110e+02 -1.381271e+02 2.501896e+02
    endloop
  endfacet
  facet normal -9.999636e-01 0.000000e+00 -8.535246e-03
    outer loop
      vertex 8.263680e+02 1.421997e+02 2.501896e+02
      vertex 8.263680e+02 -1.381271e+02 2.501896e+02
      vertex 8.263260e+02 1.421997e+02 2.551093e+02
    endloop
  endfacet
  facet normal -9.999636e-01 0.000000e+00 -8.535246e-03
    outer loop
      vertex 8.263260e+02 1.421997e+02 2.551093e+02
      vertex 8.263680e+02 -1.381271e+02 2.501896e+02
      vertex 8.263260e+02 -1.381271e+02 2.551093e+02
    endloop
  endfacet
  facet normal 0.000000e+00 0.000000e+00 -1.000000e+00
    outer loop
      vertex 8.008362e+02 1.421997e+02 2.551093e+02
      vertex 8.263260e+02 1.421997e+02 2.551093e+02
      vertex 8.008362e+02 -1.381271e+02 2.551093e+02
    endloop
  endfacet
  facet normal -0.000000e+00 0.000000e+00 -1.000000e+00
    outer loop
      vertex 8.008362e+02 -1.381271e+02 2.551093e+02
      vertex 8.263260e+02 1.421997e+02 2.551093e+02
      vertex 8.263260e+02 -1.381271e+02 2.551093e+02
    endloop
  endfacet
  facet normal -1.000000e+00 -2.177285e-07 -0.000000e+00
    outer loop
      vertex 8.008362e+02 1.421997e+02 2.551093e+02
      vertex 8.008362e+02 -1.381271e+02 2.551093e+02
      vertex 8.008362e+02 1.421997e+02 2.575750e+02
    endloop
  endfacet
  facet normal -1.000000e+00 -2.177285e-07 0.000000e+00
    outer loop
      vertex 8.008362e+02 1.421997e+02 2.575750e+02
      vertex 8.008362e+02 -1.381271e+02 2.551093e+02
      vertex 8.008362e+02 -1.381271e+02 2.575750e+02
    endloop
  endfacet
  facet normal -2.276072e-01 -4.955659e-08 9.737530e-01
    outer loop
      vertex 8.016671e+02 -1.381271e+02 2.583745e+02
      vertex 8.016671e+02 1.421997e+02 2.583745e+02
      vertex 8.012542e+02 -1.381271e+02 2.582779e+02
    endloop
  endfacet
  facet normal -2.276391e-01 0.000000e+00 9.737456e-01
    outer loop
      vertex 8.012542e+02 -1.381271e+02 2.582779e+02
      vertex 8.016671e+02 1.421997e+02 2.583745e+02
      vertex 8.012542e+02 1.421997e+02 2.582779e+02
    endloop
  endfacet
  facet normal -6.933733e-01 0.000000e+00 7.205786e-01
    outer loop
      vertex 8.012542e+02 -1.381271e+02 2.582779e+02
      vertex 8.012542e+02 1.421997e+02 2.582779e+02
      vertex 8.009486e+02 -1.381271e+02 2.579839e+02
    endloop
  endfacet
  facet normal -6.933733e-01 0.000000e+00 7.205786e-01
    outer loop
      vertex 8.009486e+02 -1.381271e+02 2.579839e+02
      vertex 8.012542e+02 1.421997e+02 2.582779e+02
      vertex 8.009486e+02 1.421997e+02 2.579839e+02
    endloop
  endfacet
  facet normal -9.642504e-01 0.000000e+00 2.649926e-01
    outer loop
      vertex 8.009486e+02 -1.381271e+02 2.579839e+02
      vertex 8.009486e+02 1.421997e+02 2.579839e+02
      vertex 8.008362e+02 -1.381271e+02 2.575750e+02
    endloop
  endfacet
  facet normal -9.642137e-01 -2.099368e-07 2.651264e-01
    outer loop
      vertex 8.008362e+02 -1.381271e+02 2.575750e+02
      vertex 8.009486e+02 1.421997e+02 2.579839e+02
      vertex 8.008362e+02 1.421997e+02 2.575750e+02
    endloop
  endfacet
  facet normal 3.859621e-02 8.403497e-09 9.992549e-01
    outer loop
      vertex 8.157419e+02 1.421997e+02 2.578308e+02
      vertex 8.016671e+02 1.421997e+02 2.583745e+02
      vertex 8.157419e+02 -1.381271e+02 2.578308e+02
    endloop
  endfacet
  facet normal 3.859621e-02 8.453501e-09 9.992549e-01
    outer loop
      vertex 8.157419e+02 -1.381271e+02 2.578308e+02
      vertex 8.016671e+02 1.421997e+02 2.583745e+02
      vertex 8.016671e+02 -1.381271e+02 2.583745e+02
    endloop
  endfacet
  facet normal 0.000000e+00 0.000000e+00 1.000000e+00
    outer loop
      vertex 8.157419e+02 -1.381271e+02 2.578308e+02
      vertex 8.263260e+02 -1.381271e+02 2.578308e+02
      vertex 8.157419e+02 1.421997e+02 2.578308e+02
    endloop
  endfacet
  facet normal 0.000000e+00 0.000000e+00 1.000000e+00
    outer loop
      vertex 8.157419e+02 1.421997e+02 2.578308e+02
      vertex 8.263260e+02 -1.381271e+02 2.578308e+02
      vertex 8.263260e+02 1.421997e+02 2.578308e+02
    endloop
  endfacet
  facet normal -1.000000e+00 0.000000e+00 0.000000e+00
    outer loop
      vertex 8.263260e+02 1.421997e+02 2.578308e+02
      vertex 8.263260e+02 -1.381271e+02 2.578308e+02
      vertex 8.263260e+02 1.421996e+02 2.600290e+02
    endloop
  endfacet
  facet normal -1.000000e+00 0.000000e+00 0.000000e+00
    outer loop
      vertex 8.263260e+02 1.421996e+02 2.600290e+02
      vertex 8.263260e+02 -1.381271e+02 2.578308e+02
      vertex 8.263260e+02 -1.381271e+02 2.600290e+02
    endloop
  endfacet
  facet normal 0.000000e+00 0.000000e+00 -1.000000e+00
    outer loop
      vertex 8.178294e+02 1.421996e+02 2.600290e+02
      vertex 8.263260e+02 1.421996e+02 2.600290e+02
      vertex 8.178295e+02 -1.381271e+02 2.600290e+02
    endloop
  endfacet
  facet normal -0.000000e+00 0.000000e+00 -1.000000e+00
    outer loop
      vertex 8.178295e+02 -1.381271e+02 2.600290e+02
      vertex 8.263260e+02 1.421996e+02 2.600290e+02
      vertex 8.263260e+02 -1.381271e+02 2.600290e+02
    endloop
  endfacet
  facet normal -1.000000e+00 -2.177286e-07 -0.000000e+00
    outer loop
      vertex 8.178294e+02 1.421996e+02 2.600290e+02
      vertex 8.178295e+02 -1.381271e+02 2.600290e+02
      vertex 8.178294e+02 1.421996e+02 2.629075e+02
    endloop
  endfacet
  facet normal -1.000000e+00 -2.177286e-07 0.000000e+00
    outer loop
      vertex 8.178294e+02 1.421996e+02 2.629075e+02
      vertex 8.178295e+02 -1.381271e+02 2.600290e+02
      vertex 8.178295e+02 -1.381271e+02 2.629075e+02
    endloop
  endfacet
  facet normal 0.000000e+00 -0.000000e+00 1.000000e+00
    outer loop
      vertex 8.218946e+02 1.421996e+02 2.629075e+02
      vertex 8.178294e+02 1.421996e+02 2.629075e+02
      vertex 8.218947e+02 -1.381271e+02 2.629075e+02
    endloop
  endfacet
  facet normal -0.000000e+00 0.000000e+00 1.000000e+00
    outer loop
      vertex 8.218947e+02 -1.381271e+02 2.629075e+02
      vertex 8.178294e+02 1.421996e+02 2.629075e+02
      vertex 8.178295e+02 -1.381271e+02 2.629075e+02
    endloop
  endfacet
  facet normal -1.000000e+00 -2.177286e-07 -0.000000e+00
    outer loop
      vertex 8.218946e+02 1.421996e+02 2.629075e+02
      vertex 8.218947e+02 -1.381271e+02 2.629075e+02
      vertex 8.218946e+02 1.421996e+02 2.657860e+02
    endloop
  endfacet
  facet normal -1.000000e+00 -2.177286e-07 0.000000e+00
    outer loop
      vertex 8.218946e+02 1.421996e+02 2.657860e+02
      vertex 8.218947e+02 -1.381271e+02 2.629075e+02
      vertex 8.218947e+02 -1.381271e+02 2.657860e+02
    endloop
  endfacet
  facet normal 0.000000e+00 0.000000e+00 -1.000000e+00
    outer loop
      vertex 8.174266e+02 1.421996e+02 2.657860e+02
      vertex 8.218946e+02 1.421996e+02 2.657860e+02
      vertex 8.174266e+02 -1.381271e+02 2.657860e+02
    endloop
  endfacet
  facet normal -0.000000e+00 0.000000e+00 -1.000000e+00
    outer loop
      vertex 8.174266e+02 -1.381271e+02 2.657860e+02
      vertex 8.218946e+02 1.421996e+02 2.657860e+02
      vertex 8.218947e+02 -1.381271e+02 2.657860e+02
    endloop
  endfacet
  facet normal -1.000000e+00 0.000000e+00 0.000000e+00
    outer loop
      vertex 8.174266e+02 1.421996e+02 2.657860e+02
      vertex 8.174266e+02 -1.381271e+02 2.657860e+02
      vertex 8.174266e+02 1.421996e+02 2.686646e+02
    endloop
  endfacet
  facet normal -1.000000e+00 0.000000e+00 0.000000e+00
    outer loop
      vertex 8.174266e+02 1.421996e+02 2.686646e+02
      vertex 8.174266e+02 -1.381271e+02 2.657860e+02
      vertex 8.174266e+02 -1.381271e+02 2.686646e+02
    endloop
  endfacet
  facet normal 0.000000e+00 0.000000e+00 1.000000e+00
    outer loop
      vertex 8.206860e+02 1.421996e+02 2.686646e+02
      vertex 8.174266e+02 1.421996e+02 2.686646e+02
      vertex 8.206860e+02 -1.381271e+02 2.686646e+02
    endloop
  endfacet
  facet normal -0.000000e+00 0.000000e+00 1.000000e+00
    outer loop
      vertex 8.206860e+02 -1.381271e+02 2.686646e+02
      vertex 8.174266e+02 1.421996e+02 2.686646e+02
      vertex 8.174266e+02 -1.381271e+02 2.686646e+02
    endloop
  endfacet
  facet normal -1.000000e+00 0.000000e+00 0.000000e+00
    outer loop
      vertex 8.206860e+02 1.421996e+02 2.686646e+02
      vertex 8.206860e+02 -1.381271e+02 2.686646e+02
      vertex 8.206860e+02 1.421996e+02 2.727468e+02
    endloop
  endfacet
  facet normal -1.000000e+00 0.000000e+00 0.000000e+00
    outer loop
      vertex 8.206860e+02 1.421996e+02 2.727468e+02
      vertex 8.206860e+02 -1.381271e+02 2.686646e+02
      vertex 8.206860e+02 -1.381271e+02 2.727468e+02
    endloop
  endfacet
  facet normal 0.000000e+00 0.000000e+00 -1.000000e+00
    outer loop
      vertex 8.174266e+02 1.421996e+02 2.727468e+02
      vertex 8.206860e+02 1.421996e+02 2.727468e+02
      vertex 8.174266e+02 -1.381271e+02 2.727468e+02
    endloop
  endfacet
  facet normal -0.000000e+00 0.000000e+00 -1.000000e+00
    outer loop
      vertex 8.174266e+02 -1.381271e+02 2.727468e+02
      vertex 8.206860e+02 1.421996e+02 2.727468e+02
      vertex 8.206860e+02 -1.381271e+02 2.727468e+02
    endloop
  endfacet
  facet normal 0.000000e+00 0.000000e+00 1.000000e+00
    outer loop
      vertex 8.214918e+02 1.421996e+02 2.762010e+02
      vertex 8.174266e+02 1.421996e+02 2.762010e+02
      vertex 8.214918e+02 -1.381271e+02 2.762010e+02
    endloop
  endfacet
  facet normal -0.000000e+00 0.000000e+00 1.000000e+00
    outer loop
      vertex 8.214918e+02 -1.381271e+02 2.762010e+02
      vertex 8.174266e+02 1.421996e+02 2.762010e+02
      vertex 8.174266e+02 -1.381271e+02 2.762010e+02
    endloop
  endfacet
  facet normal -1.000000e+00 0.000000e+00 0.000000e+00
    outer loop
      vertex 8.214918e+02 1.421996e+02 2.762010e+02
      vertex 8.214918e+02 -1.381271e+02 2.762010e+02
      vertex 8.214918e+02 1.421996e+02 2.783500e+02
    endloop
  endfacet
  facet normal -1.000000e+00 0.000000e+00 0.000000e+00
    outer loop
      vertex 8.214918e+02 1.421996e+02 2.783500e+02
      vertex 8.214918e+02 -1.381271e+02 2.762010e+02
      vertex 8.214918e+02 -1.381271e+02 2.783500e+02
    endloop
  endfacet
  facet normal -1.000000e+00 0.000000e+00 -0.000000e+00
    outer loop
      vertex 8.214918e+02 1.421996e+02 2.783500e+02
      vertex 8.214918e+02 -1.381271e+02 2.783500e+02
      vertex 8.214918e+02 1.423506e+02 2.787849e+02
    endloop
  endfacet
  facet normal -1.000000e+00 0.000000e+00 0.000000e+00
    outer loop
      vertex 8.214918e+02 1.423506e+02 2.787849e+02
      vertex 8.214918e+02 -1.381271e+02 2.783500e+02
      vertex 8.214918e+02 -1.385659e+02 2.796553e+02
    endloop
  endfacet
  facet normal -1.000000e+00 0.000000e+00 -0.000000e+00
    outer loop
      vertex 8.214918e+02 1.423506e+02 2.787849e+02
      vertex 8.214918e+02 -1.385659e+02 2.796553e+02
      vertex 8.214918e+02 1.425012e+02 2.792200e+02
    endloop
  endfacet
  facet normal -1.000000e+00 0.000000e+00 -0.000000e+00
    outer loop
      vertex 8.214918e+02 1.425012e+02 2.792200e+02
      vertex 8.214918e+02 -1.385659e+02 2.796553e+02
      vertex 8.214918e+02 1.426513e+02 2.796553e+02
    endloop
  endfacet
  facet normal -1.000000e+00 0.000000e+00 0.000000e+00
    outer loop
      vertex 8.174266e+02 1.421996e+02 2.727468e+02
      vertex 8.174266e+02 -1.381271e+02 2.727468e+02
      vertex 8.174266e+02 1.421996e+02 2.762010e+02
    endloop
  endfacet
  facet normal -1.000000e+00 0.000000e+00 0.000000e+00
    outer loop
      vertex 8.174266e+02 1.421996e+02 2.762010e+02
      vertex 8.174266e+02 -1.381271e+02 2.727468e+02
      vertex 8.174266e+02 -1.381271e+02 2.762010e+02
    endloop
  endfacet
  facet normal 0.000000e+00 0.000000e+00 -1.000000e+00
    outer loop
      vertex 8.174266e+02 1.426513e+02 2.796553e+02
      vertex 8.214918e+02 1.426513e+02 2.796553e+02
      vertex 8.174266e+02 -1.385659e+02 2.796553e+02
    endloop
  endfacet
  facet normal -0.000000e+00 0.000000e+00 -1.000000e+00
    outer loop
      vertex 8.174266e+02 -1.385659e+02 2.796553e+02
      vertex 8.214918e+02 1.426513e+02 2.796553e+02
      vertex 8.214918e+02 -1.385659e+02 2.796553e+02
    endloop
  endfacet
  facet normal -1.000000e+00 0.000000e+00 0.000000e+00
    outer loop
      vertex 8.174266e+02 1.434545e+02 2.820105e+02
      vertex 8.174266e+02 1.426513e+02 2.796553e+02
      vertex 8.174266e+02 -1.393491e+02 2.820105e+02
    endloop
  endfacet
  facet normal -1.000000e+00 0.000000e+00 0.000000e+00
    outer loop
      vertex 8.174266e+02 -1.393491e+02 2.820105e+02
      vertex 8.174266e+02 1.426513e+02 2.796553e+02
      vertex 8.174266e+02 -1.385659e+02 2.796553e+02
    endloop
  endfacet
  facet normal 0.000000e+00 0.000000e+00 1.000000e+00
    outer loop
      vertex 8.174266e+02 -1.393491e+02 2.820105e+02
      vertex 8.205128e+02 -1.393491e+02 2.820105e+02
      vertex 8.174266e+02 1.434545e+02 2.820105e+02
    endloop
  endfacet
  facet normal 0.000000e+00 0.000000e+00 1.000000e+00
    outer loop
      vertex 8.174266e+02 1.434545e+02 2.820105e+02
      vertex 8.205128e+02 -1.393491e+02 2.820105e+02
      vertex 8.205128e+02 1.434545e+02 2.820105e+02
    endloop
  endfacet
  facet normal -9.998891e-01 0.000000e+00 1.489120e-02
    outer loop
      vertex 8.131911e+02 -1.595549e+02 3.856984e+02
      vertex 8.131911e+02 1.632807e+02 3.856984e+02
      vertex 8.124044e+02 -1.531656e+02 3.328756e+02
    endloop
  endfacet
  facet normal -9.998896e-01 5.475230e-06 1.485840e-02
    outer loop
      vertex 8.124044e+02 -1.531656e+02 3.328756e+02
      vertex 8.131911e+02 1.632807e+02 3.856984e+02
      vertex 8.124058e+02 1.571126e+02 3.328557e+02
    endloop
  endfacet
  facet normal -9.875311e-01 -5.611810e-06 -1.574237e-01
    outer loop
      vertex 8.124044e+02 -1.531656e+02 3.328756e+02
      vertex 8.124058e+02 1.571126e+02 3.328557e+02
      vertex 8.205128e+02 -1.393491e+02 2.820105e+02
    endloop
  endfacet
  facet normal -9.875261e-01 -0.000000e+00 -1.574556e-01
    outer loop
      vertex 8.205128e+02 -1.393491e+02 2.820105e+02
      vertex 8.124058e+02 1.571126e+02 3.328557e+02
      vertex 8.205128e+02 1.434545e+02 2.820105e+02
    endloop
  endfacet
  facet normal -9.921700e-01 -1.884220e-07 1.248951e-01
    outer loop
      vertex 8.165800e+02 1.626571e+02 4.126200e+02
      vertex 8.131911e+02 1.632807e+02 3.856984e+02
      vertex 8.165801e+02 -1.587346e+02 4.126200e+02
    endloop
  endfacet
  facet normal -9.921697e-01 0.000000e+00 1.248974e-01
    outer loop
      vertex 8.165801e+02 -1.587346e+02 4.126200e+02
      vertex 8.131911e+02 1.632807e+02 3.856984e+02
      vertex 8.131911e+02 -1.595549e+02 3.856984e+02
    endloop
  endfacet
  facet normal -4.018863e-01 0.000000e+00 -9.156896e-01
    outer loop
      vertex 8.101849e+02 1.624199e+02 4.154268e+02
      vertex 8.165800e+02 1.626571e+02 4.126200e+02
      vertex 8.101849e+02 -1.584612e+02 4.154268e+02
    endloop
  endfacet
  facet normal -4.018831e-01 -7.647804e-08 -9.156910e-01
    outer loop
      vertex 8.101849e+02 -1.584612e+02 4.154268e+02
      vertex 8.165800e+02 1.626571e+02 4.126200e+02
      vertex 8.165801e+02 -1.587346e+02 4.126200e+02
    endloop
  endfacet
  facet normal -9.800270e-01 -1.868093e-07 1.988645e-01
    outer loop
      vertex 8.088808e+02 -1.580973e+02 4.186746e+02
      vertex 8.088807e+02 1.621014e+02 4.186746e+02
      vertex 8.086898e+02 -1.582081e+02 4.177332e+02
    endloop
  endfacet
  facet normal -9.800420e-01 4.051764e-08 1.987902e-01
    outer loop
      vertex 8.086898e+02 -1.582081e+02 4.177332e+02
      vertex 8.088807e+02 1.621014e+02 4.186746e+02
      vertex 8.086897e+02 1.621987e+02 4.177328e+02
    endloop
  endfacet
  facet normal -9.826429e-01 -3.992130e-07 -1.855073e-01
    outer loop
      vertex 8.086898e+02 -1.582081e+02 4.177332e+02
      vertex 8.086897e+02 1.621987e+02 4.177328e+02
      vertex 8.088681e+02 -1.583149e+02 4.167885e+02
    endloop
  endfacet
  facet normal -9.825948e-01 3.769174e-07 -1.857616e-01
    outer loop
      vertex 8.088681e+02 -1.583149e+02 4.167885e+02
      vertex 8.086897e+02 1.621987e+02 4.177328e+02
      vertex 8.088683e+02 1.622922e+02 4.167878e+02
    endloop
  endfacet
  facet normal -8.396848e-01 -4.461479e-07 -5.430740e-01
    outer loop
      vertex 8.088681e+02 -1.583149e+02 4.167885e+02
      vertex 8.088683e+02 1.622922e+02 4.167878e+02
      vertex 8.093916e+02 -1.584030e+02 4.159790e+02
    endloop
  endfacet
  facet normal -8.395616e-01 2.348991e-07 -5.432644e-01
    outer loop
      vertex 8.093916e+02 -1.584030e+02 4.159790e+02
      vertex 8.088683e+02 1.622922e+02 4.167878e+02
      vertex 8.093920e+02 1.623691e+02 4.159786e+02
    endloop
  endfacet
  facet normal -5.713373e-01 -4.408658e-07 -8.207153e-01
    outer loop
      vertex 8.093916e+02 -1.584030e+02 4.159790e+02
      vertex 8.093920e+02 1.623691e+02 4.159786e+02
      vertex 8.101849e+02 -1.584612e+02 4.154268e+02
    endloop
  endfacet
  facet normal -5.712172e-01 -0.000000e+00 -8.207989e-01
    outer loop
      vertex 8.101849e+02 -1.584612e+02 4.154268e+02
      vertex 8.093920e+02 1.623691e+02 4.159786e+02
      vertex 8.101849e+02 1.624199e+02 4.154268e+02
    endloop
  endfacet
  facet normal -9.235599e-01 -1.793687e-07 3.834542e-01
    outer loop
      vertex 8.166148e+02 1.592996e+02 4.373023e+02
      vertex 8.088807e+02 1.621014e+02 4.186746e+02
      vertex 8.166149e+02 -1.549671e+02 4.373023e+02
    endloop
  endfacet
  facet normal -9.235598e-01 -1.772014e-07 3.834543e-01
    outer loop
      vertex 8.166149e+02 -1.549671e+02 4.373023e+02
      vertex 8.088807e+02 1.621014e+02 4.186746e+02
      vertex 8.088808e+02 -1.580973e+02 4.186746e+02
    endloop
  endfacet
  facet normal 3.148518e-01 6.124692e-08 9.491408e-01
    outer loop
      vertex 8.201981e+02 1.590598e+02 4.384945e+02
      vertex 8.191874e+02 1.589910e+02 4.388297e+02
      vertex 8.201982e+02 -1.547033e+02 4.384945e+02
    endloop
  endfacet
  facet normal 3.146980e-01 -4.889806e-07 9.491919e-01
    outer loop
      vertex 8.201982e+02 -1.547033e+02 4.384945e+02
      vertex 8.191874e+02 1.589910e+02 4.388297e+02
      vertex 8.191868e+02 -1.546277e+02 4.388298e+02
    endloop
  endfacet
  facet normal -1.093619e-01 4.275677e-07 9.940020e-01
    outer loop
      vertex 8.191868e+02 -1.546277e+02 4.388298e+02
      vertex 8.191874e+02 1.589910e+02 4.388297e+02
      vertex 8.181259e+02 1.590150e+02 4.387130e+02
    endloop
  endfacet
  facet normal -1.098267e-01 -1.163666e-06 9.939507e-01
    outer loop
      vertex 8.191868e+02 -1.546277e+02 4.388298e+02
      vertex 8.181259e+02 1.590150e+02 4.387130e+02
      vertex 8.181243e+02 -1.546543e+02 4.387124e+02
    endloop
  endfacet
  facet normal -5.130065e-01 1.191968e-06 8.583847e-01
    outer loop
      vertex 8.181243e+02 -1.546543e+02 4.387124e+02
      vertex 8.181259e+02 1.590150e+02 4.387130e+02
      vertex 8.172148e+02 1.591262e+02 4.381685e+02
    endloop
  endfacet
  facet normal -5.136074e-01 -1.172581e-06 8.580253e-01
    outer loop
      vertex 8.181243e+02 -1.546543e+02 4.387124e+02
      vertex 8.172148e+02 1.591262e+02 4.381685e+02
      vertex 8.172136e+02 -1.547765e+02 4.381673e+02
    endloop
  endfacet
  facet normal -8.220075e-01 1.092769e-06 5.694767e-01
    outer loop
      vertex 8.172136e+02 -1.547765e+02 4.381673e+02
      vertex 8.172148e+02 1.591262e+02 4.381685e+02
      vertex 8.166148e+02 1.592996e+02 4.373023e+02
    endloop
  endfacet
  facet normal -8.222204e-01 -1.597378e-07 5.691693e-01
    outer loop
      vertex 8.172136e+02 -1.547765e+02 4.381673e+02
      vertex 8.166148e+02 1.592996e+02 4.373023e+02
      vertex 8.166149e+02 -1.549671e+02 4.373023e+02
    endloop
  endfacet
  facet normal 5.097646e-01 9.916258e-08 8.603139e-01
    outer loop
      vertex 8.201981e+02 1.590598e+02 4.384945e+02
      vertex 8.201982e+02 -1.547033e+02 4.384945e+02
      vertex 8.259683e+02 1.597270e+02 4.350754e+02
    endloop
  endfacet
  facet normal 5.097686e-01 -0.000000e+00 8.603116e-01
    outer loop
      vertex 8.259683e+02 1.597270e+02 4.350754e+02
      vertex 8.201982e+02 -1.547033e+02 4.384945e+02
      vertex 8.259683e+02 -1.554389e+02 4.350754e+02
    endloop
  endfacet
  facet normal -3.466755e-01 -7.408696e-08 9.379851e-01
    outer loop
      vertex 8.845145e+02 1.452847e+02 4.796429e+02
      vertex 8.667428e+02 1.483049e+02 4.730746e+02
      vertex 8.845146e+02 -1.403175e+02 4.796429e+02
    endloop
  endfacet
  facet normal -3.468047e-01 -9.112723e-06 9.379374e-01
    outer loop
      vertex 8.845146e+02 -1.403175e+02 4.796429e+02
      vertex 8.667428e+02 1.483049e+02 4.730746e+02
      vertex 8.667189e+02 -1.433769e+02 4.730629e+02
    endloop
  endfacet
  facet normal -5.246761e-01 8.903631e-06 8.513019e-01
    outer loop
      vertex 8.667189e+02 -1.433769e+02 4.730629e+02
      vertex 8.667428e+02 1.483049e+02 4.730746e+02
      vertex 8.507338e+02 1.521965e+02 4.632078e+02
    endloop
  endfacet
  facet normal -5.249616e-01 -1.240587e-05 8.511259e-01
    outer loop
      vertex 8.667189e+02 -1.433769e+02 4.730629e+02
      vertex 8.507338e+02 1.521965e+02 4.632078e+02
      vertex 8.507037e+02 -1.473850e+02 4.631849e+02
    endloop
  endfacet
  facet normal -6.814694e-01 1.239531e-05 7.318466e-01
    outer loop
      vertex 8.507037e+02 -1.473850e+02 4.631849e+02
      vertex 8.507338e+02 1.521965e+02 4.632078e+02
      vertex 8.369888e+02 1.562225e+02 4.504089e+02
    endloop
  endfacet
  facet normal -6.817089e-01 -7.811903e-06 7.316236e-01
    outer loop
      vertex 8.507037e+02 -1.473850e+02 4.631849e+02
      vertex 8.369888e+02 1.562225e+02 4.504089e+02
      vertex 8.369724e+02 -1.516308e+02 4.503904e+02
    endloop
  endfacet
  facet normal -8.120256e-01 8.073573e-06 5.836218e-01
    outer loop
      vertex 8.369724e+02 -1.516308e+02 4.503904e+02
      vertex 8.369888e+02 1.562225e+02 4.504089e+02
      vertex 8.259683e+02 1.597270e+02 4.350754e+02
    endloop
  endfacet
  facet normal -8.121034e-01 0.000000e+00 5.835136e-01
    outer loop
      vertex 8.369724e+02 -1.516308e+02 4.503904e+02
      vertex 8.259683e+02 1.597270e+02 4.350754e+02
      vertex 8.259683e+02 -1.554389e+02 4.350754e+02
    endloop
  endfacet
  facet normal -7.900729e-01 -2.191173e-07 6.130130e-01
    outer loop
      vertex 9.191590e+02 -1.080397e+02 5.242939e+02
      vertex 9.191589e+02 1.120352e+02 5.242939e+02
      vertex 9.026417e+02 -1.264361e+02 5.030059e+02
    endloop
  endfacet
  facet normal -7.900737e-01 -7.145236e-08 6.130119e-01
    outer loop
      vertex 9.026417e+02 -1.264361e+02 5.030059e+02
      vertex 9.191589e+02 1.120352e+02 5.242939e+02
      vertex 9.027270e+02 1.310787e+02 5.031158e+02
    endloop
  endfacet
  facet normal -7.900733e-01 -7.181203e-08 6.130124e-01
    outer loop
      vertex 9.026417e+02 -1.264361e+02 5.030059e+02
      vertex 9.027270e+02 1.310787e+02 5.031158e+02
      vertex 8.845145e+02 1.452847e+02 4.796429e+02
    endloop
  endfacet
  facet normal -7.900738e-01 -1.688442e-07 6.130117e-01
    outer loop
      vertex 8.845145e+02 1.452847e+02 4.796429e+02
      vertex 8.845146e+02 -1.403175e+02 4.796429e+02
      vertex 9.026417e+02 -1.264361e+02 5.030059e+02
    endloop
  endfacet
  facet normal 0.000000e+00 0.000000e+00 -1.000000e+00
    outer loop
      vertex 9.141384e+02 1.120352e+02 5.242939e+02
      vertex 9.191589e+02 1.120352e+02 5.242939e+02
      vertex 9.141384e+02 -1.080397e+02 5.242939e+02
    endloop
  endfacet
  facet normal -0.000000e+00 0.000000e+00 -1.000000e+00
    outer loop
      vertex 9.141384e+02 -1.080397e+02 5.242939e+02
      vertex 9.191589e+02 1.120352e+02 5.242939e+02
      vertex 9.191590e+02 -1.080397e+02 5.242939e+02
    endloop
  endfacet
  facet normal -9.415450e-01 0.000000e+00 -3.368872e-01
    outer loop
      vertex 9.101384e+02 1.075107e+02 5.282939e+02
      vertex 9.110464e+02 1.104221e+02 5.257563e+02
      vertex 9.101384e+02 -1.036594e+02 5.282939e+02
    endloop
  endfacet
  facet normal -9.409558e-01 -2.196499e-05 -3.385294e-01
    outer loop
      vertex 9.101384e+02 -1.036594e+02 5.282939e+02
      vertex 9.110464e+02 1.104221e+02 5.257563e+02
      vertex 9.110554e+02 -1.064932e+02 5.257455e+02
    endloop
  endfacet
  facet normal -6.283109e-01 1.297591e-05 -7.779624e-01
    outer loop
      vertex 9.110554e+02 -1.064932e+02 5.257455e+02
      vertex 9.110464e+02 1.104221e+02 5.257563e+02
      vertex 9.123085e+02 1.115512e+02 5.247371e+02
    endloop
  endfacet
  facet normal -6.255088e-01 -1.355538e-05 -7.802171e-01
    outer loop
      vertex 9.110554e+02 -1.064932e+02 5.257455e+02
      vertex 9.123085e+02 1.115512e+02 5.247371e+02
      vertex 9.123219e+02 -1.075798e+02 5.247301e+02
    endloop
  endfacet
  facet normal -2.353480e-01 1.643936e-05 -9.719111e-01
    outer loop
      vertex 9.123219e+02 -1.075798e+02 5.247301e+02
      vertex 9.123085e+02 1.115512e+02 5.247371e+02
      vertex 9.141384e+02 1.120352e+02 5.242939e+02
    endloop
  endfacet
  facet normal -2.334693e-01 0.000000e+00 -9.723642e-01
    outer loop
      vertex 9.123219e+02 -1.075798e+02 5.247301e+02
      vertex 9.141384e+02 1.120352e+02 5.242939e+02
      vertex 9.141384e+02 -1.080397e+02 5.242939e+02
    endloop
  endfacet
  facet normal -1.000000e+00 0.000000e+00 0.000000e+00
    outer loop
      vertex 9.101384e+02 8.519730e+01 5.495493e+02
      vertex 9.101384e+02 8.519730e+01 5.442310e+02
      vertex 9.101384e+02 -8.112473e+01 5.442310e+02
    endloop
  endfacet
  facet normal -1.000000e+00 0.000000e+00 0.000000e+00
    outer loop
      vertex 9.101384e+02 -8.112473e+01 5.442310e+02
      vertex 9.101384e+02 8.519730e+01 5.442310e+02
      vertex 9.101384e+02 1.075107e+02 5.282939e+02
    endloop
  endfacet
  facet normal -1.000000e+00 0.000000e+00 0.000000e+00
    outer loop
      vertex 9.101384e+02 -8.112473e+01 5.442310e+02
      vertex 9.101384e+02 1.075107e+02 5.282939e+02
      vertex 9.101384e+02 -1.036594e+02 5.282939e+02
    endloop
  endfacet
  facet normal -1.000000e+00 0.000000e+00 -0.000000e+00
    outer loop
      vertex 9.101384e+02 -8.112473e+01 5.442310e+02
      vertex 9.101384e+02 -8.112473e+01 5.495493e+02
      vertex 9.101384e+02 8.519730e+01 5.495493e+02
    endloop
  endfacet
  facet normal -2.588147e-01 0.000000e+00 9.659270e-01
    outer loop
      vertex 9.141384e+02 -8.112473e+01 5.535493e+02
      vertex 9.141384e+02 8.519727e+01 5.535493e+02
      vertex 9.121384e+02 -8.112473e+01 5.530134e+02
    endloop
  endfacet
  facet normal -2.588147e-01 0.000000e+00 9.659270e-01
    outer loop
      vertex 9.121384e+02 -8.112473e+01 5.530134e+02
      vertex 9.141384e+02 8.519727e+01 5.535493e+02
      vertex 9.121384e+02 8.519727e+01 5.530134e+02
    endloop
  endfacet
  facet normal -7.071068e-01 0.000000e+00 7.071068e-01
    outer loop
      vertex 9.121384e+02 -8.112473e+01 5.530134e+02
      vertex 9.121384e+02 8.519727e+01 5.530134e+02
      vertex 9.106743e+02 -8.112473e+01 5.515493e+02
    endloop
  endfacet
  facet normal -7.071068e-01 0.000000e+00 7.071068e-01
    outer loop
      vertex 9.106743e+02 -8.112473e+01 5.515493e+02
      vertex 9.121384e+02 8.519727e+01 5.530134e+02
      vertex 9.106743e+02 8.519727e+01 5.515493e+02
    endloop
  endfacet
  facet normal -9.659270e-01 0.000000e+00 2.588147e-01
    outer loop
      vertex 9.106743e+02 -8.112473e+01 5.515493e+02
      vertex 9.106743e+02 8.519727e+01 5.515493e+02
      vertex 9.101384e+02 -8.112473e+01 5.495493e+02
    endloop
  endfacet
  facet normal -9.659270e-01 0.000000e+00 2.588147e-01
    outer loop
      vertex 9.101384e+02 -8.112473e+01 5.495493e+02
      vertex 9.106743e+02 8.519727e+01 5.515493e+02
      vertex 9.101384e+02 8.519730e+01 5.495493e+02
    endloop
  endfacet
  facet normal 0.000000e+00 0.000000e+00 1.000000e+00
    outer loop
      vertex 9.141384e+02 -8.112473e+01 5.535493e+02
      vertex 1.015145e+03 -8.112469e+01 5.535493e+02
      vertex 9.141384e+02 8.519727e+01 5.535493e+02
    endloop
  endfacet
  facet normal 0.000000e+00 0.000000e+00 1.000000e+00
    outer loop
      vertex 9.141384e+02 8.519727e+01 5.535493e+02
      vertex 1.015145e+03 -8.112469e+01 5.535493e+02
      vertex 1.015145e+03 8.519730e+01 5.535493e+02
    endloop
  endfacet
  facet normal -9.998564e-01 0.000000e+00 -1.694417e-02
    outer loop
      vertex 1.015145e+03 8.519730e+01 5.535493e+02
      vertex 1.015145e+03 -8.112469e+01 5.535493e+02
      vertex 1.015083e+03 8.519730e+01 5.571978e+02
    endloop
  endfacet
  facet normal -9.998564e-01 0.000000e+00 -1.694417e-02
    outer loop
      vertex 1.015083e+03 8.519730e+01 5.571978e+02
      vertex 1.015145e+03 -8.112469e+01 5.535493e+02
      vertex 1.015083e+03 -8.112469e+01 5.571978e+02
    endloop
  endfacet
  facet normal -3.700019e-01 0.000000e+00 9.290310e-01
    outer loop
      vertex 1.016163e+03 8.519730e+01 5.576772e+02
      vertex 1.016163e+03 -8.112469e+01 5.576772e+02
      vertex 1.016713e+03 8.519730e+01 5.578960e+02
    endloop
  endfacet
  facet normal -3.700019e-01 0.000000e+00 9.290310e-01
    outer loop
      vertex 1.016713e+03 8.519730e+01 5.578960e+02
      vertex 1.016163e+03 -8.112469e+01 5.576772e+02
      vertex 1.016713e+03 -8.112469e+01 5.578960e+02
    endloop
  endfacet
  facet normal -1.819727e-01 0.000000e+00 9.833036e-01
    outer loop
      vertex 1.016713e+03 8.519730e+01 5.578960e+02
      vertex 1.016713e+03 -8.112469e+01 5.578960e+02
      vertex 1.024898e+03 8.420068e+01 5.594108e+02
    endloop
  endfacet
  facet normal -1.819727e-01 0.000000e+00 9.833036e-01
    outer loop
      vertex 1.024898e+03 8.420068e+01 5.594108e+02
      vertex 1.016713e+03 -8.112469e+01 5.578960e+02
      vertex 1.024898e+03 -8.012808e+01 5.594108e+02
    endloop
  endfacet
  facet normal 1.819701e-01 -0.000000e+00 9.833041e-01
    outer loop
      vertex 1.024898e+03 8.420068e+01 5.594108e+02
      vertex 1.024898e+03 -8.012808e+01 5.594108e+02
      vertex 1.033083e+03 8.519730e+01 5.578960e+02
    endloop
  endfacet
  facet normal 1.819701e-01 -0.000000e+00 9.833041e-01
    outer loop
      vertex 1.033083e+03 8.519730e+01 5.578960e+02
      vertex 1.024898e+03 -8.012808e+01 5.594108e+02
      vertex 1.033083e+03 -8.112469e+01 5.578960e+02
    endloop
  endfacet
  facet normal 3.700374e-01 -0.000000e+00 9.290169e-01
    outer loop
      vertex 1.033083e+03 8.519730e+01 5.578960e+02
      vertex 1.033083e+03 -8.112469e+01 5.578960e+02
      vertex 1.033632e+03 8.519730e+01 5.576772e+02
    endloop
  endfacet
  facet normal 3.699664e-01 2.715331e-07 9.290451e-01
    outer loop
      vertex 1.033632e+03 8.519730e+01 5.576772e+02
      vertex 1.033083e+03 -8.112469e+01 5.578960e+02
      vertex 1.033632e+03 -8.112469e+01 5.576772e+02
    endloop
  endfacet
  facet normal 3.938196e-01 2.890398e-07 9.191878e-01
    outer loop
      vertex 1.033632e+03 8.519730e+01 5.576772e+02
      vertex 1.033632e+03 -8.112469e+01 5.576772e+02
      vertex 1.034176e+03 8.519730e+01 5.574445e+02
    endloop
  endfacet
  facet normal 3.938196e-01 2.890398e-07 9.191878e-01
    outer loop
      vertex 1.034176e+03 8.519730e+01 5.574445e+02
      vertex 1.033632e+03 -8.112469e+01 5.576772e+02
      vertex 1.034176e+03 -8.112469e+01 5.574445e+02
    endloop
  endfacet
  facet normal 4.173159e-01 3.062847e-07 9.087615e-01
    outer loop
      vertex 1.034176e+03 8.519730e+01 5.574445e+02
      vertex 1.034176e+03 -8.112469e+01 5.574445e+02
      vertex 1.034713e+03 8.519730e+01 5.571978e+02
    endloop
  endfacet
  facet normal 4.173159e-01 3.062847e-07 9.087615e-01
    outer loop
      vertex 1.034713e+03 8.519730e+01 5.571978e+02
      vertex 1.034176e+03 -8.112469e+01 5.574445e+02
      vertex 1.034713e+03 -8.112469e+01 5.571978e+02
    endloop
  endfacet
  facet normal -3.937822e-01 0.000000e+00 9.192038e-01
    outer loop
      vertex 1.016163e+03 -8.112469e+01 5.576772e+02
      vertex 1.016163e+03 8.519730e+01 5.576772e+02
      vertex 1.015620e+03 -8.112469e+01 5.574445e+02
    endloop
  endfacet
  facet normal -3.937822e-01 0.000000e+00 9.192038e-01
    outer loop
      vertex 1.015620e+03 -8.112469e+01 5.574445e+02
      vertex 1.016163e+03 8.519730e+01 5.576772e+02
      vertex 1.015620e+03 8.519730e+01 5.574445e+02
    endloop
  endfacet
  facet normal -4.173550e-01 0.000000e+00 9.087436e-01
    outer loop
      vertex 1.015620e+03 -8.112469e+01 5.574445e+02
      vertex 1.015620e+03 8.519730e+01 5.574445e+02
      vertex 1.015083e+03 -8.112469e+01 5.571978e+02
    endloop
  endfacet
  facet normal -4.173550e-01 0.000000e+00 9.087436e-01
    outer loop
      vertex 1.015083e+03 -8.112469e+01 5.571978e+02
      vertex 1.015620e+03 8.519730e+01 5.574445e+02
      vertex 1.015083e+03 8.519730e+01 5.571978e+02
    endloop
  endfacet
  facet normal 9.428586e-01 6.920014e-07 -3.331930e-01
    outer loop
      vertex 1.034713e+03 -8.112469e+01 5.571978e+02
      vertex 1.033424e+03 -8.112469e+01 5.535493e+02
      vertex 1.034713e+03 8.519730e+01 5.571978e+02
    endloop
  endfacet
  facet normal 9.428685e-01 0.000000e+00 -3.331650e-01
    outer loop
      vertex 1.034713e+03 8.519730e+01 5.571978e+02
      vertex 1.033424e+03 -8.112469e+01 5.535493e+02
      vertex 1.033424e+03 8.519730e+01 5.535493e+02
    endloop
  endfacet
  facet normal 0.000000e+00 0.000000e+00 1.000000e+00
    outer loop
      vertex 1.033424e+03 -8.112469e+01 5.535493e+02
      vertex 1.102548e+03 -8.112469e+01 5.535493e+02
      vertex 1.033424e+03 8.519730e+01 5.535493e+02
    endloop
  endfacet
  facet normal 0.000000e+00 0.000000e+00 1.000000e+00
    outer loop
      vertex 1.033424e+03 8.519730e+01 5.535493e+02
      vertex 1.102548e+03 -8.112469e+01 5.535493e+02
      vertex 1.102548e+03 8.519730e+01 5.535493e+02
    endloop
  endfacet
  facet normal -1.000000e+00 0.000000e+00 0.000000e+00
    outer loop
      vertex 1.102548e+03 8.519730e+01 5.535493e+02
      vertex 1.102548e+03 -8.112469e+01 5.535493e+02
      vertex 1.102548e+03 8.519730e+01 5.578781e+02
    endloop
  endfacet
  facet normal -1.000000e+00 0.000000e+00 0.000000e+00
    outer loop
      vertex 1.102548e+03 8.519730e+01 5.578781e+02
      vertex 1.102548e+03 -8.112469e+01 5.535493e+02
      vertex 1.102548e+03 -8.112469e+01 5.578781e+02
    endloop
  endfacet
  facet normal -4.262159e-01 0.000000e+00 9.046215e-01
    outer loop
      vertex 1.102573e+03 8.519730e+01 5.578900e+02
      vertex 1.102573e+03 -8.112469e+01 5.578900e+02
      vertex 1.102586e+03 8.519730e+01 5.578960e+02
    endloop
  endfacet
  facet normal -4.262159e-01 0.000000e+00 9.046215e-01
    outer loop
      vertex 1.102586e+03 8.519730e+01 5.578960e+02
      vertex 1.102573e+03 -8.112469e+01 5.578900e+02
      vertex 1.102586e+03 -8.112469e+01 5.578960e+02
    endloop
  endfacet
  facet normal -2.165429e-01 0.000000e+00 9.762731e-01
    outer loop
      vertex 1.102586e+03 8.519730e+01 5.578960e+02
      vertex 1.102586e+03 -8.112469e+01 5.578960e+02
      vertex 1.111150e+03 8.394760e+01 5.597955e+02
    endloop
  endfacet
  facet normal -2.165429e-01 0.000000e+00 9.762731e-01
    outer loop
      vertex 1.111150e+03 8.394760e+01 5.597955e+02
      vertex 1.102586e+03 -8.112469e+01 5.578960e+02
      vertex 1.111150e+03 -7.987500e+01 5.597955e+02
    endloop
  endfacet
  facet normal 2.165459e-01 -0.000000e+00 9.762725e-01
    outer loop
      vertex 1.111150e+03 8.394760e+01 5.597955e+02
      vertex 1.111150e+03 -7.987500e+01 5.597955e+02
      vertex 1.119714e+03 8.519730e+01 5.578960e+02
    endloop
  endfacet
  facet normal 2.165459e-01 -0.000000e+00 9.762725e-01
    outer loop
      vertex 1.119714e+03 8.519730e+01 5.578960e+02
      vertex 1.111150e+03 -7.987500e+01 5.597955e+02
      vertex 1.119714e+03 -8.112469e+01 5.578960e+02
    endloop
  endfacet
  facet normal 4.262159e-01 -0.000000e+00 9.046215e-01
    outer loop
      vertex 1.119714e+03 8.519730e+01 5.578960e+02
      vertex 1.119714e+03 -8.112469e+01 5.578960e+02
      vertex 1.119727e+03 8.519730e+01 5.578900e+02
    endloop
  endfacet
  facet normal 4.262159e-01 -0.000000e+00 9.046215e-01
    outer loop
      vertex 1.119727e+03 8.519730e+01 5.578900e+02
      vertex 1.119714e+03 -8.112469e+01 5.578960e+02
      vertex 1.119727e+03 -8.112469e+01 5.578900e+02
    endloop
  endfacet
  facet normal 4.228855e-01 -0.000000e+00 9.061831e-01
    outer loop
      vertex 1.119727e+03 8.519730e+01 5.578900e+02
      vertex 1.119727e+03 -8.112469e+01 5.578900e+02
      vertex 1.119740e+03 8.519730e+01 5.578840e+02
    endloop
  endfacet
  facet normal 4.228855e-01 -0.000000e+00 9.061831e-01
    outer loop
      vertex 1.119740e+03 8.519730e+01 5.578840e+02
      vertex 1.119727e+03 -8.112469e+01 5.578900e+02
      vertex 1.119740e+03 -8.112469e+01 5.578840e+02
    endloop
  endfacet
  facet normal 4.262159e-01 -0.000000e+00 9.046215e-01
    outer loop
      vertex 1.119740e+03 8.519730e+01 5.578840e+02
      vertex 1.119740e+03 -8.112469e+01 5.578840e+02
      vertex 1.119752e+03 8.519730e+01 5.578781e+02
    endloop
  endfacet
  facet normal 4.262159e-01 -0.000000e+00 9.046215e-01
    outer loop
      vertex 1.119752e+03 8.519730e+01 5.578781e+02
      vertex 1.119740e+03 -8.112469e+01 5.578840e+02
      vertex 1.119752e+03 -8.112469e+01 5.578781e+02
    endloop
  endfacet
  facet normal -4.262159e-01 0.000000e+00 9.046215e-01
    outer loop
      vertex 1.102573e+03 -8.112469e+01 5.578900e+02
      vertex 1.102573e+03 8.519730e+01 5.578900e+02
      vertex 1.102561e+03 -8.112469e+01 5.578840e+02
    endloop
  endfacet
  facet normal -4.262159e-01 0.000000e+00 9.046215e-01
    outer loop
      vertex 1.102561e+03 -8.112469e+01 5.578840e+02
      vertex 1.102573e+03 8.519730e+01 5.578900e+02
      vertex 1.102561e+03 8.519730e+01 5.578840e+02
    endloop
  endfacet
  facet normal -4.228855e-01 0.000000e+00 9.061831e-01
    outer loop
      vertex 1.102561e+03 -8.112469e+01 5.578840e+02
      vertex 1.102561e+03 8.519730e+01 5.578840e+02
      vertex 1.102548e+03 -8.112469e+01 5.578781e+02
    endloop
  endfacet
  facet normal -4.228855e-01 0.000000e+00 9.061831e-01
    outer loop
      vertex 1.102548e+03 -8.112469e+01 5.578781e+02
      vertex 1.102561e+03 8.519730e+01 5.578840e+02
      vertex 1.102548e+03 8.519730e+01 5.578781e+02
    endloop
  endfacet
  facet normal 9.895306e-01 0.000000e+00 -1.443234e-01
    outer loop
      vertex 1.119752e+03 -8.112469e+01 5.578781e+02
      vertex 1.119121e+03 -8.112469e+01 5.535493e+02
      vertex 1.119752e+03 8.519730e+01 5.578781e+02
    endloop
  endfacet
  facet normal 9.895306e-01 0.000000e+00 -1.443234e-01
    outer loop
      vertex 1.119752e+03 8.519730e+01 5.578781e+02
      vertex 1.119121e+03 -8.112469e+01 5.535493e+02
      vertex 1.119121e+03 8.519730e+01 5.535493e+02
    endloop
  endfacet
  facet normal 1.212824e-06 0.000000e+00 1.000000e+00
    outer loop
      vertex 1.119121e+03 -8.112469e+01 5.535493e+02
      vertex 1.219771e+03 -8.112469e+01 5.535492e+02
      vertex 1.119121e+03 8.519730e+01 5.535493e+02
    endloop
  endfacet
  facet normal 1.212824e-06 0.000000e+00 1.000000e+00
    outer loop
      vertex 1.119121e+03 8.519730e+01 5.535493e+02
      vertex 1.219771e+03 -8.112469e+01 5.535492e+02
      vertex 1.219771e+03 8.519730e+01 5.535492e+02
    endloop
  endfacet
  facet normal -1.000000e+00 0.000000e+00 0.000000e+00
    outer loop
      vertex 1.219771e+03 8.519730e+01 5.535492e+02
      vertex 1.219771e+03 -8.112469e+01 5.535492e+02
      vertex 1.219771e+03 8.519730e+01 5.578959e+02
    endloop
  endfacet
  facet normal -1.000000e+00 0.000000e+00 0.000000e+00
    outer loop
      vertex 1.219771e+03 8.519730e+01 5.578959e+02
      vertex 1.219771e+03 -8.112469e+01 5.535492e+02
      vertex 1.219771e+03 -8.112469e+01 5.578959e+02
    endloop
  endfacet
  facet normal -1.000000e+00 0.000000e+00 0.000000e+00
    outer loop
      vertex 1.219771e+03 8.519730e+01 5.578959e+02
      vertex 1.219771e+03 -8.112469e+01 5.578959e+02
      vertex 1.219771e+03 8.355634e+01 5.603901e+02
    endloop
  endfacet
  facet normal -1.000000e+00 0.000000e+00 0.000000e+00
    outer loop
      vertex 1.219771e+03 8.355634e+01 5.603901e+02
      vertex 1.219771e+03 -8.112469e+01 5.578959e+02
      vertex 1.219771e+03 -7.948370e+01 5.603901e+02
    endloop
  endfacet
  facet normal 0.000000e+00 0.000000e+00 1.000000e+00
    outer loop
      vertex 1.219771e+03 -7.948370e+01 5.603901e+02
      vertex 1.250351e+03 -7.948370e+01 5.603901e+02
      vertex 1.219771e+03 8.355634e+01 5.603901e+02
    endloop
  endfacet
  facet normal 0.000000e+00 0.000000e+00 1.000000e+00
    outer loop
      vertex 1.219771e+03 8.355634e+01 5.603901e+02
      vertex 1.250351e+03 -7.948370e+01 5.603901e+02
      vertex 1.250351e+03 8.355634e+01 5.603901e+02
    endloop
  endfacet
  facet normal 0.000000e+00 0.000000e+00 1.000000e+00
    outer loop
      vertex 1.255954e+03 -7.917383e+01 5.608612e+02
      vertex 1.259617e+03 -7.917383e+01 5.608612e+02
      vertex 1.255954e+03 8.324643e+01 5.608612e+02
    endloop
  endfacet
  facet normal 0.000000e+00 0.000000e+00 1.000000e+00
    outer loop
      vertex 1.255954e+03 8.324643e+01 5.608612e+02
      vertex 1.259617e+03 -7.917383e+01 5.608612e+02
      vertex 1.259617e+03 8.324643e+01 5.608612e+02
    endloop
  endfacet
  facet normal 0.000000e+00 0.000000e+00 1.000000e+00
    outer loop
      vertex 1.448849e+03 -7.962140e+01 5.601808e+02
      vertex 1.483678e+03 -7.962140e+01 5.601808e+02
      vertex 1.448849e+03 8.369409e+01 5.601808e+02
    endloop
  endfacet
  facet normal 0.000000e+00 0.000000e+00 1.000000e+00
    outer loop
      vertex 1.448849e+03 8.369409e+01 5.601808e+02
      vertex 1.483678e+03 -7.962140e+01 5.601808e+02
      vertex 1.483678e+03 8.369409e+01 5.601808e+02
    endloop
  endfacet
  facet normal 0.000000e+00 0.000000e+00 1.000000e+00
    outer loop
      vertex 1.487231e+03 -7.917380e+01 5.608612e+02
      vertex 1.494100e+03 -7.917380e+01 5.608612e+02
      vertex 1.487231e+03 8.324646e+01 5.608612e+02
    endloop
  endfacet
  facet normal 0.000000e+00 0.000000e+00 1.000000e+00
    outer loop
      vertex 1.487231e+03 8.324646e+01 5.608612e+02
      vertex 1.494100e+03 -7.917380e+01 5.608612e+02
      vertex 1.494100e+03 8.324646e+01 5.608612e+02
    endloop
  endfacet
  facet normal 1.000000e+00 0.000000e+00 -0.000000e+00
    outer loop
      vertex 1.494100e+03 8.324646e+01 5.608612e+02
      vertex 1.494100e+03 -7.917380e+01 5.608612e+02
      vertex 1.494100e+03 8.437216e+01 5.591501e+02
    endloop
  endfacet
  facet normal 1.000000e+00 -0.000000e+00 0.000000e+00
    outer loop
      vertex 1.494100e+03 8.437216e+01 5.591501e+02
      vertex 1.494100e+03 -7.917380e+01 5.608612e+02
      vertex 1.494100e+03 -8.029947e+01 5.591501e+02
    endloop
  endfacet
  facet normal -1.186398e-02 0.000000e+00 9.999296e-01
    outer loop
      vertex 1.494100e+03 8.437216e+01 5.591501e+02
      vertex 1.494100e+03 -8.029947e+01 5.591501e+02
      vertex 1.497156e+03 8.434830e+01 5.591864e+02
    endloop
  endfacet
  facet normal -1.186398e-02 0.000000e+00 9.999296e-01
    outer loop
      vertex 1.497156e+03 8.434830e+01 5.591864e+02
      vertex 1.494100e+03 -8.029947e+01 5.591501e+02
      vertex 1.497156e+03 -8.027560e+01 5.591864e+02
    endloop
  endfacet
  facet normal -1.000000e+00 0.000000e+00 0.000000e+00
    outer loop
      vertex 1.497156e+03 8.434830e+01 5.591864e+02
      vertex 1.497156e+03 -8.027560e+01 5.591864e+02
      vertex 1.497156e+03 8.069849e+01 5.647341e+02
    endloop
  endfacet
  facet normal -1.000000e+00 0.000000e+00 0.000000e+00
    outer loop
      vertex 1.497156e+03 8.069849e+01 5.647341e+02
      vertex 1.497156e+03 -8.027560e+01 5.591864e+02
      vertex 1.497156e+03 -7.662582e+01 5.647341e+02
    endloop
  endfacet
  facet normal 0.000000e+00 0.000000e+00 1.000000e+00
    outer loop
      vertex 1.497156e+03 -7.662582e+01 5.647341e+02
      vertex 1.501440e+03 -7.662582e+01 5.647341e+02
      vertex 1.497156e+03 8.069849e+01 5.647341e+02
    endloop
  endfacet
  facet normal 0.000000e+00 0.000000e+00 1.000000e+00
    outer loop
      vertex 1.497156e+03 8.069849e+01 5.647341e+02
      vertex 1.501440e+03 -7.662582e+01 5.647341e+02
      vertex 1.501440e+03 8.069849e+01 5.647341e+02
    endloop
  endfacet
  facet normal 1.000000e+00 0.000000e+00 -0.000000e+00
    outer loop
      vertex 1.501440e+03 8.069849e+01 5.647341e+02
      vertex 1.501440e+03 -7.662582e+01 5.647341e+02
      vertex 1.501440e+03 8.434830e+01 5.591864e+02
    endloop
  endfacet
  facet normal 1.000000e+00 -0.000000e+00 0.000000e+00
    outer loop
      vertex 1.501440e+03 8.434830e+01 5.591864e+02
      vertex 1.501440e+03 -7.662582e+01 5.647341e+02
      vertex 1.501440e+03 -8.027560e+01 5.591864e+02
    endloop
  endfacet
  facet normal 0.000000e+00 0.000000e+00 1.000000e+00
    outer loop
      vertex 1.501440e+03 -8.027560e+01 5.591864e+02
      vertex 1.506421e+03 -8.027560e+01 5.591864e+02
      vertex 1.501440e+03 8.434830e+01 5.591864e+02
    endloop
  endfacet
  facet normal 0.000000e+00 0.000000e+00 1.000000e+00
    outer loop
      vertex 1.501440e+03 8.434830e+01 5.591864e+02
      vertex 1.506421e+03 -8.027560e+01 5.591864e+02
      vertex 1.506421e+03 8.434830e+01 5.591864e+02
    endloop
  endfacet
  facet normal 0.000000e+00 0.000000e+00 1.000000e+00
    outer loop
      vertex 1.613089e+03 8.434830e+01 5.591864e+02
      vertex 1.608108e+03 8.434830e+01 5.591864e+02
      vertex 1.613089e+03 -8.027560e+01 5.591864e+02
    endloop
  endfacet
  facet normal -0.000000e+00 0.000000e+00 1.000000e+00
    outer loop
      vertex 1.613089e+03 -8.027560e+01 5.591864e+02
      vertex 1.608108e+03 8.434830e+01 5.591864e+02
      vertex 1.608108e+03 -8.027560e+01 5.591864e+02
    endloop
  endfacet
  facet normal -1.000000e+00 0.000000e+00 0.000000e+00
    outer loop
      vertex 1.613089e+03 8.434830e+01 5.591864e+02
      vertex 1.613089e+03 -8.027560e+01 5.591864e+02
      vertex 1.613089e+03 8.069849e+01 5.647341e+02
    endloop
  endfacet
  facet normal -1.000000e+00 0.000000e+00 0.000000e+00
    outer loop
      vertex 1.613089e+03 8.069849e+01 5.647341e+02
      vertex 1.613089e+03 -8.027560e+01 5.591864e+02
      vertex 1.613089e+03 -7.662582e+01 5.647341e+02
    endloop
  endfacet
  facet normal 0.000000e+00 0.000000e+00 1.000000e+00
    outer loop
      vertex 1.617374e+03 8.069849e+01 5.647341e+02
      vertex 1.613089e+03 8.069849e+01 5.647341e+02
      vertex 1.617374e+03 -7.662582e+01 5.647341e+02
    endloop
  endfacet
  facet normal -0.000000e+00 0.000000e+00 1.000000e+00
    outer loop
      vertex 1.617374e+03 -7.662582e+01 5.647341e+02
      vertex 1.613089e+03 8.069849e+01 5.647341e+02
      vertex 1.613089e+03 -7.662582e+01 5.647341e+02
    endloop
  endfacet
  facet normal 1.000000e+00 0.000000e+00 -0.000000e+00
    outer loop
      vertex 1.617374e+03 8.069849e+01 5.647341e+02
      vertex 1.617374e+03 -7.662582e+01 5.647341e+02
      vertex 1.617374e+03 8.434830e+01 5.591864e+02
    endloop
  endfacet
  facet normal 1.000000e+00 -0.000000e+00 0.000000e+00
    outer loop
      vertex 1.617374e+03 8.434830e+01 5.591864e+02
      vertex 1.617374e+03 -7.662582e+01 5.647341e+02
      vertex 1.617374e+03 -8.027560e+01 5.591864e+02
    endloop
  endfacet
  facet normal 1.186398e-02 -0.000000e+00 9.999296e-01
    outer loop
      vertex 1.620430e+03 8.437216e+01 5.591501e+02
      vertex 1.617374e+03 8.434830e+01 5.591864e+02
      vertex 1.620430e+03 -8.029947e+01 5.591501e+02
    endloop
  endfacet
  facet normal 1.186398e-02 0.000000e+00 9.999296e-01
    outer loop
      vertex 1.620430e+03 -8.029947e+01 5.591501e+02
      vertex 1.617374e+03 8.434830e+01 5.591864e+02
      vertex 1.617374e+03 -8.027560e+01 5.591864e+02
    endloop
  endfacet
  facet normal -1.000000e+00 0.000000e+00 0.000000e+00
    outer loop
      vertex 1.620430e+03 8.437216e+01 5.591501e+02
      vertex 1.620430e+03 -8.029947e+01 5.591501e+02
      vertex 1.620430e+03 8.324646e+01 5.608612e+02
    endloop
  endfacet
  facet normal -1.000000e+00 0.000000e+00 0.000000e+00
    outer loop
      vertex 1.620430e+03 8.324646e+01 5.608612e+02
      vertex 1.620430e+03 -8.029947e+01 5.591501e+02
      vertex 1.620430e+03 -7.917380e+01 5.608612e+02
    endloop
  endfacet
  facet normal 1.000000e+00 0.000000e+00 0.000000e+00
    outer loop
      vertex 1.627299e+03 -8.112466e+01 5.535864e+02
      vertex 1.627299e+03 8.519733e+01 5.535864e+02
      vertex 1.627299e+03 -8.112466e+01 5.578959e+02
    endloop
  endfacet
  facet normal 1.000000e+00 0.000000e+00 0.000000e+00
    outer loop
      vertex 1.627299e+03 -8.112466e+01 5.578959e+02
      vertex 1.627299e+03 8.519733e+01 5.535864e+02
      vertex 1.627299e+03 8.519733e+01 5.578959e+02
    endloop
  endfacet
  facet normal 1.000000e+00 0.000000e+00 0.000000e+00
    outer loop
      vertex 1.627299e+03 -8.112466e+01 5.578959e+02
      vertex 1.627299e+03 8.519733e+01 5.578959e+02
      vertex 1.627299e+03 -7.917380e+01 5.608612e+02
    endloop
  endfacet
  facet normal 1.000000e+00 0.000000e+00 0.000000e+00
    outer loop
      vertex 1.627299e+03 -7.917380e+01 5.608612e+02
      vertex 1.627299e+03 8.519733e+01 5.578959e+02
      vertex 1.627299e+03 8.324646e+01 5.608612e+02
    endloop
  endfacet
  facet normal 0.000000e+00 0.000000e+00 1.000000e+00
    outer loop
      vertex 1.630851e+03 8.519733e+01 5.535864e+02
      vertex 1.627299e+03 8.519733e+01 5.535864e+02
      vertex 1.630851e+03 -8.112466e+01 5.535864e+02
    endloop
  endfacet
  facet normal -0.000000e+00 0.000000e+00 1.000000e+00
    outer loop
      vertex 1.630851e+03 -8.112466e+01 5.535864e+02
      vertex 1.627299e+03 8.519733e+01 5.535864e+02
      vertex 1.627299e+03 -8.112466e+01 5.535864e+02
    endloop
  endfacet
  facet normal -1.000000e+00 0.000000e+00 0.000000e+00
    outer loop
      vertex 1.630851e+03 8.519733e+01 5.535864e+02
      vertex 1.630851e+03 -8.112466e+01 5.535864e+02
      vertex 1.630851e+03 8.519733e+01 5.578959e+02
    endloop
  endfacet
  facet normal -1.000000e+00 0.000000e+00 0.000000e+00
    outer loop
      vertex 1.630851e+03 8.519733e+01 5.578959e+02
      vertex 1.630851e+03 -8.112466e+01 5.535864e+02
      vertex 1.630851e+03 -8.112466e+01 5.578959e+02
    endloop
  endfacet
  facet normal -1.000000e+00 0.000000e+00 0.000000e+00
    outer loop
      vertex 1.630851e+03 8.519733e+01 5.578959e+02
      vertex 1.630851e+03 -8.112466e+01 5.578959e+02
      vertex 1.630851e+03 8.369409e+01 5.601808e+02
    endloop
  endfacet
  facet normal -1.000000e+00 0.000000e+00 0.000000e+00
    outer loop
      vertex 1.630851e+03 8.369409e+01 5.601808e+02
      vertex 1.630851e+03 -8.112466e+01 5.578959e+02
      vertex 1.630851e+03 -7.962140e+01 5.601808e+02
    endloop
  endfacet
  facet normal 0.000000e+00 0.000000e+00 1.000000e+00
    outer loop
      vertex 1.627299e+03 8.324646e+01 5.608612e+02
      vertex 1.620430e+03 8.324646e+01 5.608612e+02
      vertex 1.627299e+03 -7.917380e+01 5.608612e+02
    endloop
  endfacet
  facet normal -0.000000e+00 0.000000e+00 1.000000e+00
    outer loop
      vertex 1.627299e+03 -7.917380e+01 5.608612e+02
      vertex 1.620430e+03 8.324646e+01 5.608612e+02
      vertex 1.620430e+03 -7.917380e+01 5.608612e+02
    endloop
  endfacet
  facet normal 1.000000e+00 0.000000e+00 0.000000e+00
    outer loop
      vertex 1.665680e+03 -8.112463e+01 5.535864e+02
      vertex 1.665680e+03 8.519736e+01 5.535864e+02
      vertex 1.665680e+03 -8.112463e+01 5.578959e+02
    endloop
  endfacet
  facet normal 1.000000e+00 0.000000e+00 0.000000e+00
    outer loop
      vertex 1.665680e+03 -8.112463e+01 5.578959e+02
      vertex 1.665680e+03 8.519736e+01 5.535864e+02
      vertex 1.665680e+03 8.519736e+01 5.578959e+02
    endloop
  endfacet
  facet normal 1.000000e+00 0.000000e+00 0.000000e+00
    outer loop
      vertex 1.665680e+03 -8.112463e+01 5.578959e+02
      vertex 1.665680e+03 8.519736e+01 5.578959e+02
      vertex 1.665680e+03 -7.962137e+01 5.601808e+02
    endloop
  endfacet
  facet normal 1.000000e+00 0.000000e+00 0.000000e+00
    outer loop
      vertex 1.665680e+03 -7.962137e+01 5.601808e+02
      vertex 1.665680e+03 8.519736e+01 5.578959e+02
      vertex 1.665680e+03 8.369412e+01 5.601808e+02
    endloop
  endfacet
  facet normal 1.785206e-03 -0.000000e+00 9.999984e-01
    outer loop
      vertex 1.841619e+03 8.519736e+01 5.532723e+02
      vertex 1.665680e+03 8.519736e+01 5.535864e+02
      vertex 1.841619e+03 -8.112463e+01 5.532723e+02
    endloop
  endfacet
  facet normal 1.785206e-03 0.000000e+00 9.999984e-01
    outer loop
      vertex 1.841619e+03 -8.112463e+01 5.532723e+02
      vertex 1.665680e+03 8.519736e+01 5.535864e+02
      vertex 1.665680e+03 -8.112463e+01 5.535864e+02
    endloop
  endfacet
  facet normal -1.000000e+00 0.000000e+00 0.000000e+00
    outer loop
      vertex 1.841619e+03 8.519736e+01 5.532723e+02
      vertex 1.841619e+03 -8.112463e+01 5.532723e+02
      vertex 1.841619e+03 8.519736e+01 5.570405e+02
    endloop
  endfacet
  facet normal -1.000000e+00 0.000000e+00 0.000000e+00
    outer loop
      vertex 1.841619e+03 8.519736e+01 5.570405e+02
      vertex 1.841619e+03 -8.112463e+01 5.532723e+02
      vertex 1.841619e+03 -8.112463e+01 5.570405e+02
    endloop
  endfacet
  facet normal 0.000000e+00 0.000000e+00 1.000000e+00
    outer loop
      vertex 1.851250e+03 8.519736e+01 5.570405e+02
      vertex 1.841619e+03 8.519736e+01 5.570405e+02
      vertex 1.851250e+03 -8.112463e+01 5.570405e+02
    endloop
  endfacet
  facet normal -0.000000e+00 0.000000e+00 1.000000e+00
    outer loop
      vertex 1.851250e+03 -8.112463e+01 5.570405e+02
      vertex 1.841619e+03 8.519736e+01 5.570405e+02
      vertex 1.841619e+03 -8.112463e+01 5.570405e+02
    endloop
  endfacet
  facet normal 1.000000e+00 0.000000e+00 0.000000e+00
    outer loop
      vertex 1.851250e+03 8.519736e+01 5.570405e+02
      vertex 1.851250e+03 -8.112463e+01 5.570405e+02
      vertex 1.851250e+03 8.519736e+01 5.537433e+02
    endloop
  endfacet
  facet normal 1.000000e+00 -0.000000e+00 0.000000e+00
    outer loop
      vertex 1.851250e+03 8.519736e+01 5.537433e+02
      vertex 1.851250e+03 -8.112463e+01 5.570405e+02
      vertex 1.851250e+03 -8.112463e+01 5.537433e+02
    endloop
  endfacet
  facet normal 0.000000e+00 0.000000e+00 1.000000e+00
    outer loop
      vertex 1.854913e+03 8.519736e+01 5.537433e+02
      vertex 1.851250e+03 8.519736e+01 5.537433e+02
      vertex 1.854913e+03 -8.112463e+01 5.537433e+02
    endloop
  endfacet
  facet normal -0.000000e+00 0.000000e+00 1.000000e+00
    outer loop
      vertex 1.854913e+03 -8.112463e+01 5.537433e+02
      vertex 1.851250e+03 8.519736e+01 5.537433e+02
      vertex 1.851250e+03 -8.112463e+01 5.537433e+02
    endloop
  endfacet
  facet normal -1.000000e+00 0.000000e+00 0.000000e+00
    outer loop
      vertex 1.854913e+03 8.519736e+01 5.537433e+02
      vertex 1.854913e+03 -8.112463e+01 5.537433e+02
      vertex 1.854913e+03 8.519736e+01 5.578959e+02
    endloop
  endfacet
  facet normal -1.000000e+00 0.000000e+00 0.000000e+00
    outer loop
      vertex 1.854913e+03 8.519736e+01 5.578959e+02
      vertex 1.854913e+03 -8.112463e+01 5.537433e+02
      vertex 1.854913e+03 -8.112463e+01 5.578959e+02
    endloop
  endfacet
  facet normal -1.000000e+00 0.000000e+00 0.000000e+00
    outer loop
      vertex 1.854913e+03 8.519736e+01 5.578959e+02
      vertex 1.854913e+03 -8.112463e+01 5.578959e+02
      vertex 1.854913e+03 8.324649e+01 5.608612e+02
    endloop
  endfacet
  facet normal -1.000000e+00 0.000000e+00 0.000000e+00
    outer loop
      vertex 1.854913e+03 8.324649e+01 5.608612e+02
      vertex 1.854913e+03 -8.112463e+01 5.578959e+02
      vertex 1.854913e+03 -7.917377e+01 5.608612e+02
    endloop
  endfacet
  facet normal 0.000000e+00 0.000000e+00 1.000000e+00
    outer loop
      vertex 1.665680e+03 8.369412e+01 5.601808e+02
      vertex 1.630851e+03 8.369409e+01 5.601808e+02
      vertex 1.665680e+03 -7.962137e+01 5.601808e+02
    endloop
  endfacet
  facet normal -0.000000e+00 0.000000e+00 1.000000e+00
    outer loop
      vertex 1.665680e+03 -7.962137e+01 5.601808e+02
      vertex 1.630851e+03 8.369409e+01 5.601808e+02
      vertex 1.630851e+03 -7.962140e+01 5.601808e+02
    endloop
  endfacet
  facet normal 1.000000e+00 0.000000e+00 0.000000e+00
    outer loop
      vertex 1.858575e+03 -8.112463e+01 5.536387e+02
      vertex 1.858575e+03 8.519736e+01 5.536387e+02
      vertex 1.858575e+03 -8.112463e+01 5.578959e+02
    endloop
  endfacet
  facet normal 1.000000e+00 0.000000e+00 0.000000e+00
    outer loop
      vertex 1.858575e+03 -8.112463e+01 5.578959e+02
      vertex 1.858575e+03 8.519736e+01 5.536387e+02
      vertex 1.858575e+03 8.519736e+01 5.578959e+02
    endloop
  endfacet
  facet normal 1.000000e+00 0.000000e+00 0.000000e+00
    outer loop
      vertex 1.858575e+03 -8.112463e+01 5.578959e+02
      vertex 1.858575e+03 8.519736e+01 5.578959e+02
      vertex 1.858575e+03 -7.917377e+01 5.608612e+02
    endloop
  endfacet
  facet normal 1.000000e+00 0.000000e+00 0.000000e+00
    outer loop
      vertex 1.858575e+03 -7.917377e+01 5.608612e+02
      vertex 1.858575e+03 8.519736e+01 5.578959e+02
      vertex 1.858575e+03 8.324649e+01 5.608612e+02
    endloop
  endfacet
  facet normal 0.000000e+00 0.000000e+00 1.000000e+00
    outer loop
      vertex 1.864178e+03 8.519736e+01 5.536387e+02
      vertex 1.858575e+03 8.519736e+01 5.536387e+02
      vertex 1.864178e+03 -8.112463e+01 5.536387e+02
    endloop
  endfacet
  facet normal -0.000000e+00 0.000000e+00 1.000000e+00
    outer loop
      vertex 1.864178e+03 -8.112463e+01 5.536387e+02
      vertex 1.858575e+03 8.519736e+01 5.536387e+02
      vertex 1.858575e+03 -8.112463e+01 5.536387e+02
    endloop
  endfacet
  facet normal -1.000000e+00 0.000000e+00 0.000000e+00
    outer loop
      vertex 1.864178e+03 8.519736e+01 5.536387e+02
      vertex 1.864178e+03 -8.112463e+01 5.536387e+02
      vertex 1.864178e+03 8.519736e+01 5.578959e+02
    endloop
  endfacet
  facet normal -1.000000e+00 0.000000e+00 0.000000e+00
    outer loop
      vertex 1.864178e+03 8.519736e+01 5.578959e+02
      vertex 1.864178e+03 -8.112463e+01 5.536387e+02
      vertex 1.864178e+03 -8.112463e+01 5.578959e+02
    endloop
  endfacet
  facet normal -1.000000e+00 0.000000e+00 0.000000e+00
    outer loop
      vertex 1.864178e+03 8.519736e+01 5.578959e+02
      vertex 1.864178e+03 -8.112463e+01 5.578959e+02
      vertex 1.864178e+03 8.355640e+01 5.603901e+02
    endloop
  endfacet
  facet normal -1.000000e+00 0.000000e+00 0.000000e+00
    outer loop
      vertex 1.864178e+03 8.355640e+01 5.603901e+02
      vertex 1.864178e+03 -8.112463e+01 5.578959e+02
      vertex 1.864178e+03 -7.948364e+01 5.603901e+02
    endloop
  endfacet
  facet normal 0.000000e+00 0.000000e+00 1.000000e+00
    outer loop
      vertex 1.858575e+03 8.324649e+01 5.608612e+02
      vertex 1.854913e+03 8.324649e+01 5.608612e+02
      vertex 1.858575e+03 -7.917377e+01 5.608612e+02
    endloop
  endfacet
  facet normal -0.000000e+00 0.000000e+00 1.000000e+00
    outer loop
      vertex 1.858575e+03 -7.917377e+01 5.608612e+02
      vertex 1.854913e+03 8.324649e+01 5.608612e+02
      vertex 1.854913e+03 -7.917377e+01 5.608612e+02
    endloop
  endfacet
  facet normal 1.000000e+00 0.000000e+00 0.000000e+00
    outer loop
      vertex 2.293038e+03 1.421998e+02 2.762009e+02
      vertex 2.293038e+03 1.421998e+02 2.783499e+02
      vertex 2.293038e+03 -1.381270e+02 2.783499e+02
    endloop
  endfacet
  facet normal 1.000000e+00 0.000000e+00 0.000000e+00
    outer loop
      vertex 2.293038e+03 -1.381270e+02 2.783499e+02
      vertex 2.293038e+03 1.421998e+02 2.783499e+02
      vertex 2.293038e+03 1.423508e+02 2.787848e+02
    endloop
  endfacet
  facet normal 1.000000e+00 0.000000e+00 0.000000e+00
    outer loop
      vertex 2.293038e+03 -1.381270e+02 2.783499e+02
      vertex 2.293038e+03 1.423508e+02 2.787848e+02
      vertex 2.293038e+03 -1.385658e+02 2.796552e+02
    endloop
  endfacet
  facet normal 1.000000e+00 0.000000e+00 0.000000e+00
    outer loop
      vertex 2.293038e+03 -1.385658e+02 2.796552e+02
      vertex 2.293038e+03 1.423508e+02 2.787848e+02
      vertex 2.293038e+03 1.425013e+02 2.792199e+02
    endloop
  endfacet
  facet normal 1.000000e+00 0.000000e+00 0.000000e+00
    outer loop
      vertex 2.293038e+03 -1.385658e+02 2.796552e+02
      vertex 2.293038e+03 1.425013e+02 2.792199e+02
      vertex 2.293038e+03 1.426514e+02 2.796552e+02
    endloop
  endfacet
  facet normal 1.000000e+00 0.000000e+00 -0.000000e+00
    outer loop
      vertex 2.293038e+03 -1.381270e+02 2.783499e+02
      vertex 2.293038e+03 -1.381270e+02 2.762009e+02
      vertex 2.293038e+03 1.421998e+02 2.762009e+02
    endloop
  endfacet
  facet normal 0.000000e+00 0.000000e+00 1.000000e+00
    outer loop
      vertex 2.293038e+03 -1.381270e+02 2.762009e+02
      vertex 2.297103e+03 -1.381270e+02 2.762009e+02
      vertex 2.293038e+03 1.421998e+02 2.762009e+02
    endloop
  endfacet
  facet normal 0.000000e+00 0.000000e+00 1.000000e+00
    outer loop
      vertex 2.293038e+03 1.421998e+02 2.762009e+02
      vertex 2.297103e+03 -1.381270e+02 2.762009e+02
      vertex 2.297103e+03 1.421998e+02 2.762009e+02
    endloop
  endfacet
  facet normal 1.000000e+00 0.000000e+00 0.000000e+00
    outer loop
      vertex 2.297103e+03 1.421998e+02 2.762009e+02
      vertex 2.297103e+03 -1.381270e+02 2.762009e+02
      vertex 2.297103e+03 1.421998e+02 2.727467e+02
    endloop
  endfacet
  facet normal 1.000000e+00 -0.000000e+00 0.000000e+00
    outer loop
      vertex 2.297103e+03 1.421998e+02 2.727467e+02
      vertex 2.297103e+03 -1.381270e+02 2.762009e+02
      vertex 2.297103e+03 -1.381270e+02 2.727467e+02
    endloop
  endfacet
  facet normal 0.000000e+00 0.000000e+00 -1.000000e+00
    outer loop
      vertex 2.297103e+03 -1.381270e+02 2.727467e+02
      vertex 2.293844e+03 -1.381270e+02 2.727467e+02
      vertex 2.297103e+03 1.421998e+02 2.727467e+02
    endloop
  endfacet
  facet normal 0.000000e+00 0.000000e+00 -1.000000e+00
    outer loop
      vertex 2.297103e+03 1.421998e+02 2.727467e+02
      vertex 2.293844e+03 -1.381270e+02 2.727467e+02
      vertex 2.293844e+03 1.421998e+02 2.727467e+02
    endloop
  endfacet
  facet normal 1.000000e+00 0.000000e+00 0.000000e+00
    outer loop
      vertex 2.293844e+03 1.421998e+02 2.727467e+02
      vertex 2.293844e+03 -1.381270e+02 2.727467e+02
      vertex 2.293844e+03 1.421998e+02 2.686644e+02
    endloop
  endfacet
  facet normal 1.000000e+00 -0.000000e+00 0.000000e+00
    outer loop
      vertex 2.293844e+03 1.421998e+02 2.686644e+02
      vertex 2.293844e+03 -1.381270e+02 2.727467e+02
      vertex 2.293844e+03 -1.381270e+02 2.686644e+02
    endloop
  endfacet
  facet normal 0.000000e+00 0.000000e+00 1.000000e+00
    outer loop
      vertex 2.293844e+03 -1.381270e+02 2.686644e+02
      vertex 2.297103e+03 -1.381270e+02 2.686644e+02
      vertex 2.293844e+03 1.421998e+02 2.686644e+02
    endloop
  endfacet
  facet normal 0.000000e+00 0.000000e+00 1.000000e+00
    outer loop
      vertex 2.293844e+03 1.421998e+02 2.686644e+02
      vertex 2.297103e+03 -1.381270e+02 2.686644e+02
      vertex 2.297103e+03 1.421998e+02 2.686644e+02
    endloop
  endfacet
  facet normal 1.000000e+00 0.000000e+00 0.000000e+00
    outer loop
      vertex 2.297103e+03 1.421998e+02 2.686644e+02
      vertex 2.297103e+03 -1.381270e+02 2.686644e+02
      vertex 2.297103e+03 1.421998e+02 2.657859e+02
    endloop
  endfacet
  facet normal 1.000000e+00 -0.000000e+00 0.000000e+00
    outer loop
      vertex 2.297103e+03 1.421998e+02 2.657859e+02
      vertex 2.297103e+03 -1.381270e+02 2.686644e+02
      vertex 2.297103e+03 -1.381270e+02 2.657859e+02
    endloop
  endfacet
  facet normal 0.000000e+00 0.000000e+00 -1.000000e+00
    outer loop
      vertex 2.297103e+03 -1.381270e+02 2.657859e+02
      vertex 2.292635e+03 -1.381270e+02 2.657859e+02
      vertex 2.297103e+03 1.421998e+02 2.657859e+02
    endloop
  endfacet
  facet normal 0.000000e+00 0.000000e+00 -1.000000e+00
    outer loop
      vertex 2.297103e+03 1.421998e+02 2.657859e+02
      vertex 2.292635e+03 -1.381270e+02 2.657859e+02
      vertex 2.292635e+03 1.421998e+02 2.657859e+02
    endloop
  endfacet
  facet normal 1.000000e+00 0.000000e+00 0.000000e+00
    outer loop
      vertex 2.292635e+03 1.421998e+02 2.657859e+02
      vertex 2.292635e+03 -1.381270e+02 2.657859e+02
      vertex 2.292635e+03 1.421998e+02 2.629074e+02
    endloop
  endfacet
  facet normal 1.000000e+00 -0.000000e+00 0.000000e+00
    outer loop
      vertex 2.292635e+03 1.421998e+02 2.629074e+02
      vertex 2.292635e+03 -1.381270e+02 2.657859e+02
      vertex 2.292635e+03 -1.381270e+02 2.629074e+02
    endloop
  endfacet
  facet normal 0.000000e+00 0.000000e+00 1.000000e+00
    outer loop
      vertex 2.292635e+03 -1.381270e+02 2.629074e+02
      vertex 2.296700e+03 -1.381270e+02 2.629074e+02
      vertex 2.292635e+03 1.421998e+02 2.629074e+02
    endloop
  endfacet
  facet normal 0.000000e+00 0.000000e+00 1.000000e+00
    outer loop
      vertex 2.292635e+03 1.421998e+02 2.629074e+02
      vertex 2.296700e+03 -1.381270e+02 2.629074e+02
      vertex 2.296700e+03 1.421998e+02 2.629074e+02
    endloop
  endfacet
  facet normal 1.000000e+00 0.000000e+00 0.000000e+00
    outer loop
      vertex 2.296700e+03 1.421998e+02 2.629074e+02
      vertex 2.296700e+03 -1.381270e+02 2.629074e+02
      vertex 2.296700e+03 1.421998e+02 2.600288e+02
    endloop
  endfacet
  facet normal 1.000000e+00 -0.000000e+00 0.000000e+00
    outer loop
      vertex 2.296700e+03 1.421998e+02 2.600288e+02
      vertex 2.296700e+03 -1.381270e+02 2.629074e+02
      vertex 2.296700e+03 -1.381270e+02 2.600288e+02
    endloop
  endfacet
  facet normal 0.000000e+00 0.000000e+00 -1.000000e+00
    outer loop
      vertex 2.296700e+03 -1.381270e+02 2.600288e+02
      vertex 2.288203e+03 -1.381270e+02 2.600288e+02
      vertex 2.296700e+03 1.421998e+02 2.600288e+02
    endloop
  endfacet
  facet normal 0.000000e+00 0.000000e+00 -1.000000e+00
    outer loop
      vertex 2.296700e+03 1.421998e+02 2.600288e+02
      vertex 2.288203e+03 -1.381270e+02 2.600288e+02
      vertex 2.288203e+03 1.421998e+02 2.600288e+02
    endloop
  endfacet
  facet normal 1.000000e+00 0.000000e+00 -0.000000e+00
    outer loop
      vertex 2.288203e+03 1.421998e+02 2.600288e+02
      vertex 2.288203e+03 -1.381270e+02 2.600288e+02
      vertex 2.288203e+03 1.421998e+02 2.578307e+02
    endloop
  endfacet
  facet normal 1.000000e+00 -0.000000e+00 0.000000e+00
    outer loop
      vertex 2.288203e+03 1.421998e+02 2.578307e+02
      vertex 2.288203e+03 -1.381270e+02 2.600288e+02
      vertex 2.288203e+03 -1.381270e+02 2.578307e+02
    endloop
  endfacet
  facet normal 0.000000e+00 0.000000e+00 1.000000e+00
    outer loop
      vertex 2.298788e+03 1.421998e+02 2.578307e+02
      vertex 2.288203e+03 1.421998e+02 2.578307e+02
      vertex 2.298788e+03 -1.381270e+02 2.578307e+02
    endloop
  endfacet
  facet normal -0.000000e+00 0.000000e+00 1.000000e+00
    outer loop
      vertex 2.298788e+03 -1.381270e+02 2.578307e+02
      vertex 2.288203e+03 1.421998e+02 2.578307e+02
      vertex 2.288203e+03 -1.381270e+02 2.578307e+02
    endloop
  endfacet
  facet normal -3.859654e-02 0.000000e+00 9.992549e-01
    outer loop
      vertex 2.298788e+03 1.421998e+02 2.578307e+02
      vertex 2.298788e+03 -1.381270e+02 2.578307e+02
      vertex 2.312862e+03 1.421998e+02 2.583743e+02
    endloop
  endfacet
  facet normal -3.859654e-02 0.000000e+00 9.992549e-01
    outer loop
      vertex 2.312862e+03 1.421998e+02 2.583743e+02
      vertex 2.298788e+03 -1.381270e+02 2.578307e+02
      vertex 2.312862e+03 -1.381270e+02 2.583743e+02
    endloop
  endfacet
  facet normal 2.275434e-01 -0.000000e+00 9.737679e-01
    outer loop
      vertex 2.312862e+03 1.421998e+02 2.583743e+02
      vertex 2.312862e+03 -1.381270e+02 2.583743e+02
      vertex 2.313275e+03 1.421998e+02 2.582778e+02
    endloop
  endfacet
  facet normal 2.275434e-01 -0.000000e+00 9.737679e-01
    outer loop
      vertex 2.313275e+03 1.421998e+02 2.582778e+02
      vertex 2.312862e+03 -1.381270e+02 2.583743e+02
      vertex 2.313275e+03 -1.381270e+02 2.582778e+02
    endloop
  endfacet
  facet normal 6.935171e-01 -0.000000e+00 7.204401e-01
    outer loop
      vertex 2.313275e+03 1.421998e+02 2.582778e+02
      vertex 2.313275e+03 -1.381270e+02 2.582778e+02
      vertex 2.313581e+03 1.421998e+02 2.579838e+02
    endloop
  endfacet
  facet normal 6.935171e-01 -0.000000e+00 7.204401e-01
    outer loop
      vertex 2.313581e+03 1.421998e+02 2.579838e+02
      vertex 2.313275e+03 -1.381270e+02 2.582778e+02
      vertex 2.313581e+03 -1.381270e+02 2.579838e+02
    endloop
  endfacet
  facet normal 9.641401e-01 -0.000000e+00 2.653940e-01
    outer loop
      vertex 2.313581e+03 1.421998e+02 2.579838e+02
      vertex 2.313581e+03 -1.381270e+02 2.579838e+02
      vertex 2.313693e+03 1.421998e+02 2.575749e+02
    endloop
  endfacet
  facet normal 9.641401e-01 -0.000000e+00 2.653940e-01
    outer loop
      vertex 2.313693e+03 1.421998e+02 2.575749e+02
      vertex 2.313581e+03 -1.381270e+02 2.579838e+02
      vertex 2.313693e+03 -1.381270e+02 2.575749e+02
    endloop
  endfacet
  facet normal 1.000000e+00 0.000000e+00 0.000000e+00
    outer loop
      vertex 2.313693e+03 1.421998e+02 2.575749e+02
      vertex 2.313693e+03 -1.381270e+02 2.575749e+02
      vertex 2.313693e+03 1.421998e+02 2.551092e+02
    endloop
  endfacet
  facet normal 1.000000e+00 -0.000000e+00 0.000000e+00
    outer loop
      vertex 2.313693e+03 1.421998e+02 2.551092e+02
      vertex 2.313693e+03 -1.381270e+02 2.575749e+02
      vertex 2.313693e+03 -1.381270e+02 2.551092e+02
    endloop
  endfacet
  facet normal 0.000000e+00 0.000000e+00 -1.000000e+00
    outer loop
      vertex 2.313693e+03 -1.381270e+02 2.551092e+02
      vertex 2.288203e+03 -1.381270e+02 2.551092e+02
      vertex 2.313693e+03 1.421998e+02 2.551092e+02
    endloop
  endfacet
  facet normal 0.000000e+00 0.000000e+00 -1.000000e+00
    outer loop
      vertex 2.313693e+03 1.421998e+02 2.551092e+02
      vertex 2.288203e+03 -1.381270e+02 2.551092e+02
      vertex 2.288203e+03 1.421998e+02 2.551092e+02
    endloop
  endfacet
  facet normal 9.999636e-01 0.000000e+00 -8.535246e-03
    outer loop
      vertex 2.288203e+03 -1.381270e+02 2.551092e+02
      vertex 2.288161e+03 -1.381270e+02 2.501895e+02
      vertex 2.288203e+03 1.421998e+02 2.551092e+02
    endloop
  endfacet
  facet normal 9.999636e-01 0.000000e+00 -8.535246e-03
    outer loop
      vertex 2.288203e+03 1.421998e+02 2.551092e+02
      vertex 2.288161e+03 -1.381270e+02 2.501895e+02
      vertex 2.288161e+03 1.421998e+02 2.501895e+02
    endloop
  endfacet
  facet normal 0.000000e+00 0.000000e+00 1.000000e+00
    outer loop
      vertex 2.288161e+03 -1.381270e+02 2.501895e+02
      vertex 2.324719e+03 -1.381270e+02 2.501895e+02
      vertex 2.288161e+03 1.421998e+02 2.501895e+02
    endloop
  endfacet
  facet normal 0.000000e+00 0.000000e+00 1.000000e+00
    outer loop
      vertex 2.288161e+03 1.421998e+02 2.501895e+02
      vertex 2.324719e+03 -1.381270e+02 2.501895e+02
      vertex 2.324719e+03 1.421998e+02 2.501895e+02
    endloop
  endfacet
  facet normal 2.588147e-01 -0.000000e+00 9.659270e-01
    outer loop
      vertex 2.324719e+03 1.421998e+02 2.501895e+02
      vertex 2.324719e+03 -1.381270e+02 2.501895e+02
      vertex 2.325469e+03 1.421998e+02 2.499886e+02
    endloop
  endfacet
  facet normal 2.588147e-01 -0.000000e+00 9.659270e-01
    outer loop
      vertex 2.325469e+03 1.421998e+02 2.499886e+02
      vertex 2.324719e+03 -1.381270e+02 2.501895e+02
      vertex 2.325469e+03 -1.381270e+02 2.499886e+02
    endloop
  endfacet
  facet normal 7.070871e-01 -0.000000e+00 7.071264e-01
    outer loop
      vertex 2.325469e+03 1.421998e+02 2.499886e+02
      vertex 2.325469e+03 -1.381270e+02 2.499886e+02
      vertex 2.326018e+03 1.421998e+02 2.494395e+02
    endloop
  endfacet
  facet normal 7.070871e-01 -0.000000e+00 7.071264e-01
    outer loop
      vertex 2.326018e+03 1.421998e+02 2.494395e+02
      vertex 2.325469e+03 -1.381270e+02 2.499886e+02
      vertex 2.326018e+03 -1.381270e+02 2.494395e+02
    endloop
  endfacet
  facet normal 9.659368e-01 -0.000000e+00 2.587780e-01
    outer loop
      vertex 2.326018e+03 1.421998e+02 2.494395e+02
      vertex 2.326018e+03 -1.381270e+02 2.494395e+02
      vertex 2.326219e+03 1.421998e+02 2.486895e+02
    endloop
  endfacet
  facet normal 9.659368e-01 -0.000000e+00 2.587780e-01
    outer loop
      vertex 2.326219e+03 1.421998e+02 2.486895e+02
      vertex 2.326018e+03 -1.381270e+02 2.494395e+02
      vertex 2.326219e+03 -1.381270e+02 2.486895e+02
    endloop
  endfacet
  facet normal 1.000000e+00 0.000000e+00 0.000000e+00
    outer loop
      vertex 2.326219e+03 1.421998e+02 2.486895e+02
      vertex 2.326219e+03 -1.381270e+02 2.486895e+02
      vertex 2.326219e+03 1.421998e+02 2.484624e+02
    endloop
  endfacet
  facet normal 1.000000e+00 -0.000000e+00 0.000000e+00
    outer loop
      vertex 2.326219e+03 1.421998e+02 2.484624e+02
      vertex 2.326219e+03 -1.381270e+02 2.486895e+02
      vertex 2.326219e+03 -1.381270e+02 2.484624e+02
    endloop
  endfacet
  facet normal 0.000000e+00 0.000000e+00 1.000000e+00
    outer loop
      vertex 2.326219e+03 -1.381270e+02 2.484624e+02
      vertex 2.336095e+03 -1.381270e+02 2.484624e+02
      vertex 2.326219e+03 1.421998e+02 2.484624e+02
    endloop
  endfacet
  facet normal 0.000000e+00 0.000000e+00 1.000000e+00
    outer loop
      vertex 2.326219e+03 1.421998e+02 2.484624e+02
      vertex 2.336095e+03 -1.381270e+02 2.484624e+02
      vertex 2.336095e+03 1.421998e+02 2.484624e+02
    endloop
  endfacet
  facet normal -9.466452e-01 0.000000e+00 3.222777e-01
    outer loop
      vertex 2.337515e+03 1.421998e+02 2.494790e+02
      vertex 2.337515e+03 -1.381270e+02 2.494790e+02
      vertex 2.338487e+03 1.421998e+02 2.523353e+02
    endloop
  endfacet
  facet normal -9.466452e-01 0.000000e+00 3.222777e-01
    outer loop
      vertex 2.338487e+03 1.421998e+02 2.523353e+02
      vertex 2.337515e+03 -1.381270e+02 2.494790e+02
      vertex 2.338487e+03 -1.381270e+02 2.523353e+02
    endloop
  endfacet
  facet normal -8.601179e-01 0.000000e+00 5.100952e-01
    outer loop
      vertex 2.337515e+03 -1.381270e+02 2.494790e+02
      vertex 2.337515e+03 1.421998e+02 2.494790e+02
      vertex 2.337200e+03 -1.381270e+02 2.489484e+02
    endloop
  endfacet
  facet normal -8.601179e-01 0.000000e+00 5.100952e-01
    outer loop
      vertex 2.337200e+03 -1.381270e+02 2.489484e+02
      vertex 2.337515e+03 1.421998e+02 2.494790e+02
      vertex 2.337200e+03 1.421998e+02 2.489484e+02
    endloop
  endfacet
  facet normal -5.822160e-01 0.000000e+00 8.130342e-01
    outer loop
      vertex 2.337200e+03 -1.381270e+02 2.489484e+02
      vertex 2.337200e+03 1.421998e+02 2.489484e+02
      vertex 2.336699e+03 1.421998e+02 2.485893e+02
    endloop
  endfacet
  facet normal -2.056290e-01 0.000000e+00 9.786300e-01
    outer loop
      vertex 2.336095e+03 1.421998e+02 2.484624e+02
      vertex 2.336095e+03 -1.381270e+02 2.484624e+02
      vertex 2.336699e+03 1.421998e+02 2.485893e+02
    endloop
  endfacet
  facet normal -2.056290e-01 0.000000e+00 9.786300e-01
    outer loop
      vertex 2.336699e+03 1.421998e+02 2.485893e+02
      vertex 2.336095e+03 -1.381270e+02 2.484624e+02
      vertex 2.336699e+03 -1.381270e+02 2.485893e+02
    endloop
  endfacet
  facet normal -5.822160e-01 0.000000e+00 8.130342e-01
    outer loop
      vertex 2.336699e+03 1.421998e+02 2.485893e+02
      vertex 2.336699e+03 -1.381270e+02 2.485893e+02
      vertex 2.337200e+03 -1.381270e+02 2.489484e+02
    endloop
  endfacet
  facet normal 1.000000e+00 0.000000e+00 0.000000e+00
    outer loop
      vertex 2.204391e+03 8.519742e+01 5.495492e+02
      vertex 2.204391e+03 -8.112460e+01 5.495492e+02
      vertex 2.204391e+03 8.519742e+01 5.442308e+02
    endloop
  endfacet
  facet normal 1.000000e+00 -0.000000e+00 0.000000e+00
    outer loop
      vertex 2.204391e+03 8.519742e+01 5.442308e+02
      vertex 2.204391e+03 -8.112460e+01 5.495492e+02
      vertex 2.204391e+03 -8.112460e+01 5.442308e+02
    endloop
  endfacet
  facet normal 1.000000e+00 0.000000e+00 -0.000000e+00
    outer loop
      vertex 2.204391e+03 8.519742e+01 5.442308e+02
      vertex 2.204391e+03 -8.112460e+01 5.442308e+02
      vertex 2.204391e+03 1.075108e+02 5.282938e+02
    endloop
  endfacet
  facet normal 1.000000e+00 -0.000000e+00 0.000000e+00
    outer loop
      vertex 2.204391e+03 1.075108e+02 5.282938e+02
      vertex 2.204391e+03 -8.112460e+01 5.442308e+02
      vertex 2.204391e+03 -1.036592e+02 5.282938e+02
    endloop
  endfacet
  facet normal 9.415450e-01 0.000000e+00 -3.368872e-01
    outer loop
      vertex 2.204391e+03 1.075108e+02 5.282938e+02
      vertex 2.204391e+03 -1.036592e+02 5.282938e+02
      vertex 2.203483e+03 1.104222e+02 5.257562e+02
    endloop
  endfacet
  facet normal 9.409487e-01 -2.222847e-05 -3.385491e-01
    outer loop
      vertex 2.203483e+03 1.104222e+02 5.257562e+02
      vertex 2.204391e+03 -1.036592e+02 5.282938e+02
      vertex 2.203474e+03 -1.064931e+02 5.257454e+02
    endloop
  endfacet
  facet normal 6.282740e-01 1.280214e-05 -7.779921e-01
    outer loop
      vertex 2.203483e+03 1.104222e+02 5.257562e+02
      vertex 2.203474e+03 -1.064931e+02 5.257454e+02
      vertex 2.202221e+03 1.115514e+02 5.247369e+02
    endloop
  endfacet
  facet normal 6.254904e-01 -1.355381e-05 -7.802318e-01
    outer loop
      vertex 2.202221e+03 1.115514e+02 5.247369e+02
      vertex 2.203474e+03 -1.064931e+02 5.257454e+02
      vertex 2.202208e+03 -1.075797e+02 5.247300e+02
    endloop
  endfacet
  facet normal 2.353629e-01 1.643834e-05 -9.719076e-01
    outer loop
      vertex 2.202221e+03 1.115514e+02 5.247369e+02
      vertex 2.202208e+03 -1.075797e+02 5.247300e+02
      vertex 2.200391e+03 1.120354e+02 5.242938e+02
    endloop
  endfacet
  facet normal 2.334842e-01 0.000000e+00 -9.723606e-01
    outer loop
      vertex 2.200391e+03 1.120354e+02 5.242938e+02
      vertex 2.202208e+03 -1.075797e+02 5.247300e+02
      vertex 2.200391e+03 -1.080396e+02 5.242938e+02
    endloop
  endfacet
  facet normal 0.000000e+00 0.000000e+00 -1.000000e+00
    outer loop
      vertex 2.200391e+03 -1.080396e+02 5.242938e+02
      vertex 2.195371e+03 -1.080396e+02 5.242938e+02
      vertex 2.200391e+03 1.120354e+02 5.242938e+02
    endloop
  endfacet
  facet normal 0.000000e+00 0.000000e+00 -1.000000e+00
    outer loop
      vertex 2.200391e+03 1.120354e+02 5.242938e+02
      vertex 2.195371e+03 -1.080396e+02 5.242938e+02
      vertex 2.195371e+03 1.120354e+02 5.242938e+02
    endloop
  endfacet
  facet normal 7.900763e-01 0.000000e+00 6.130086e-01
    outer loop
      vertex 2.195371e+03 -1.080396e+02 5.242938e+02
      vertex 2.211888e+03 -1.264360e+02 5.030058e+02
      vertex 2.195371e+03 1.120354e+02 5.242938e+02
    endloop
  endfacet
  facet normal 7.900749e-01 -2.607437e-07 6.130103e-01
    outer loop
      vertex 2.195371e+03 1.120354e+02 5.242938e+02
      vertex 2.211888e+03 -1.264360e+02 5.030058e+02
      vertex 2.211802e+03 1.310789e+02 5.031157e+02
    endloop
  endfacet
  facet normal 7.900743e-01 -2.581498e-07 6.130111e-01
    outer loop
      vertex 2.211802e+03 1.310789e+02 5.031157e+02
      vertex 2.211888e+03 -1.264360e+02 5.030058e+02
      vertex 2.230015e+03 1.452848e+02 4.796428e+02
    endloop
  endfacet
  facet normal 7.900729e-01 -0.000000e+00 6.130130e-01
    outer loop
      vertex 2.230015e+03 1.452848e+02 4.796428e+02
      vertex 2.211888e+03 -1.264360e+02 5.030058e+02
      vertex 2.230015e+03 -1.403174e+02 4.796428e+02
    endloop
  endfacet
  facet normal 3.466755e-01 -0.000000e+00 9.379851e-01
    outer loop
      vertex 2.230015e+03 1.452848e+02 4.796428e+02
      vertex 2.230015e+03 -1.403174e+02 4.796428e+02
      vertex 2.247787e+03 1.483051e+02 4.730744e+02
    endloop
  endfacet
  facet normal 3.468047e-01 -9.039417e-06 9.379374e-01
    outer loop
      vertex 2.247787e+03 1.483051e+02 4.730744e+02
      vertex 2.230015e+03 -1.403174e+02 4.796428e+02
      vertex 2.247811e+03 -1.433768e+02 4.730628e+02
    endloop
  endfacet
  facet normal 5.246761e-01 9.013418e-06 8.513020e-01
    outer loop
      vertex 2.247787e+03 1.483051e+02 4.730744e+02
      vertex 2.247811e+03 -1.433768e+02 4.730628e+02
      vertex 2.263796e+03 1.521967e+02 4.632077e+02
    endloop
  endfacet
  facet normal 5.249573e-01 -1.197845e-05 8.511286e-01
    outer loop
      vertex 2.263796e+03 1.521967e+02 4.632077e+02
      vertex 2.247811e+03 -1.433768e+02 4.730628e+02
      vertex 2.263826e+03 -1.473848e+02 4.631848e+02
    endloop
  endfacet
  facet normal 6.814644e-01 1.294982e-05 7.318513e-01
    outer loop
      vertex 2.263796e+03 1.521967e+02 4.632077e+02
      vertex 2.263826e+03 -1.473848e+02 4.631848e+02
      vertex 2.277541e+03 1.562227e+02 4.504088e+02
    endloop
  endfacet
  facet normal 6.817121e-01 -7.946206e-06 7.316206e-01
    outer loop
      vertex 2.277541e+03 1.562227e+02 4.504088e+02
      vertex 2.263826e+03 -1.473848e+02 4.631848e+02
      vertex 2.277557e+03 -1.516306e+02 4.503902e+02
    endloop
  endfacet
  facet normal 8.120256e-01 7.912584e-06 5.836218e-01
    outer loop
      vertex 2.277541e+03 1.562227e+02 4.504088e+02
      vertex 2.277557e+03 -1.516306e+02 4.503902e+02
      vertex 2.288561e+03 1.597271e+02 4.350753e+02
    endloop
  endfacet
  facet normal 8.121019e-01 -0.000000e+00 5.835157e-01
    outer loop
      vertex 2.288561e+03 1.597271e+02 4.350753e+02
      vertex 2.277557e+03 -1.516306e+02 4.503902e+02
      vertex 2.288561e+03 -1.554388e+02 4.350753e+02
    endloop
  endfacet
  facet normal -5.097766e-01 0.000000e+00 8.603068e-01
    outer loop
      vertex 2.288561e+03 -1.554388e+02 4.350753e+02
      vertex 2.294331e+03 -1.547032e+02 4.384944e+02
      vertex 2.288561e+03 1.597271e+02 4.350753e+02
    endloop
  endfacet
  facet normal -5.097766e-01 0.000000e+00 8.603068e-01
    outer loop
      vertex 2.288561e+03 1.597271e+02 4.350753e+02
      vertex 2.294331e+03 -1.547032e+02 4.384944e+02
      vertex 2.294331e+03 1.590599e+02 4.384944e+02
    endloop
  endfacet
  facet normal -3.148347e-01 0.000000e+00 9.491465e-01
    outer loop
      vertex 2.294331e+03 1.590599e+02 4.384944e+02
      vertex 2.294331e+03 -1.547032e+02 4.384944e+02
      vertex 2.295342e+03 1.589911e+02 4.388296e+02
    endloop
  endfacet
  facet normal -3.146808e-01 -5.501736e-07 9.491975e-01
    outer loop
      vertex 2.295342e+03 1.589911e+02 4.388296e+02
      vertex 2.294331e+03 -1.547032e+02 4.384944e+02
      vertex 2.295343e+03 -1.546276e+02 4.388297e+02
    endloop
  endfacet
  facet normal 1.093619e-01 4.488513e-07 9.940020e-01
    outer loop
      vertex 2.295342e+03 1.589911e+02 4.388296e+02
      vertex 2.295343e+03 -1.546276e+02 4.388297e+02
      vertex 2.296404e+03 1.590151e+02 4.387128e+02
    endloop
  endfacet
  facet normal 1.098267e-01 -1.142290e-06 9.939507e-01
    outer loop
      vertex 2.296404e+03 1.590151e+02 4.387128e+02
      vertex 2.295343e+03 -1.546276e+02 4.388297e+02
      vertex 2.296405e+03 -1.546541e+02 4.387123e+02
    endloop
  endfacet
  facet normal 5.129812e-01 1.291627e-06 8.583999e-01
    outer loop
      vertex 2.296404e+03 1.590151e+02 4.387128e+02
      vertex 2.296405e+03 -1.546541e+02 4.387123e+02
      vertex 2.297315e+03 1.591263e+02 4.381683e+02
    endloop
  endfacet
  facet normal 5.136074e-01 -1.172537e-06 8.580253e-01
    outer loop
      vertex 2.297315e+03 1.591263e+02 4.381683e+02
      vertex 2.296405e+03 -1.546541e+02 4.387123e+02
      vertex 2.297316e+03 -1.547764e+02 4.381672e+02
    endloop
  endfacet
  facet normal 8.219804e-01 1.092519e-06 5.695158e-01
    outer loop
      vertex 2.297315e+03 1.591263e+02 4.381683e+02
      vertex 2.297316e+03 -1.547764e+02 4.381672e+02
      vertex 2.297915e+03 1.592997e+02 4.373022e+02
    endloop
  endfacet
  facet normal 8.221661e-01 -0.000000e+00 5.692477e-01
    outer loop
      vertex 2.297915e+03 1.592997e+02 4.373022e+02
      vertex 2.297316e+03 -1.547764e+02 4.381672e+02
      vertex 2.297915e+03 -1.549670e+02 4.373022e+02
    endloop
  endfacet
  facet normal 9.235631e-01 -0.000000e+00 3.834465e-01
    outer loop
      vertex 2.297915e+03 1.592997e+02 4.373022e+02
      vertex 2.297915e+03 -1.549670e+02 4.373022e+02
      vertex 2.305649e+03 1.621015e+02 4.186745e+02
    endloop
  endfacet
  facet normal 9.235631e-01 -0.000000e+00 3.834465e-01
    outer loop
      vertex 2.305649e+03 1.621015e+02 4.186745e+02
      vertex 2.297915e+03 -1.549670e+02 4.373022e+02
      vertex 2.305649e+03 -1.580972e+02 4.186745e+02
    endloop
  endfacet
  facet normal 9.800173e-01 -0.000000e+00 1.989122e-01
    outer loop
      vertex 2.305649e+03 1.621015e+02 4.186745e+02
      vertex 2.305649e+03 -1.580972e+02 4.186745e+02
      vertex 2.305840e+03 1.621988e+02 4.177327e+02
    endloop
  endfacet
  facet normal 9.800022e-01 2.274328e-07 1.989865e-01
    outer loop
      vertex 2.305840e+03 1.621988e+02 4.177327e+02
      vertex 2.305649e+03 -1.580972e+02 4.186745e+02
      vertex 2.305840e+03 -1.582080e+02 4.177330e+02
    endloop
  endfacet
  facet normal 9.826197e-01 -2.121669e-07 -1.856299e-01
    outer loop
      vertex 2.305840e+03 1.621988e+02 4.177327e+02
      vertex 2.305840e+03 -1.582080e+02 4.177330e+02
      vertex 2.305661e+03 -1.583148e+02 4.167883e+02
    endloop
  endfacet
  facet normal 9.825832e-01 3.767620e-07 -1.858229e-01
    outer loop
      vertex 2.305840e+03 1.621988e+02 4.177327e+02
      vertex 2.305661e+03 -1.583148e+02 4.167883e+02
      vertex 2.305661e+03 1.622923e+02 4.167877e+02
    endloop
  endfacet
  facet normal 8.397137e-01 -4.460367e-07 -5.430294e-01
    outer loop
      vertex 2.305661e+03 1.622923e+02 4.167877e+02
      vertex 2.305661e+03 -1.583148e+02 4.167883e+02
      vertex 2.305138e+03 -1.584028e+02 4.159789e+02
    endloop
  endfacet
  facet normal 8.395328e-01 5.543405e-07 -5.433090e-01
    outer loop
      vertex 2.305661e+03 1.622923e+02 4.167877e+02
      vertex 2.305138e+03 -1.584028e+02 4.159789e+02
      vertex 2.305137e+03 1.623692e+02 4.159785e+02
    endloop
  endfacet
  facet normal 5.712781e-01 -2.235875e-07 -8.207566e-01
    outer loop
      vertex 2.305137e+03 1.623692e+02 4.159785e+02
      vertex 2.305138e+03 -1.584028e+02 4.159789e+02
      vertex 2.304344e+03 -1.584611e+02 4.154266e+02
    endloop
  endfacet
  facet normal 5.712172e-01 0.000000e+00 -8.207989e-01
    outer loop
      vertex 2.305137e+03 1.623692e+02 4.159785e+02
      vertex 2.304344e+03 -1.584611e+02 4.154266e+02
      vertex 2.304344e+03 1.624200e+02 4.154266e+02
    endloop
  endfacet
  facet normal 4.018895e-01 0.000000e+00 -9.156882e-01
    outer loop
      vertex 2.304344e+03 1.624200e+02 4.154266e+02
      vertex 2.304344e+03 -1.584611e+02 4.154266e+02
      vertex 2.297949e+03 1.626572e+02 4.126199e+02
    endloop
  endfacet
  facet normal 4.018895e-01 0.000000e+00 -9.156882e-01
    outer loop
      vertex 2.297949e+03 1.626572e+02 4.126199e+02
      vertex 2.304344e+03 -1.584611e+02 4.154266e+02
      vertex 2.297949e+03 -1.587344e+02 4.126199e+02
    endloop
  endfacet
  facet normal 9.921700e-01 -0.000000e+00 1.248951e-01
    outer loop
      vertex 2.297949e+03 1.626572e+02 4.126199e+02
      vertex 2.297949e+03 -1.587344e+02 4.126199e+02
      vertex 2.301338e+03 1.632808e+02 3.856983e+02
    endloop
  endfacet
  facet normal 9.921700e-01 -0.000000e+00 1.248951e-01
    outer loop
      vertex 2.301338e+03 1.632808e+02 3.856983e+02
      vertex 2.297949e+03 -1.587344e+02 4.126199e+02
      vertex 2.301338e+03 -1.595547e+02 3.856983e+02
    endloop
  endfacet
  facet normal 9.998891e-01 0.000000e+00 1.489004e-02
    outer loop
      vertex 2.301338e+03 -1.595547e+02 3.856983e+02
      vertex 2.302125e+03 -1.531655e+02 3.328755e+02
      vertex 2.301338e+03 1.632808e+02 3.856983e+02
    endloop
  endfacet
  facet normal 9.998897e-01 5.671844e-06 1.485607e-02
    outer loop
      vertex 2.301338e+03 1.632808e+02 3.856983e+02
      vertex 2.302125e+03 -1.531655e+02 3.328755e+02
      vertex 2.302124e+03 1.571127e+02 3.328556e+02
    endloop
  endfacet
  facet normal 9.875312e-01 -5.417549e-06 -1.574236e-01
    outer loop
      vertex 2.302124e+03 1.571127e+02 3.328556e+02
      vertex 2.302125e+03 -1.531655e+02 3.328755e+02
      vertex 2.294017e+03 -1.393490e+02 2.820103e+02
    endloop
  endfacet
  facet normal 9.875262e-01 0.000000e+00 -1.574544e-01
    outer loop
      vertex 2.302124e+03 1.571127e+02 3.328556e+02
      vertex 2.294017e+03 -1.393490e+02 2.820103e+02
      vertex 2.294017e+03 1.434546e+02 2.820103e+02
    endloop
  endfacet
  facet normal 0.000000e+00 0.000000e+00 1.000000e+00
    outer loop
      vertex 2.297103e+03 1.434546e+02 2.820103e+02
      vertex 2.294017e+03 1.434546e+02 2.820103e+02
      vertex 2.297103e+03 -1.393490e+02 2.820103e+02
    endloop
  endfacet
  facet normal -0.000000e+00 0.000000e+00 1.000000e+00
    outer loop
      vertex 2.297103e+03 -1.393490e+02 2.820103e+02
      vertex 2.294017e+03 1.434546e+02 2.820103e+02
      vertex 2.294017e+03 -1.393490e+02 2.820103e+02
    endloop
  endfacet
  facet normal 1.000000e+00 0.000000e+00 0.000000e+00
    outer loop
      vertex 2.297103e+03 1.434546e+02 2.820103e+02
      vertex 2.297103e+03 -1.393490e+02 2.820103e+02
      vertex 2.297103e+03 1.426514e+02 2.796552e+02
    endloop
  endfacet
  facet normal 1.000000e+00 -0.000000e+00 0.000000e+00
    outer loop
      vertex 2.297103e+03 1.426514e+02 2.796552e+02
      vertex 2.297103e+03 -1.393490e+02 2.820103e+02
      vertex 2.297103e+03 -1.385658e+02 2.796552e+02
    endloop
  endfacet
  facet normal 0.000000e+00 0.000000e+00 -1.000000e+00
    outer loop
      vertex 2.297103e+03 -1.385658e+02 2.796552e+02
      vertex 2.293038e+03 -1.385658e+02 2.796552e+02
      vertex 2.297103e+03 1.426514e+02 2.796552e+02
    endloop
  endfacet
  facet normal 0.000000e+00 0.000000e+00 -1.000000e+00
    outer loop
      vertex 2.297103e+03 1.426514e+02 2.796552e+02
      vertex 2.293038e+03 -1.385658e+02 2.796552e+02
      vertex 2.293038e+03 1.426514e+02 2.796552e+02
    endloop
  endfacet
  facet normal 1.000000e+00 0.000000e+00 0.000000e+00
    outer loop
      vertex 1.894759e+03 -8.112463e+01 5.535492e+02
      vertex 1.894759e+03 8.519736e+01 5.535492e+02
      vertex 1.894759e+03 -8.112463e+01 5.578959e+02
    endloop
  endfacet
  facet normal 1.000000e+00 0.000000e+00 0.000000e+00
    outer loop
      vertex 1.894759e+03 -8.112463e+01 5.578959e+02
      vertex 1.894759e+03 8.519736e+01 5.535492e+02
      vertex 1.894759e+03 8.519736e+01 5.578959e+02
    endloop
  endfacet
  facet normal 1.000000e+00 0.000000e+00 0.000000e+00
    outer loop
      vertex 1.894759e+03 -8.112463e+01 5.578959e+02
      vertex 1.894759e+03 8.519736e+01 5.578959e+02
      vertex 1.894759e+03 -7.948364e+01 5.603901e+02
    endloop
  endfacet
  facet normal 1.000000e+00 0.000000e+00 0.000000e+00
    outer loop
      vertex 1.894759e+03 -7.948364e+01 5.603901e+02
      vertex 1.894759e+03 8.519736e+01 5.578959e+02
      vertex 1.894759e+03 8.355640e+01 5.603901e+02
    endloop
  endfacet
  facet normal 0.000000e+00 0.000000e+00 1.000000e+00
    outer loop
      vertex 1.995409e+03 8.519736e+01 5.535492e+02
      vertex 1.894759e+03 8.519736e+01 5.535492e+02
      vertex 1.995409e+03 -8.112463e+01 5.535492e+02
    endloop
  endfacet
  facet normal -0.000000e+00 0.000000e+00 1.000000e+00
    outer loop
      vertex 1.995409e+03 -8.112463e+01 5.535492e+02
      vertex 1.894759e+03 8.519736e+01 5.535492e+02
      vertex 1.894759e+03 -8.112463e+01 5.535492e+02
    endloop
  endfacet
  facet normal -9.895306e-01 0.000000e+00 -1.443234e-01
    outer loop
      vertex 1.995409e+03 8.519736e+01 5.535492e+02
      vertex 1.995409e+03 -8.112463e+01 5.535492e+02
      vertex 1.994777e+03 8.519736e+01 5.578779e+02
    endloop
  endfacet
  facet normal -9.895306e-01 0.000000e+00 -1.443234e-01
    outer loop
      vertex 1.994777e+03 8.519736e+01 5.578779e+02
      vertex 1.995409e+03 -8.112463e+01 5.535492e+02
      vertex 1.994777e+03 -8.112463e+01 5.578779e+02
    endloop
  endfacet
  facet normal 2.165429e-01 -0.000000e+00 9.762731e-01
    outer loop
      vertex 2.003379e+03 8.394769e+01 5.597954e+02
      vertex 2.003379e+03 -7.987491e+01 5.597954e+02
      vertex 2.011943e+03 8.519739e+01 5.578959e+02
    endloop
  endfacet
  facet normal 2.165429e-01 -0.000000e+00 9.762731e-01
    outer loop
      vertex 2.011943e+03 8.519739e+01 5.578959e+02
      vertex 2.003379e+03 -7.987491e+01 5.597954e+02
      vertex 2.011943e+03 -8.112460e+01 5.578959e+02
    endloop
  endfacet
  facet normal 4.262159e-01 -0.000000e+00 9.046215e-01
    outer loop
      vertex 2.011943e+03 8.519739e+01 5.578959e+02
      vertex 2.011943e+03 -8.112460e+01 5.578959e+02
      vertex 2.011956e+03 8.519739e+01 5.578899e+02
    endloop
  endfacet
  facet normal 4.262159e-01 -0.000000e+00 9.046215e-01
    outer loop
      vertex 2.011956e+03 8.519739e+01 5.578899e+02
      vertex 2.011943e+03 -8.112460e+01 5.578959e+02
      vertex 2.011956e+03 -8.112460e+01 5.578899e+02
    endloop
  endfacet
  facet normal 4.262159e-01 -0.000000e+00 9.046215e-01
    outer loop
      vertex 2.011956e+03 8.519739e+01 5.578899e+02
      vertex 2.011956e+03 -8.112460e+01 5.578899e+02
      vertex 2.011969e+03 8.519739e+01 5.578839e+02
    endloop
  endfacet
  facet normal 4.262159e-01 -0.000000e+00 9.046215e-01
    outer loop
      vertex 2.011969e+03 8.519739e+01 5.578839e+02
      vertex 2.011956e+03 -8.112460e+01 5.578899e+02
      vertex 2.011969e+03 -8.112460e+01 5.578839e+02
    endloop
  endfacet
  facet normal 4.262159e-01 -0.000000e+00 9.046215e-01
    outer loop
      vertex 2.011969e+03 8.519739e+01 5.578839e+02
      vertex 2.011969e+03 -8.112460e+01 5.578839e+02
      vertex 2.011981e+03 8.519739e+01 5.578779e+02
    endloop
  endfacet
  facet normal 4.262159e-01 -0.000000e+00 9.046215e-01
    outer loop
      vertex 2.011981e+03 8.519739e+01 5.578779e+02
      vertex 2.011969e+03 -8.112460e+01 5.578839e+02
      vertex 2.011981e+03 -8.112460e+01 5.578779e+02
    endloop
  endfacet
  facet normal -2.165488e-01 0.000000e+00 9.762718e-01
    outer loop
      vertex 2.003379e+03 -7.987491e+01 5.597954e+02
      vertex 2.003379e+03 8.394769e+01 5.597954e+02
      vertex 1.994816e+03 -8.112463e+01 5.578959e+02
    endloop
  endfacet
  facet normal -2.165488e-01 0.000000e+00 9.762718e-01
    outer loop
      vertex 1.994816e+03 -8.112463e+01 5.578959e+02
      vertex 2.003379e+03 8.394769e+01 5.597954e+02
      vertex 1.994816e+03 8.519736e+01 5.578959e+02
    endloop
  endfacet
  facet normal -4.196011e-01 0.000000e+00 9.077086e-01
    outer loop
      vertex 1.994816e+03 -8.112463e+01 5.578959e+02
      vertex 1.994816e+03 8.519736e+01 5.578959e+02
      vertex 1.994803e+03 -8.112463e+01 5.578899e+02
    endloop
  endfacet
  facet normal -4.196011e-01 0.000000e+00 9.077086e-01
    outer loop
      vertex 1.994803e+03 -8.112463e+01 5.578899e+02
      vertex 1.994816e+03 8.519736e+01 5.578959e+02
      vertex 1.994803e+03 8.519736e+01 5.578899e+02
    endloop
  endfacet
  facet normal -4.262159e-01 0.000000e+00 9.046215e-01
    outer loop
      vertex 1.994803e+03 -8.112463e+01 5.578899e+02
      vertex 1.994803e+03 8.519736e+01 5.578899e+02
      vertex 1.994790e+03 -8.112463e+01 5.578839e+02
    endloop
  endfacet
  facet normal -4.262159e-01 0.000000e+00 9.046215e-01
    outer loop
      vertex 1.994790e+03 -8.112463e+01 5.578839e+02
      vertex 1.994803e+03 8.519736e+01 5.578899e+02
      vertex 1.994790e+03 8.519736e+01 5.578839e+02
    endloop
  endfacet
  facet normal -4.262159e-01 0.000000e+00 9.046215e-01
    outer loop
      vertex 1.994790e+03 -8.112463e+01 5.578839e+02
      vertex 1.994790e+03 8.519736e+01 5.578839e+02
      vertex 1.994777e+03 -8.112463e+01 5.578779e+02
    endloop
  endfacet
  facet normal -4.262159e-01 0.000000e+00 9.046215e-01
    outer loop
      vertex 1.994777e+03 -8.112463e+01 5.578779e+02
      vertex 1.994790e+03 8.519736e+01 5.578839e+02
      vertex 1.994777e+03 8.519736e+01 5.578779e+02
    endloop
  endfacet
  facet normal 1.000000e+00 0.000000e+00 0.000000e+00
    outer loop
      vertex 2.011981e+03 8.519739e+01 5.578779e+02
      vertex 2.011981e+03 -8.112460e+01 5.578779e+02
      vertex 2.011981e+03 8.519739e+01 5.535492e+02
    endloop
  endfacet
  facet normal 1.000000e+00 -0.000000e+00 0.000000e+00
    outer loop
      vertex 2.011981e+03 8.519739e+01 5.535492e+02
      vertex 2.011981e+03 -8.112460e+01 5.578779e+02
      vertex 2.011981e+03 -8.112460e+01 5.535492e+02
    endloop
  endfacet
  facet normal 0.000000e+00 0.000000e+00 1.000000e+00
    outer loop
      vertex 2.081106e+03 8.519739e+01 5.535492e+02
      vertex 2.011981e+03 8.519739e+01 5.535492e+02
      vertex 2.081106e+03 -8.112460e+01 5.535492e+02
    endloop
  endfacet
  facet normal -0.000000e+00 0.000000e+00 1.000000e+00
    outer loop
      vertex 2.081106e+03 -8.112460e+01 5.535492e+02
      vertex 2.011981e+03 8.519739e+01 5.535492e+02
      vertex 2.011981e+03 -8.112460e+01 5.535492e+02
    endloop
  endfacet
  facet normal -9.428586e-01 0.000000e+00 -3.331930e-01
    outer loop
      vertex 2.081106e+03 8.519739e+01 5.535492e+02
      vertex 2.081106e+03 -8.112460e+01 5.535492e+02
      vertex 2.079817e+03 8.519739e+01 5.571976e+02
    endloop
  endfacet
  facet normal -9.428586e-01 0.000000e+00 -3.331930e-01
    outer loop
      vertex 2.079817e+03 8.519739e+01 5.571976e+02
      vertex 2.081106e+03 -8.112460e+01 5.535492e+02
      vertex 2.079817e+03 -8.112460e+01 5.571976e+02
    endloop
  endfacet
  facet normal 1.819701e-01 -0.000000e+00 9.833041e-01
    outer loop
      vertex 2.089632e+03 8.420078e+01 5.594106e+02
      vertex 2.089632e+03 -8.012799e+01 5.594106e+02
      vertex 2.097817e+03 8.519739e+01 5.578959e+02
    endloop
  endfacet
  facet normal 1.819701e-01 -0.000000e+00 9.833041e-01
    outer loop
      vertex 2.097817e+03 8.519739e+01 5.578959e+02
      vertex 2.089632e+03 -8.012799e+01 5.594106e+02
      vertex 2.097817e+03 -8.112460e+01 5.578959e+02
    endloop
  endfacet
  facet normal 3.701084e-01 -0.000000e+00 9.289886e-01
    outer loop
      vertex 2.097817e+03 8.519739e+01 5.578959e+02
      vertex 2.097817e+03 -8.112460e+01 5.578959e+02
      vertex 2.098366e+03 8.519739e+01 5.576771e+02
    endloop
  endfacet
  facet normal 3.701084e-01 -0.000000e+00 9.289886e-01
    outer loop
      vertex 2.098366e+03 8.519739e+01 5.576771e+02
      vertex 2.097817e+03 -8.112460e+01 5.578959e+02
      vertex 2.098366e+03 -8.112460e+01 5.576771e+02
    endloop
  endfacet
  facet normal 3.937449e-01 -0.000000e+00 9.192198e-01
    outer loop
      vertex 2.098366e+03 8.519739e+01 5.576771e+02
      vertex 2.098366e+03 -8.112460e+01 5.576771e+02
      vertex 2.098910e+03 8.519739e+01 5.574443e+02
    endloop
  endfacet
  facet normal 3.937449e-01 -0.000000e+00 9.192198e-01
    outer loop
      vertex 2.098910e+03 8.519739e+01 5.574443e+02
      vertex 2.098366e+03 -8.112460e+01 5.576771e+02
      vertex 2.098910e+03 -8.112460e+01 5.574443e+02
    endloop
  endfacet
  facet normal 4.173942e-01 -0.000000e+00 9.087256e-01
    outer loop
      vertex 2.098910e+03 8.519739e+01 5.574443e+02
      vertex 2.098910e+03 -8.112460e+01 5.574443e+02
      vertex 2.099447e+03 8.519739e+01 5.571976e+02
    endloop
  endfacet
  facet normal 4.173942e-01 -0.000000e+00 9.087256e-01
    outer loop
      vertex 2.099447e+03 8.519739e+01 5.571976e+02
      vertex 2.098910e+03 -8.112460e+01 5.574443e+02
      vertex 2.099447e+03 -8.112460e+01 5.571976e+02
    endloop
  endfacet
  facet normal -1.819701e-01 0.000000e+00 9.833041e-01
    outer loop
      vertex 2.089632e+03 -8.012799e+01 5.594106e+02
      vertex 2.089632e+03 8.420078e+01 5.594106e+02
      vertex 2.081447e+03 -8.112460e+01 5.578959e+02
    endloop
  endfacet
  facet normal -1.819701e-01 0.000000e+00 9.833041e-01
    outer loop
      vertex 2.081447e+03 -8.112460e+01 5.578959e+02
      vertex 2.089632e+03 8.420078e+01 5.594106e+02
      vertex 2.081447e+03 8.519739e+01 5.578959e+02
    endloop
  endfacet
  facet normal -3.699664e-01 0.000000e+00 9.290451e-01
    outer loop
      vertex 2.081447e+03 -8.112460e+01 5.578959e+02
      vertex 2.081447e+03 8.519739e+01 5.578959e+02
      vertex 2.080897e+03 -8.112460e+01 5.576771e+02
    endloop
  endfacet
  facet normal -3.699664e-01 0.000000e+00 9.290451e-01
    outer loop
      vertex 2.080897e+03 -8.112460e+01 5.576771e+02
      vertex 2.081447e+03 8.519739e+01 5.578959e+02
      vertex 2.080897e+03 8.519739e+01 5.576771e+02
    endloop
  endfacet
  facet normal -3.938943e-01 0.000000e+00 9.191557e-01
    outer loop
      vertex 2.080897e+03 -8.112460e+01 5.576771e+02
      vertex 2.080897e+03 8.519739e+01 5.576771e+02
      vertex 2.080354e+03 -8.112460e+01 5.574443e+02
    endloop
  endfacet
  facet normal -3.938943e-01 0.000000e+00 9.191557e-01
    outer loop
      vertex 2.080354e+03 -8.112460e+01 5.574443e+02
      vertex 2.080897e+03 8.519739e+01 5.576771e+02
      vertex 2.080354e+03 8.519739e+01 5.574443e+02
    endloop
  endfacet
  facet normal -4.172376e-01 0.000000e+00 9.087974e-01
    outer loop
      vertex 2.080354e+03 -8.112460e+01 5.574443e+02
      vertex 2.080354e+03 8.519739e+01 5.574443e+02
      vertex 2.079817e+03 -8.112460e+01 5.571976e+02
    endloop
  endfacet
  facet normal -4.172376e-01 0.000000e+00 9.087974e-01
    outer loop
      vertex 2.079817e+03 -8.112460e+01 5.571976e+02
      vertex 2.080354e+03 8.519739e+01 5.574443e+02
      vertex 2.079817e+03 8.519739e+01 5.571976e+02
    endloop
  endfacet
  facet normal 9.998567e-01 0.000000e+00 -1.692745e-02
    outer loop
      vertex 2.099385e+03 8.519739e+01 5.535492e+02
      vertex 2.099447e+03 8.519739e+01 5.571976e+02
      vertex 2.099385e+03 -8.112460e+01 5.535492e+02
    endloop
  endfacet
  facet normal 9.998567e-01 0.000000e+00 -1.692745e-02
    outer loop
      vertex 2.099385e+03 -8.112460e+01 5.535492e+02
      vertex 2.099447e+03 8.519739e+01 5.571976e+02
      vertex 2.099447e+03 -8.112460e+01 5.571976e+02
    endloop
  endfacet
  facet normal 0.000000e+00 0.000000e+00 1.000000e+00
    outer loop
      vertex 2.099385e+03 -8.112460e+01 5.535492e+02
      vertex 2.200391e+03 -8.112460e+01 5.535492e+02
      vertex 2.099385e+03 8.519739e+01 5.535492e+02
    endloop
  endfacet
  facet normal 0.000000e+00 0.000000e+00 1.000000e+00
    outer loop
      vertex 2.099385e+03 8.519739e+01 5.535492e+02
      vertex 2.200391e+03 -8.112460e+01 5.535492e+02
      vertex 2.200391e+03 8.519739e+01 5.535492e+02
    endloop
  endfacet
  facet normal 2.588147e-01 -0.000000e+00 9.659270e-01
    outer loop
      vertex 2.200391e+03 8.519739e+01 5.535492e+02
      vertex 2.200391e+03 -8.112460e+01 5.535492e+02
      vertex 2.202391e+03 8.519739e+01 5.530133e+02
    endloop
  endfacet
  facet normal 2.588147e-01 -0.000000e+00 9.659270e-01
    outer loop
      vertex 2.202391e+03 8.519739e+01 5.530133e+02
      vertex 2.200391e+03 -8.112460e+01 5.535492e+02
      vertex 2.202391e+03 -8.112460e+01 5.530133e+02
    endloop
  endfacet
  facet normal 7.071068e-01 -0.000000e+00 7.071068e-01
    outer loop
      vertex 2.202391e+03 8.519739e+01 5.530133e+02
      vertex 2.202391e+03 -8.112460e+01 5.530133e+02
      vertex 2.203855e+03 8.519739e+01 5.515492e+02
    endloop
  endfacet
  facet normal 7.071068e-01 -0.000000e+00 7.071068e-01
    outer loop
      vertex 2.203855e+03 8.519739e+01 5.515492e+02
      vertex 2.202391e+03 -8.112460e+01 5.530133e+02
      vertex 2.203855e+03 -8.112460e+01 5.515492e+02
    endloop
  endfacet
  facet normal 9.659270e-01 -0.000000e+00 2.588147e-01
    outer loop
      vertex 2.203855e+03 8.519739e+01 5.515492e+02
      vertex 2.203855e+03 -8.112460e+01 5.515492e+02
      vertex 2.204391e+03 8.519742e+01 5.495492e+02
    endloop
  endfacet
  facet normal 9.659270e-01 -0.000000e+00 2.588147e-01
    outer loop
      vertex 2.204391e+03 8.519742e+01 5.495492e+02
      vertex 2.203855e+03 -8.112460e+01 5.515492e+02
      vertex 2.204391e+03 -8.112460e+01 5.495492e+02
    endloop
  endfacet
  facet normal 0.000000e+00 0.000000e+00 1.000000e+00
    outer loop
      vertex 1.894759e+03 8.355640e+01 5.603901e+02
      vertex 1.864178e+03 8.355640e+01 5.603901e+02
      vertex 1.894759e+03 -7.948364e+01 5.603901e+02
    endloop
  endfacet
  facet normal -0.000000e+00 0.000000e+00 1.000000e+00
    outer loop
      vertex 1.894759e+03 -7.948364e+01 5.603901e+02
      vertex 1.864178e+03 8.355640e+01 5.603901e+02
      vertex 1.864178e+03 -7.948364e+01 5.603901e+02
    endloop
  endfacet
  facet normal -7.939293e-01 0.000000e+00 -6.080101e-01
    outer loop
      vertex 8.224840e+02 1.304868e+02 1.748868e+02
      vertex 8.224840e+02 1.254113e+02 1.748868e+02
      vertex 8.207695e+02 1.304868e+02 1.771256e+02
    endloop
  endfacet
  facet normal -7.939293e-01 0.000000e+00 -6.080101e-01
    outer loop
      vertex 8.207695e+02 1.304868e+02 1.771256e+02
      vertex 8.224840e+02 1.254113e+02 1.748868e+02
      vertex 8.207695e+02 1.254113e+02 1.771256e+02
    endloop
  endfacet
  facet normal -8.288112e-01 0.000000e+00 -5.595284e-01
    outer loop
      vertex 8.207695e+02 1.304868e+02 1.771256e+02
      vertex 8.207695e+02 1.254113e+02 1.771256e+02
      vertex 8.191917e+02 1.304868e+02 1.794628e+02
    endloop
  endfacet
  facet normal -8.288112e-01 0.000000e+00 -5.595284e-01
    outer loop
      vertex 8.191917e+02 1.304868e+02 1.794628e+02
      vertex 8.207695e+02 1.254113e+02 1.771256e+02
      vertex 8.191917e+02 1.254113e+02 1.794628e+02
    endloop
  endfacet
  facet normal -8.607380e-01 0.000000e+00 -5.090482e-01
    outer loop
      vertex 8.191917e+02 1.304868e+02 1.794628e+02
      vertex 8.191917e+02 1.254113e+02 1.794628e+02
      vertex 8.177562e+02 1.304868e+02 1.818900e+02
    endloop
  endfacet
  facet normal -8.607380e-01 0.000000e+00 -5.090482e-01
    outer loop
      vertex 8.177562e+02 1.304868e+02 1.818900e+02
      vertex 8.191917e+02 1.254113e+02 1.794628e+02
      vertex 8.177562e+02 1.254113e+02 1.818900e+02
    endloop
  endfacet
  facet normal -9.734099e-01 1.587760e-07 -2.290702e-01
    outer loop
      vertex 8.580418e+02 6.684714e+01 1.575011e+02
      vertex 8.584525e+02 8.324518e+01 1.557558e+02
      vertex 8.592794e+02 6.684714e+01 1.522420e+02
    endloop
  endfacet
  facet normal -9.734110e-01 -8.920180e-07 -2.290656e-01
    outer loop
      vertex 8.592794e+02 6.684714e+01 1.522420e+02
      vertex 8.584525e+02 8.324518e+01 1.557558e+02
      vertex 8.594335e+02 8.324518e+01 1.515870e+02
    endloop
  endfacet
  facet normal -9.734160e-01 0.000000e+00 -2.290444e-01
    outer loop
      vertex 8.592794e+02 6.684714e+01 1.522420e+02
      vertex 8.594335e+02 8.324518e+01 1.515870e+02
      vertex 8.594335e+02 6.706546e+01 1.515870e+02
    endloop
  endfacet
  facet normal -9.734096e-01 -0.000000e+00 -2.290716e-01
    outer loop
      vertex 8.580418e+02 6.684714e+01 1.575011e+02
      vertex 8.580418e+02 1.230688e+02 1.575011e+02
      vertex 8.584525e+02 8.324518e+01 1.557558e+02
    endloop
  endfacet
  facet normal -9.733747e-01 6.851553e-06 -2.292197e-01
    outer loop
      vertex 8.584525e+02 8.324518e+01 1.557558e+02
      vertex 8.580418e+02 1.230688e+02 1.575011e+02
      vertex 8.580850e+02 1.230688e+02 1.573176e+02
    endloop
  endfacet
  facet normal -9.734116e-01 3.553177e-07 -2.290628e-01
    outer loop
      vertex 8.584525e+02 8.324518e+01 1.557558e+02
      vertex 8.580850e+02 1.230688e+02 1.573176e+02
      vertex 8.594335e+02 1.176754e+02 1.515870e+02
    endloop
  endfacet
  facet normal -9.734160e-01 -0.000000e+00 -2.290444e-01
    outer loop
      vertex 8.594335e+02 8.669598e+01 1.515870e+02
      vertex 8.592794e+02 8.636850e+01 1.522420e+02
      vertex 8.594335e+02 1.176754e+02 1.515870e+02
    endloop
  endfacet
  facet normal -9.734100e-01 -5.648166e-07 -2.290700e-01
    outer loop
      vertex 8.594335e+02 1.176754e+02 1.515870e+02
      vertex 8.592794e+02 8.636850e+01 1.522420e+02
      vertex 8.584525e+02 8.324518e+01 1.557558e+02
    endloop
  endfacet
  facet normal -8.368033e-01 0.000000e+00 5.475036e-01
    outer loop
      vertex 8.575630e+02 8.793024e+01 1.487281e+02
      vertex 8.588402e+02 8.714938e+01 1.506802e+02
      vertex 8.588402e+02 1.168220e+02 1.506802e+02
    endloop
  endfacet
  facet normal -8.367897e-01 0.000000e+00 5.475244e-01
    outer loop
      vertex 8.588402e+02 1.168220e+02 1.506802e+02
      vertex 8.588402e+02 8.714938e+01 1.506802e+02
      vertex 8.594335e+02 8.669598e+01 1.515870e+02
    endloop
  endfacet
  facet normal -8.367897e-01 0.000000e+00 5.475244e-01
    outer loop
      vertex 8.588402e+02 1.168220e+02 1.506802e+02
      vertex 8.594335e+02 8.669598e+01 1.515870e+02
      vertex 8.594335e+02 1.176754e+02 1.515870e+02
    endloop
  endfacet
  facet normal -8.368033e-01 0.000000e+00 5.475036e-01
    outer loop
      vertex 8.588402e+02 1.168220e+02 1.506802e+02
      vertex 8.575630e+02 1.164315e+02 1.487281e+02
      vertex 8.575630e+02 8.793024e+01 1.487281e+02
    endloop
  endfacet
  facet normal -8.368241e-01 0.000000e+00 5.474718e-01
    outer loop
      vertex 8.575630e+02 8.793024e+01 1.487281e+02
      vertex 8.575630e+02 1.164315e+02 1.487281e+02
      vertex 8.570521e+02 1.144793e+02 1.479472e+02
    endloop
  endfacet
  facet normal -8.368241e-01 0.000000e+00 5.474718e-01
    outer loop
      vertex 8.575630e+02 8.793024e+01 1.487281e+02
      vertex 8.570521e+02 1.144793e+02 1.479472e+02
      vertex 8.570521e+02 8.949200e+01 1.479472e+02
    endloop
  endfacet
  facet normal -6.955892e-01 0.000000e+00 -7.184397e-01
    outer loop
      vertex 9.345563e+02 8.324518e+01 1.458598e+02
      vertex 9.410919e+02 8.324518e+01 1.395321e+02
      vertex 9.345563e+02 6.997061e+01 1.458598e+02
    endloop
  endfacet
  facet normal -6.745319e-01 -1.968358e-02 -7.379833e-01
    outer loop
      vertex 9.345563e+02 6.997061e+01 1.458598e+02
      vertex 9.410919e+02 8.324518e+01 1.395321e+02
      vertex 9.436729e+02 6.997061e+01 1.375271e+02
    endloop
  endfacet
  facet normal -5.721187e-01 1.262785e-02 -8.200736e-01
    outer loop
      vertex 9.436729e+02 6.997061e+01 1.375271e+02
      vertex 9.410919e+02 8.324518e+01 1.395321e+02
      vertex 9.485527e+02 8.324518e+01 1.343271e+02
    endloop
  endfacet
  facet normal -4.992749e-01 -2.523934e-02 -8.660759e-01
    outer loop
      vertex 9.436729e+02 6.997061e+01 1.375271e+02
      vertex 9.485527e+02 8.324518e+01 1.343271e+02
      vertex 9.543733e+02 6.997064e+01 1.313585e+02
    endloop
  endfacet
  facet normal -4.340787e-01 1.111440e-02 -9.008064e-01
    outer loop
      vertex 9.543733e+02 6.997064e+01 1.313585e+02
      vertex 9.485527e+02 8.324518e+01 1.343271e+02
      vertex 9.567479e+02 8.324521e+01 1.303780e+02
    endloop
  endfacet
  facet normal -3.562679e-01 -5.283449e-03 -9.343689e-01
    outer loop
      vertex 9.543733e+02 6.997064e+01 1.313585e+02
      vertex 9.567479e+02 8.324521e+01 1.303780e+02
      vertex 9.588943e+02 7.660785e+01 1.295972e+02
    endloop
  endfacet
  facet normal -3.528758e-01 -4.034461e-03 -9.356615e-01
    outer loop
      vertex 9.588943e+02 7.660785e+01 1.295972e+02
      vertex 9.567479e+02 8.324521e+01 1.303780e+02
      vertex 9.577876e+02 8.285468e+01 1.299876e+02
    endloop
  endfacet
  facet normal -3.417968e-01 -1.653628e-02 -9.396284e-01
    outer loop
      vertex 9.588943e+02 7.660785e+01 1.295972e+02
      vertex 9.600809e+02 7.426538e+01 1.292067e+02
      vertex 9.543733e+02 6.997064e+01 1.313585e+02
    endloop
  endfacet
  facet normal -3.249908e-01 -4.146627e-02 -9.448076e-01
    outer loop
      vertex 9.543733e+02 6.997064e+01 1.313585e+02
      vertex 9.600809e+02 7.426538e+01 1.292067e+02
      vertex 9.613655e+02 7.309399e+01 1.288163e+02
    endloop
  endfacet
  facet normal -2.990703e-01 -1.026563e-01 -9.486931e-01
    outer loop
      vertex 9.543733e+02 6.997064e+01 1.313585e+02
      vertex 9.613655e+02 7.309399e+01 1.288163e+02
      vertex 9.661529e+02 6.997064e+01 1.276451e+02
    endloop
  endfacet
  facet normal -2.748296e-01 -6.143772e-02 -9.595280e-01
    outer loop
      vertex 9.661529e+02 6.997064e+01 1.276451e+02
      vertex 9.613655e+02 7.309399e+01 1.288163e+02
      vertex 9.618339e+02 7.309399e+01 1.286821e+02
    endloop
  endfacet
  facet normal -2.668331e-01 -4.940110e-02 -9.624758e-01
    outer loop
      vertex 9.661529e+02 6.997064e+01 1.276451e+02
      vertex 9.618339e+02 7.309399e+01 1.286821e+02
      vertex 9.623033e+02 7.309399e+01 1.285520e+02
    endloop
  endfacet
  facet normal -2.581006e-01 -7.660685e-02 -9.630761e-01
    outer loop
      vertex 9.627739e+02 7.309399e+01 1.284259e+02
      vertex 9.643467e+02 7.270364e+01 1.280354e+02
      vertex 9.623033e+02 7.309399e+01 1.285520e+02
    endloop
  endfacet
  facet normal -2.498201e-01 -2.685173e-02 -9.679199e-01
    outer loop
      vertex 9.623033e+02 7.309399e+01 1.285520e+02
      vertex 9.643467e+02 7.270364e+01 1.280354e+02
      vertex 9.661529e+02 6.997064e+01 1.276451e+02
    endloop
  endfacet
  facet normal -1.798948e-01 2.157933e-02 -9.834492e-01
    outer loop
      vertex 9.661529e+02 6.997064e+01 1.276451e+02
      vertex 9.643467e+02 7.270364e+01 1.280354e+02
      vertex 9.683341e+02 7.036102e+01 1.272546e+02
    endloop
  endfacet
  facet normal -1.599986e-01 5.613525e-02 -9.855198e-01
    outer loop
      vertex 9.683341e+02 7.036102e+01 1.272546e+02
      vertex 9.643467e+02 7.270364e+01 1.280354e+02
      vertex 9.712870e+02 7.192276e+01 1.268642e+02
    endloop
  endfacet
  facet normal -1.310831e-01 0.000000e+00 -9.913714e-01
    outer loop
      vertex 9.683341e+02 7.036102e+01 1.272546e+02
      vertex 9.712870e+02 7.192276e+01 1.268642e+02
      vertex 9.712870e+02 7.114191e+01 1.268642e+02
    endloop
  endfacet
  facet normal 0.000000e+00 0.000000e+00 -1.000000e+00
    outer loop
      vertex 9.345563e+02 6.997061e+01 1.458598e+02
      vertex 8.965388e+02 6.997061e+01 1.458598e+02
      vertex 9.345563e+02 8.324518e+01 1.458598e+02
    endloop
  endfacet
  facet normal 0.000000e+00 0.000000e+00 -1.000000e+00
    outer loop
      vertex 9.345563e+02 8.324518e+01 1.458598e+02
      vertex 8.965388e+02 6.997061e+01 1.458598e+02
      vertex 8.965388e+02 8.324518e+01 1.458598e+02
    endloop
  endfacet
  facet normal 8.621021e-01 0.000000e+00 -5.067346e-01
    outer loop
      vertex 8.965388e+02 6.997061e+01 1.458598e+02
      vertex 8.941525e+02 6.997061e+01 1.418000e+02
      vertex 8.965388e+02 8.324518e+01 1.458598e+02
    endloop
  endfacet
  facet normal 8.621021e-01 0.000000e+00 -5.067346e-01
    outer loop
      vertex 8.965388e+02 8.324518e+01 1.458598e+02
      vertex 8.941525e+02 6.997061e+01 1.418000e+02
      vertex 8.941525e+02 8.324518e+01 1.418000e+02
    endloop
  endfacet
  facet normal 7.675146e-01 0.000000e+00 -6.410314e-01
    outer loop
      vertex 8.941525e+02 6.997061e+01 1.418000e+02
      vertex 8.914423e+02 6.997061e+01 1.385551e+02
      vertex 8.941525e+02 8.324518e+01 1.418000e+02
    endloop
  endfacet
  facet normal 7.675146e-01 0.000000e+00 -6.410314e-01
    outer loop
      vertex 8.941525e+02 8.324518e+01 1.418000e+02
      vertex 8.914423e+02 6.997061e+01 1.385551e+02
      vertex 8.914423e+02 8.324518e+01 1.385551e+02
    endloop
  endfacet
  facet normal 0.000000e+00 0.000000e+00 -1.000000e+00
    outer loop
      vertex 8.914423e+02 6.997061e+01 1.385551e+02
      vertex 8.859488e+02 6.997061e+01 1.385551e+02
      vertex 8.914423e+02 8.324518e+01 1.385551e+02
    endloop
  endfacet
  facet normal 0.000000e+00 0.000000e+00 -1.000000e+00
    outer loop
      vertex 8.914423e+02 8.324518e+01 1.385551e+02
      vertex 8.859488e+02 6.997061e+01 1.385551e+02
      vertex 8.859488e+02 8.324518e+01 1.385551e+02
    endloop
  endfacet
  facet normal -8.709019e-01 -0.000000e+00 -4.914568e-01
    outer loop
      vertex 8.859488e+02 6.997061e+01 1.385551e+02
      vertex 8.841177e+02 6.997061e+01 1.418000e+02
      vertex 8.859488e+02 8.324518e+01 1.385551e+02
    endloop
  endfacet
  facet normal -8.709019e-01 0.000000e+00 -4.914568e-01
    outer loop
      vertex 8.859488e+02 8.324518e+01 1.385551e+02
      vertex 8.841177e+02 6.997061e+01 1.418000e+02
      vertex 8.841177e+02 8.324518e+01 1.418000e+02
    endloop
  endfacet
  facet normal 2.157127e-02 0.000000e+00 -9.997673e-01
    outer loop
      vertex 8.841177e+02 6.997061e+01 1.418000e+02
      vertex 8.525850e+02 6.997061e+01 1.411196e+02
      vertex 8.841177e+02 8.324518e+01 1.418000e+02
    endloop
  endfacet
  facet normal 2.157127e-02 0.000000e+00 -9.997673e-01
    outer loop
      vertex 8.841177e+02 8.324518e+01 1.418000e+02
      vertex 8.525850e+02 6.997061e+01 1.411196e+02
      vertex 8.525850e+02 8.324518e+01 1.411196e+02
    endloop
  endfacet
  facet normal -8.368056e-01 0.000000e+00 5.475001e-01
    outer loop
      vertex 8.594335e+02 6.706546e+01 1.515870e+02
      vertex 8.594335e+02 8.324518e+01 1.515870e+02
      vertex 8.583293e+02 6.762802e+01 1.498993e+02
    endloop
  endfacet
  facet normal -8.368056e-01 -1.135060e-08 5.475001e-01
    outer loop
      vertex 8.583293e+02 6.762802e+01 1.498993e+02
      vertex 8.594335e+02 8.324518e+01 1.515870e+02
      vertex 8.562858e+02 6.997061e+01 1.467760e+02
    endloop
  endfacet
  facet normal -8.368042e-01 -1.148671e-06 5.475023e-01
    outer loop
      vertex 8.562858e+02 6.997061e+01 1.467760e+02
      vertex 8.594335e+02 8.324518e+01 1.515870e+02
      vertex 8.525850e+02 8.324518e+01 1.411196e+02
    endloop
  endfacet
  facet normal -8.368029e-01 0.000000e+00 5.475042e-01
    outer loop
      vertex 8.562858e+02 6.997061e+01 1.467760e+02
      vertex 8.525850e+02 8.324518e+01 1.411196e+02
      vertex 8.525850e+02 6.997061e+01 1.411196e+02
    endloop
  endfacet
  facet normal -9.733994e-01 -0.000000e+00 -2.291149e-01
    outer loop
      vertex 8.582688e+02 5.669611e+01 1.565367e+02
      vertex 8.580418e+02 5.669611e+01 1.575011e+02
      vertex 8.582688e+02 5.747696e+01 1.565367e+02
    endloop
  endfacet
  facet normal -9.733994e-01 0.000000e+00 -2.291149e-01
    outer loop
      vertex 8.582688e+02 5.747696e+01 1.565367e+02
      vertex 8.580418e+02 5.669611e+01 1.575011e+02
      vertex 8.580418e+02 5.747696e+01 1.575011e+02
    endloop
  endfacet
  facet normal -9.734137e-01 0.000000e+00 -2.290540e-01
    outer loop
      vertex 8.580419e+02 -3.009332e+01 1.575011e+02
      vertex 8.590038e+02 5.940552e+00 1.534132e+02
      vertex 8.590038e+02 -1.868011e+00 1.534132e+02
    endloop
  endfacet
  facet normal -9.734108e-01 -0.000000e+00 -2.290665e-01
    outer loop
      vertex 8.590038e+02 -1.868011e+00 1.534132e+02
      vertex 8.590038e+02 5.940552e+00 1.534132e+02
      vertex 8.594335e+02 5.940552e+00 1.515870e+02
    endloop
  endfacet
  facet normal -9.734108e-01 0.000000e+00 -2.290665e-01
    outer loop
      vertex 8.590038e+02 -1.868011e+00 1.534132e+02
      vertex 8.594335e+02 5.940552e+00 1.515870e+02
      vertex 8.594335e+02 -1.868011e+00 1.515870e+02
    endloop
  endfacet
  facet normal -9.734119e-01 -9.245737e-07 -2.290616e-01
    outer loop
      vertex 8.580419e+02 -3.009332e+01 1.575011e+02
      vertex 8.580418e+02 3.416586e+01 1.575011e+02
      vertex 8.590038e+02 5.940552e+00 1.534132e+02
    endloop
  endfacet
  facet normal -8.368399e-01 0.000000e+00 5.474476e-01
    outer loop
      vertex 8.590958e+02 -1.477509e+00 1.510707e+02
      vertex 8.593511e+02 -1.868011e+00 1.514611e+02
      vertex 8.593511e+02 5.940552e+00 1.514611e+02
    endloop
  endfacet
  facet normal -8.367319e-01 0.000000e+00 5.476127e-01
    outer loop
      vertex 8.593511e+02 5.940552e+00 1.514611e+02
      vertex 8.593511e+02 -1.868011e+00 1.514611e+02
      vertex 8.594335e+02 -1.868011e+00 1.515870e+02
    endloop
  endfacet
  facet normal -8.367319e-01 0.000000e+00 5.476127e-01
    outer loop
      vertex 8.593511e+02 5.940552e+00 1.514611e+02
      vertex 8.594335e+02 -1.868011e+00 1.515870e+02
      vertex 8.594335e+02 5.940552e+00 1.515870e+02
    endloop
  endfacet
  facet normal -8.368399e-01 0.000000e+00 5.474477e-01
    outer loop
      vertex 8.593511e+02 5.940552e+00 1.514611e+02
      vertex 8.590958e+02 5.550049e+00 1.510707e+02
      vertex 8.590958e+02 -1.477509e+00 1.510707e+02
    endloop
  endfacet
  facet normal 2.320875e-01 -1.010843e-01 -9.674282e-01
    outer loop
      vertex 2.259978e+03 5.669623e+01 1.577078e+02
      vertex 2.265103e+03 6.099094e+01 1.584886e+02
      vertex 2.272717e+03 5.669623e+01 1.607639e+02
    endloop
  endfacet
  facet normal 2.351556e-01 -9.555050e-02 -9.672497e-01
    outer loop
      vertex 2.272717e+03 5.669623e+01 1.607639e+02
      vertex 2.265103e+03 6.099094e+01 1.584886e+02
      vertex 2.268072e+03 6.099094e+01 1.592104e+02
    endloop
  endfacet
  facet normal 2.985240e-01 -2.227192e-02 -9.541422e-01
    outer loop
      vertex 2.272717e+03 5.669623e+01 1.607639e+02
      vertex 2.268072e+03 6.099094e+01 1.592104e+02
      vertex 2.270988e+03 6.099094e+01 1.601227e+02
    endloop
  endfacet
  facet normal 5.912093e-02 -3.680975e-02 -9.975719e-01
    outer loop
      vertex 2.256488e+03 5.669623e+01 1.575009e+02
      vertex 2.258816e+03 5.747708e+01 1.576101e+02
      vertex 2.259978e+03 5.669623e+01 1.577078e+02
    endloop
  endfacet
  facet normal 8.377342e-02 0.000000e+00 -9.964848e-01
    outer loop
      vertex 2.259978e+03 5.669623e+01 1.577078e+02
      vertex 2.258816e+03 5.747708e+01 1.576101e+02
      vertex 2.259978e+03 5.747708e+01 1.577078e+02
    endloop
  endfacet
  facet normal 1.506122e-01 0.000000e+00 -9.885929e-01
    outer loop
      vertex 2.259978e+03 5.669623e+01 1.577078e+02
      vertex 2.259978e+03 5.747708e+01 1.577078e+02
      vertex 2.265103e+03 6.099094e+01 1.584886e+02
    endloop
  endfacet
  facet normal 1.506122e-01 0.000000e+00 -9.885929e-01
    outer loop
      vertex 2.265103e+03 6.099094e+01 1.584886e+02
      vertex 2.259978e+03 5.747708e+01 1.577078e+02
      vertex 2.259978e+03 6.060043e+01 1.577078e+02
    endloop
  endfacet
  facet normal 3.450375e-02 0.000000e+00 -9.994045e-01
    outer loop
      vertex 2.256488e+03 5.747708e+01 1.575009e+02
      vertex 2.257653e+03 5.747708e+01 1.575412e+02
      vertex 2.256488e+03 5.669623e+01 1.575009e+02
    endloop
  endfacet
  facet normal 5.913002e-02 -3.683705e-02 -9.975704e-01
    outer loop
      vertex 2.256488e+03 5.669623e+01 1.575009e+02
      vertex 2.257653e+03 5.747708e+01 1.575412e+02
      vertex 2.258816e+03 5.747708e+01 1.576101e+02
    endloop
  endfacet
  facet normal 3.597118e-01 5.515025e-03 -9.330472e-01
    outer loop
      vertex 2.270988e+03 6.099094e+01 1.601227e+02
      vertex 2.273838e+03 6.099094e+01 1.612216e+02
      vertex 2.272717e+03 5.669623e+01 1.607639e+02
    endloop
  endfacet
  facet normal 3.778959e-01 0.000000e+00 -9.258481e-01
    outer loop
      vertex 2.272717e+03 5.669623e+01 1.607639e+02
      vertex 2.273838e+03 6.099094e+01 1.612216e+02
      vertex 2.273838e+03 -5.691815e+01 1.612216e+02
    endloop
  endfacet
  facet normal 3.778959e-01 0.000000e+00 -9.258481e-01
    outer loop
      vertex 2.272717e+03 5.669623e+01 1.607639e+02
      vertex 2.273838e+03 -5.691815e+01 1.612216e+02
      vertex 2.272717e+03 -5.262341e+01 1.607639e+02
    endloop
  endfacet
  facet normal 3.597119e-01 -5.514986e-03 -9.330471e-01
    outer loop
      vertex 2.272717e+03 -5.262341e+01 1.607639e+02
      vertex 2.273838e+03 -5.691815e+01 1.612216e+02
      vertex 2.270988e+03 -5.691815e+01 1.601227e+02
    endloop
  endfacet
  facet normal 2.985240e-01 2.227176e-02 -9.541422e-01
    outer loop
      vertex 2.272717e+03 -5.262341e+01 1.607639e+02
      vertex 2.270988e+03 -5.691815e+01 1.601227e+02
      vertex 2.268072e+03 -5.691815e+01 1.592104e+02
    endloop
  endfacet
  facet normal 3.992600e-01 0.000000e+00 -9.168378e-01
    outer loop
      vertex 2.273838e+03 -5.691815e+01 1.612216e+02
      vertex 2.273838e+03 6.099094e+01 1.612216e+02
      vertex 2.274735e+03 -5.847989e+01 1.616121e+02
    endloop
  endfacet
  facet normal 3.992600e-01 0.000000e+00 -9.168378e-01
    outer loop
      vertex 2.274735e+03 -5.847989e+01 1.616121e+02
      vertex 2.273838e+03 6.099094e+01 1.612216e+02
      vertex 2.274735e+03 6.255267e+01 1.616121e+02
    endloop
  endfacet
  facet normal 4.970948e-01 0.000000e+00 -8.676962e-01
    outer loop
      vertex 2.274735e+03 -5.847989e+01 1.616121e+02
      vertex 2.274735e+03 6.255267e+01 1.616121e+02
      vertex 2.282849e+03 1.226784e+02 1.662604e+02
    endloop
  endfacet
  facet normal 4.880809e-01 1.610730e-03 -8.727970e-01
    outer loop
      vertex 2.282849e+03 1.226784e+02 1.662604e+02
      vertex 2.274735e+03 6.255267e+01 1.616121e+02
      vertex 2.273838e+03 1.226784e+02 1.612216e+02
    endloop
  endfacet
  facet normal 3.308544e-01 -1.194557e-03 -9.436811e-01
    outer loop
      vertex 2.273838e+03 1.226784e+02 1.612216e+02
      vertex 2.274735e+03 6.255267e+01 1.616121e+02
      vertex 2.268227e+03 1.230689e+02 1.592537e+02
    endloop
  endfacet
  facet normal 3.309287e-01 0.000000e+00 -9.436558e-01
    outer loop
      vertex 2.273838e+03 1.226784e+02 1.612216e+02
      vertex 2.268227e+03 1.230689e+02 1.592537e+02
      vertex 2.273838e+03 1.230689e+02 1.612216e+02
    endloop
  endfacet
  facet normal 3.068186e-01 -4.094347e-03 -9.517592e-01
    outer loop
      vertex 2.274735e+03 6.255267e+01 1.616121e+02
      vertex 2.265103e+03 6.684726e+01 1.584886e+02
      vertex 2.268227e+03 1.230689e+02 1.592537e+02
    endloop
  endfacet
  facet normal 2.096798e-01 1.656384e-03 -9.777687e-01
    outer loop
      vertex 2.268227e+03 1.230689e+02 1.592537e+02
      vertex 2.265103e+03 6.684726e+01 1.584886e+02
      vertex 2.262413e+03 1.230689e+02 1.580069e+02
    endloop
  endfacet
  facet normal 1.745672e-01 -8.297267e-05 -9.846452e-01
    outer loop
      vertex 2.262413e+03 1.230689e+02 1.580069e+02
      vertex 2.265103e+03 6.684726e+01 1.584886e+02
      vertex 2.262253e+03 6.684726e+01 1.579834e+02
    endloop
  endfacet
  facet normal 1.138957e-01 9.250141e-05 -9.934927e-01
    outer loop
      vertex 2.262413e+03 1.230689e+02 1.580069e+02
      vertex 2.262253e+03 6.684726e+01 1.579834e+02
      vertex 2.259378e+03 6.684726e+01 1.576537e+02
    endloop
  endfacet
  facet normal 5.279706e-02 0.000000e+00 -9.986053e-01
    outer loop
      vertex 2.256488e+03 6.684726e+01 1.575009e+02
      vertex 2.256488e+03 1.230689e+02 1.575009e+02
      vertex 2.259378e+03 6.684726e+01 1.576537e+02
    endloop
  endfacet
  facet normal 8.508211e-02 1.665857e-03 -9.963726e-01
    outer loop
      vertex 2.259378e+03 6.684726e+01 1.576537e+02
      vertex 2.256488e+03 1.230689e+02 1.575009e+02
      vertex 2.262413e+03 1.230689e+02 1.580069e+02
    endloop
  endfacet
  facet normal 6.661401e-01 0.000000e+00 -7.458267e-01
    outer loop
      vertex 2.290549e+03 1.226784e+02 1.731375e+02
      vertex 2.290549e+03 -1.186056e+02 1.731375e+02
      vertex 2.282849e+03 1.226784e+02 1.662604e+02
    endloop
  endfacet
  facet normal 6.661401e-01 0.000000e+00 -7.458267e-01
    outer loop
      vertex 2.282849e+03 1.226784e+02 1.662604e+02
      vertex 2.290549e+03 -1.186056e+02 1.731375e+02
      vertex 2.282849e+03 -1.186056e+02 1.662604e+02
    endloop
  endfacet
  facet normal 4.970948e-01 0.000000e+00 -8.676962e-01
    outer loop
      vertex 2.282849e+03 1.226784e+02 1.662604e+02
      vertex 2.282849e+03 -1.186056e+02 1.662604e+02
      vertex 2.274735e+03 -5.847989e+01 1.616121e+02
    endloop
  endfacet
  facet normal 4.880809e-01 -1.610730e-03 -8.727970e-01
    outer loop
      vertex 2.274735e+03 -5.847989e+01 1.616121e+02
      vertex 2.282849e+03 -1.186056e+02 1.662604e+02
      vertex 2.273838e+03 -1.186056e+02 1.612216e+02
    endloop
  endfacet
  facet normal 3.308544e-01 1.194558e-03 -9.436811e-01
    outer loop
      vertex 2.274735e+03 -5.847989e+01 1.616121e+02
      vertex 2.273838e+03 -1.186056e+02 1.612216e+02
      vertex 2.268227e+03 -1.189961e+02 1.592537e+02
    endloop
  endfacet
  facet normal 3.309287e-01 0.000000e+00 -9.436558e-01
    outer loop
      vertex 2.268227e+03 -1.189961e+02 1.592537e+02
      vertex 2.273838e+03 -1.186056e+02 1.612216e+02
      vertex 2.273838e+03 -1.189961e+02 1.612216e+02
    endloop
  endfacet
  facet normal 8.123348e-01 0.000000e+00 -5.831914e-01
    outer loop
      vertex 2.290549e+03 -1.186056e+02 1.731375e+02
      vertex 2.290549e+03 1.226784e+02 1.731375e+02
      vertex 2.296569e+03 -1.186056e+02 1.815239e+02
    endloop
  endfacet
  facet normal 8.123348e-01 0.000000e+00 -5.831914e-01
    outer loop
      vertex 2.296569e+03 -1.186056e+02 1.815239e+02
      vertex 2.290549e+03 1.226784e+02 1.731375e+02
      vertex 2.296569e+03 1.226784e+02 1.815239e+02
    endloop
  endfacet
  facet normal 8.720623e-01 0.000000e+00 -4.893948e-01
    outer loop
      vertex 2.296569e+03 -1.186056e+02 1.815239e+02
      vertex 2.296569e+03 1.226784e+02 1.815239e+02
      vertex 2.296638e+03 -1.197770e+02 1.816457e+02
    endloop
  endfacet
  facet normal 8.720623e-01 0.000000e+00 -4.893948e-01
    outer loop
      vertex 2.296638e+03 -1.197770e+02 1.816457e+02
      vertex 2.296569e+03 1.226784e+02 1.815239e+02
      vertex 2.296638e+03 1.238498e+02 1.816457e+02
    endloop
  endfacet
  facet normal 8.738891e-01 0.000000e+00 -4.861254e-01
    outer loop
      vertex 2.296638e+03 -1.197770e+02 1.816457e+02
      vertex 2.296638e+03 1.238498e+02 1.816457e+02
      vertex 2.296706e+03 -1.197770e+02 1.817677e+02
    endloop
  endfacet
  facet normal 8.738891e-01 0.000000e+00 -4.861254e-01
    outer loop
      vertex 2.296706e+03 -1.197770e+02 1.817677e+02
      vertex 2.296638e+03 1.238498e+02 1.816457e+02
      vertex 2.296706e+03 1.238498e+02 1.817677e+02
    endloop
  endfacet
  facet normal 8.742242e-01 0.000000e+00 -4.855224e-01
    outer loop
      vertex 2.296706e+03 -1.197770e+02 1.817677e+02
      vertex 2.296706e+03 1.238498e+02 1.817677e+02
      vertex 2.296773e+03 -1.197770e+02 1.818899e+02
    endloop
  endfacet
  facet normal 8.742242e-01 0.000000e+00 -4.855224e-01
    outer loop
      vertex 2.296773e+03 -1.197770e+02 1.818899e+02
      vertex 2.296706e+03 1.238498e+02 1.817677e+02
      vertex 2.296773e+03 1.238498e+02 1.818899e+02
    endloop
  endfacet
  facet normal 8.720623e-01 0.000000e+00 -4.893949e-01
    outer loop
      vertex 2.296569e+03 1.226784e+02 1.815239e+02
      vertex 2.296569e+03 1.238498e+02 1.815239e+02
      vertex 2.296638e+03 1.238498e+02 1.816457e+02
    endloop
  endfacet
  facet normal 8.720623e-01 0.000000e+00 -4.893949e-01
    outer loop
      vertex 2.296638e+03 -1.197770e+02 1.816457e+02
      vertex 2.296569e+03 -1.197770e+02 1.815239e+02
      vertex 2.296569e+03 -1.186056e+02 1.815239e+02
    endloop
  endfacet
  facet normal 3.068186e-01 4.094350e-03 -9.517592e-01
    outer loop
      vertex 2.274735e+03 -5.847989e+01 1.616121e+02
      vertex 2.268227e+03 -1.189961e+02 1.592537e+02
      vertex 2.265103e+03 -6.277448e+01 1.584886e+02
    endloop
  endfacet
  facet normal 2.096799e-01 -1.656385e-03 -9.777687e-01
    outer loop
      vertex 2.265103e+03 -6.277448e+01 1.584886e+02
      vertex 2.268227e+03 -1.189961e+02 1.592537e+02
      vertex 2.262413e+03 -1.189961e+02 1.580069e+02
    endloop
  endfacet
  facet normal 1.745672e-01 8.297226e-05 -9.846452e-01
    outer loop
      vertex 2.265103e+03 -6.277448e+01 1.584886e+02
      vertex 2.262413e+03 -1.189961e+02 1.580069e+02
      vertex 2.262253e+03 -6.277448e+01 1.579834e+02
    endloop
  endfacet
  facet normal 1.138957e-01 -9.250146e-05 -9.934927e-01
    outer loop
      vertex 2.262253e+03 -6.277448e+01 1.579834e+02
      vertex 2.262413e+03 -1.189961e+02 1.580069e+02
      vertex 2.259378e+03 -6.277448e+01 1.576537e+02
    endloop
  endfacet
  facet normal 8.508210e-02 -1.665858e-03 -9.963726e-01
    outer loop
      vertex 2.259378e+03 -6.277448e+01 1.576537e+02
      vertex 2.262413e+03 -1.189961e+02 1.580069e+02
      vertex 2.256488e+03 -1.189961e+02 1.575009e+02
    endloop
  endfacet
  facet normal 5.279706e-02 0.000000e+00 -9.986053e-01
    outer loop
      vertex 2.259378e+03 -6.277448e+01 1.576537e+02
      vertex 2.256488e+03 -1.189961e+02 1.575009e+02
      vertex 2.256488e+03 -6.277448e+01 1.575009e+02
    endloop
  endfacet
  facet normal 2.351556e-01 9.554986e-02 -9.672498e-01
    outer loop
      vertex 2.268072e+03 -5.691815e+01 1.592104e+02
      vertex 2.265103e+03 -5.691815e+01 1.584886e+02
      vertex 2.272717e+03 -5.262341e+01 1.607639e+02
    endloop
  endfacet
  facet normal 2.320875e-01 1.010836e-01 -9.674283e-01
    outer loop
      vertex 2.272717e+03 -5.262341e+01 1.607639e+02
      vertex 2.265103e+03 -5.691815e+01 1.584886e+02
      vertex 2.259978e+03 -5.262341e+01 1.577078e+02
    endloop
  endfacet
  facet normal 1.506122e-01 0.000000e+00 -9.885929e-01
    outer loop
      vertex 2.259978e+03 -5.262341e+01 1.577078e+02
      vertex 2.265103e+03 -5.691815e+01 1.584886e+02
      vertex 2.259978e+03 -5.340430e+01 1.577078e+02
    endloop
  endfacet
  facet normal 8.377342e-02 0.000000e+00 -9.964848e-01
    outer loop
      vertex 2.259978e+03 -5.262341e+01 1.577078e+02
      vertex 2.259978e+03 -5.340430e+01 1.577078e+02
      vertex 2.258816e+03 -5.340430e+01 1.576101e+02
    endloop
  endfacet
  facet normal 1.506122e-01 0.000000e+00 -9.885929e-01
    outer loop
      vertex 2.265103e+03 -5.691815e+01 1.584886e+02
      vertex 2.259978e+03 -5.652762e+01 1.577078e+02
      vertex 2.259978e+03 -5.340430e+01 1.577078e+02
    endloop
  endfacet
  facet normal 5.912093e-02 3.680832e-02 -9.975720e-01
    outer loop
      vertex 2.259978e+03 -5.262341e+01 1.577078e+02
      vertex 2.258816e+03 -5.340430e+01 1.576101e+02
      vertex 2.256488e+03 -5.262341e+01 1.575009e+02
    endloop
  endfacet
  facet normal 5.913002e-02 3.683561e-02 -9.975705e-01
    outer loop
      vertex 2.256488e+03 -5.262341e+01 1.575009e+02
      vertex 2.258816e+03 -5.340430e+01 1.576101e+02
      vertex 2.257653e+03 -5.340430e+01 1.575412e+02
    endloop
  endfacet
  facet normal 3.450375e-02 0.000000e+00 -9.994045e-01
    outer loop
      vertex 2.256488e+03 -5.262341e+01 1.575009e+02
      vertex 2.257653e+03 -5.340430e+01 1.575412e+02
      vertex 2.256488e+03 -5.340430e+01 1.575009e+02
    endloop
  endfacet
  facet normal 2.826249e-01 0.000000e+00 -9.592305e-01
    outer loop
      vertex 2.272717e+03 5.669623e+01 1.607639e+02
      vertex 2.272717e+03 -5.262341e+01 1.607639e+02
      vertex 2.264746e+03 4.048074e+01 1.584155e+02
    endloop
  endfacet
  facet normal 2.826249e-01 0.000000e+00 -9.592305e-01
    outer loop
      vertex 2.264746e+03 4.048074e+01 1.584155e+02
      vertex 2.272717e+03 -5.262341e+01 1.607639e+02
      vertex 2.264746e+03 -3.640796e+01 1.584155e+02
    endloop
  endfacet
  facet normal 1.537447e-01 0.000000e+00 -9.881106e-01
    outer loop
      vertex 2.264746e+03 4.048074e+01 1.584155e+02
      vertex 2.264746e+03 -3.640796e+01 1.584155e+02
      vertex 2.260637e+03 3.606625e+01 1.577761e+02
    endloop
  endfacet
  facet normal 1.537447e-01 0.000000e+00 -9.881106e-01
    outer loop
      vertex 2.260637e+03 3.606625e+01 1.577761e+02
      vertex 2.264746e+03 -3.640796e+01 1.584155e+02
      vertex 2.260637e+03 -3.199344e+01 1.577761e+02
    endloop
  endfacet
  facet normal 6.617150e-02 0.000000e+00 -9.978083e-01
    outer loop
      vertex 2.260637e+03 3.606625e+01 1.577761e+02
      vertex 2.260637e+03 -3.199344e+01 1.577761e+02
      vertex 2.256488e+03 3.416599e+01 1.575009e+02
    endloop
  endfacet
  facet normal 6.617150e-02 0.000000e+00 -9.978083e-01
    outer loop
      vertex 2.256488e+03 3.416599e+01 1.575009e+02
      vertex 2.260637e+03 -3.199344e+01 1.577761e+02
      vertex 2.256488e+03 -3.009320e+01 1.575009e+02
    endloop
  endfacet
  facet normal 9.734406e-01 0.000000e+00 -2.289397e-01
    outer loop
      vertex 2.256261e+03 -5.262341e+01 1.565366e+02
      vertex 2.256488e+03 -5.262341e+01 1.575009e+02
      vertex 2.256261e+03 -5.340430e+01 1.565366e+02
    endloop
  endfacet
  facet normal 9.734406e-01 0.000000e+00 -2.289397e-01
    outer loop
      vertex 2.256261e+03 -5.340430e+01 1.565366e+02
      vertex 2.256488e+03 -5.262341e+01 1.575009e+02
      vertex 2.256488e+03 -5.340430e+01 1.575009e+02
    endloop
  endfacet
  facet normal 9.736630e-01 4.842179e-05 -2.279923e-01
    outer loop
      vertex 2.256488e+03 -1.189961e+02 1.575009e+02
      vertex 2.256445e+03 -1.189961e+02 1.573174e+02
      vertex 2.256077e+03 -7.917249e+01 1.557557e+02
    endloop
  endfacet
  facet normal 9.734078e-01 3.447570e-06 -2.290790e-01
    outer loop
      vertex 2.256077e+03 -7.917249e+01 1.557557e+02
      vertex 2.256445e+03 -1.189961e+02 1.573174e+02
      vertex 2.255096e+03 -1.136027e+02 1.515869e+02
    endloop
  endfacet
  facet normal 9.734096e-01 2.500025e-06 -2.290716e-01
    outer loop
      vertex 2.256077e+03 -7.917249e+01 1.557557e+02
      vertex 2.255096e+03 -1.136027e+02 1.515869e+02
      vertex 2.255250e+03 -8.229584e+01 1.522418e+02
    endloop
  endfacet
  facet normal 9.734362e-01 0.000000e+00 -2.289584e-01
    outer loop
      vertex 2.255250e+03 -8.229584e+01 1.522418e+02
      vertex 2.255096e+03 -1.136027e+02 1.515869e+02
      vertex 2.255096e+03 -8.262332e+01 1.515869e+02
    endloop
  endfacet
  facet normal 9.734142e-01 3.946627e-06 -2.290520e-01
    outer loop
      vertex 2.255096e+03 -7.917249e+01 1.515869e+02
      vertex 2.255250e+03 -6.277448e+01 1.522418e+02
      vertex 2.256077e+03 -7.917249e+01 1.557557e+02
    endloop
  endfacet
  facet normal 9.734125e-01 2.263241e-06 -2.290595e-01
    outer loop
      vertex 2.256077e+03 -7.917249e+01 1.557557e+02
      vertex 2.255250e+03 -6.277448e+01 1.522418e+02
      vertex 2.256488e+03 -6.277448e+01 1.575009e+02
    endloop
  endfacet
  facet normal 9.734172e-01 0.000000e+00 -2.290393e-01
    outer loop
      vertex 2.256077e+03 -7.917249e+01 1.557557e+02
      vertex 2.256488e+03 -6.277448e+01 1.575009e+02
      vertex 2.256488e+03 -1.189961e+02 1.575009e+02
    endloop
  endfacet
  facet normal 9.734362e-01 0.000000e+00 -2.289584e-01
    outer loop
      vertex 2.255096e+03 -7.917249e+01 1.515869e+02
      vertex 2.255096e+03 -6.299280e+01 1.515869e+02
      vertex 2.255250e+03 -6.277448e+01 1.522418e+02
    endloop
  endfacet
  facet normal 8.367994e-01 -0.000000e+00 5.475095e-01
    outer loop
      vertex 2.261945e+03 -6.589795e+01 1.411195e+02
      vertex 2.258244e+03 -6.589795e+01 1.467759e+02
      vertex 2.261945e+03 -7.917249e+01 1.411195e+02
    endloop
  endfacet
  facet normal 8.368023e-01 2.618967e-06 5.475052e-01
    outer loop
      vertex 2.261945e+03 -7.917249e+01 1.411195e+02
      vertex 2.258244e+03 -6.589795e+01 1.467759e+02
      vertex 2.255096e+03 -7.917249e+01 1.515869e+02
    endloop
  endfacet
  facet normal 8.368115e-01 -4.653775e-06 5.474911e-01
    outer loop
      vertex 2.255096e+03 -7.917249e+01 1.515869e+02
      vertex 2.258244e+03 -6.589795e+01 1.467759e+02
      vertex 2.256200e+03 -6.355533e+01 1.498992e+02
    endloop
  endfacet
  facet normal 8.367918e-01 0.000000e+00 5.475213e-01
    outer loop
      vertex 2.255096e+03 -7.917249e+01 1.515869e+02
      vertex 2.256200e+03 -6.355533e+01 1.498992e+02
      vertex 2.255096e+03 -6.299280e+01 1.515869e+02
    endloop
  endfacet
  facet normal -2.157223e-02 0.000000e+00 -9.997673e-01
    outer loop
      vertex 2.230412e+03 -6.589795e+01 1.417999e+02
      vertex 2.261945e+03 -6.589795e+01 1.411195e+02
      vertex 2.230412e+03 -7.917249e+01 1.417999e+02
    endloop
  endfacet
  facet normal -2.157223e-02 0.000000e+00 -9.997673e-01
    outer loop
      vertex 2.230412e+03 -7.917249e+01 1.417999e+02
      vertex 2.261945e+03 -6.589795e+01 1.411195e+02
      vertex 2.261945e+03 -7.917249e+01 1.411195e+02
    endloop
  endfacet
  facet normal 8.708810e-01 0.000000e+00 -4.914940e-01
    outer loop
      vertex 2.228581e+03 -6.589795e+01 1.385550e+02
      vertex 2.230412e+03 -6.589795e+01 1.417999e+02
      vertex 2.228581e+03 -7.917249e+01 1.385550e+02
    endloop
  endfacet
  facet normal 8.708810e-01 0.000000e+00 -4.914940e-01
    outer loop
      vertex 2.228581e+03 -7.917249e+01 1.385550e+02
      vertex 2.230412e+03 -6.589795e+01 1.417999e+02
      vertex 2.230412e+03 -7.917249e+01 1.417999e+02
    endloop
  endfacet
  facet normal 0.000000e+00 0.000000e+00 -1.000000e+00
    outer loop
      vertex 2.223087e+03 -6.589795e+01 1.385550e+02
      vertex 2.228581e+03 -6.589795e+01 1.385550e+02
      vertex 2.223087e+03 -7.917249e+01 1.385550e+02
    endloop
  endfacet
  facet normal -0.000000e+00 0.000000e+00 -1.000000e+00
    outer loop
      vertex 2.223087e+03 -7.917249e+01 1.385550e+02
      vertex 2.228581e+03 -6.589795e+01 1.385550e+02
      vertex 2.228581e+03 -7.917249e+01 1.385550e+02
    endloop
  endfacet
  facet normal -7.675076e-01 0.000000e+00 -6.410399e-01
    outer loop
      vertex 2.220377e+03 -6.589795e+01 1.417999e+02
      vertex 2.223087e+03 -6.589795e+01 1.385550e+02
      vertex 2.220377e+03 -7.917249e+01 1.417999e+02
    endloop
  endfacet
  facet normal -7.675076e-01 0.000000e+00 -6.410399e-01
    outer loop
      vertex 2.220377e+03 -7.917249e+01 1.417999e+02
      vertex 2.223087e+03 -6.589795e+01 1.385550e+02
      vertex 2.223087e+03 -7.917249e+01 1.385550e+02
    endloop
  endfacet
  facet normal -8.621134e-01 0.000000e+00 -5.067154e-01
    outer loop
      vertex 2.217991e+03 -6.589795e+01 1.458597e+02
      vertex 2.220377e+03 -6.589795e+01 1.417999e+02
      vertex 2.217991e+03 -7.917249e+01 1.458597e+02
    endloop
  endfacet
  facet normal -8.621134e-01 0.000000e+00 -5.067154e-01
    outer loop
      vertex 2.217991e+03 -7.917249e+01 1.458597e+02
      vertex 2.220377e+03 -6.589795e+01 1.417999e+02
      vertex 2.220377e+03 -7.917249e+01 1.417999e+02
    endloop
  endfacet
  facet normal 0.000000e+00 0.000000e+00 -1.000000e+00
    outer loop
      vertex 2.179973e+03 -6.589795e+01 1.458597e+02
      vertex 2.217991e+03 -6.589795e+01 1.458597e+02
      vertex 2.179973e+03 -7.917249e+01 1.458597e+02
    endloop
  endfacet
  facet normal -0.000000e+00 0.000000e+00 -1.000000e+00
    outer loop
      vertex 2.179973e+03 -7.917249e+01 1.458597e+02
      vertex 2.217991e+03 -6.589795e+01 1.458597e+02
      vertex 2.217991e+03 -7.917249e+01 1.458597e+02
    endloop
  endfacet
  facet normal 3.528564e-01 4.030538e-03 -9.356688e-01
    outer loop
      vertex 2.156742e+03 -7.878198e+01 1.299875e+02
      vertex 2.155635e+03 -7.253516e+01 1.295970e+02
      vertex 2.157782e+03 -7.917249e+01 1.303779e+02
    endloop
  endfacet
  facet normal 3.562650e-01 5.285693e-03 -9.343700e-01
    outer loop
      vertex 2.157782e+03 -7.917249e+01 1.303779e+02
      vertex 2.155635e+03 -7.253516e+01 1.295970e+02
      vertex 2.160156e+03 -6.589795e+01 1.313584e+02
    endloop
  endfacet
  facet normal 4.340813e-01 -1.111298e-02 -9.008052e-01
    outer loop
      vertex 2.157782e+03 -7.917249e+01 1.303779e+02
      vertex 2.160156e+03 -6.589795e+01 1.313584e+02
      vertex 2.165977e+03 -7.917249e+01 1.343270e+02
    endloop
  endfacet
  facet normal 4.992729e-01 2.523815e-02 -8.660771e-01
    outer loop
      vertex 2.165977e+03 -7.917249e+01 1.343270e+02
      vertex 2.160156e+03 -6.589795e+01 1.313584e+02
      vertex 2.170857e+03 -6.589795e+01 1.375269e+02
    endloop
  endfacet
  facet normal 5.721250e-01 -1.263389e-02 -8.200692e-01
    outer loop
      vertex 2.165977e+03 -7.917249e+01 1.343270e+02
      vertex 2.170857e+03 -6.589795e+01 1.375269e+02
      vertex 2.173438e+03 -7.917249e+01 1.395320e+02
    endloop
  endfacet
  facet normal 6.745393e-01 1.967678e-02 -7.379766e-01
    outer loop
      vertex 2.173438e+03 -7.917249e+01 1.395320e+02
      vertex 2.170857e+03 -6.589795e+01 1.375269e+02
      vertex 2.179973e+03 -6.589795e+01 1.458597e+02
    endloop
  endfacet
  facet normal 6.955892e-01 0.000000e+00 -7.184397e-01
    outer loop
      vertex 2.173438e+03 -7.917249e+01 1.395320e+02
      vertex 2.179973e+03 -6.589795e+01 1.458597e+02
      vertex 2.179973e+03 -7.917249e+01 1.458597e+02
    endloop
  endfacet
  facet normal 3.417835e-01 1.654658e-02 -9.396330e-01
    outer loop
      vertex 2.155635e+03 -7.253516e+01 1.295970e+02
      vertex 2.154448e+03 -7.019269e+01 1.292066e+02
      vertex 2.160156e+03 -6.589795e+01 1.313584e+02
    endloop
  endfacet
  facet normal 3.250001e-01 4.144347e-02 -9.448054e-01
    outer loop
      vertex 2.160156e+03 -6.589795e+01 1.313584e+02
      vertex 2.154448e+03 -7.019269e+01 1.292066e+02
      vertex 2.153164e+03 -6.902130e+01 1.288162e+02
    endloop
  endfacet
  facet normal 2.990718e-01 1.026528e-01 -9.486930e-01
    outer loop
      vertex 2.160156e+03 -6.589795e+01 1.313584e+02
      vertex 2.153164e+03 -6.902130e+01 1.288162e+02
      vertex 2.148377e+03 -6.589795e+01 1.276449e+02
    endloop
  endfacet
  facet normal 2.747653e-01 6.132391e-02 -9.595537e-01
    outer loop
      vertex 2.148377e+03 -6.589795e+01 1.276449e+02
      vertex 2.153164e+03 -6.902130e+01 1.288162e+02
      vertex 2.152696e+03 -6.902130e+01 1.286820e+02
    endloop
  endfacet
  facet normal 2.668333e-01 4.938534e-02 -9.624766e-01
    outer loop
      vertex 2.148377e+03 -6.589795e+01 1.276449e+02
      vertex 2.152696e+03 -6.902130e+01 1.286820e+02
      vertex 2.152226e+03 -6.902130e+01 1.285519e+02
    endloop
  endfacet
  facet normal 2.581579e-01 7.686783e-02 -9.630399e-01
    outer loop
      vertex 2.151756e+03 -6.902130e+01 1.284258e+02
      vertex 2.150183e+03 -6.863092e+01 1.280353e+02
      vertex 2.152226e+03 -6.902130e+01 1.285519e+02
    endloop
  endfacet
  facet normal 2.498354e-01 2.685718e-02 -9.679158e-01
    outer loop
      vertex 2.152226e+03 -6.902130e+01 1.285519e+02
      vertex 2.150183e+03 -6.863092e+01 1.280353e+02
      vertex 2.148377e+03 -6.589795e+01 1.276449e+02
    endloop
  endfacet
  facet normal 1.798820e-01 -2.159229e-02 -9.834512e-01
    outer loop
      vertex 2.148377e+03 -6.589795e+01 1.276449e+02
      vertex 2.150183e+03 -6.863092e+01 1.280353e+02
      vertex 2.146195e+03 -6.628830e+01 1.272545e+02
    endloop
  endfacet
  facet normal 1.599966e-01 -5.613037e-02 -9.855204e-01
    outer loop
      vertex 2.146195e+03 -6.628830e+01 1.272545e+02
      vertex 2.150183e+03 -6.863092e+01 1.280353e+02
      vertex 2.143242e+03 -6.785007e+01 1.268641e+02
    endloop
  endfacet
  facet normal 1.310831e-01 0.000000e+00 -9.913714e-01
    outer loop
      vertex 2.146195e+03 -6.628830e+01 1.272545e+02
      vertex 2.143242e+03 -6.785007e+01 1.268641e+02
      vertex 2.143242e+03 -6.706918e+01 1.268641e+02
    endloop
  endfacet
  facet normal 8.367793e-01 0.000000e+00 5.475403e-01
    outer loop
      vertex 2.256967e+03 -1.123588e+02 1.487280e+02
      vertex 2.256967e+03 -8.385757e+01 1.487280e+02
      vertex 2.255689e+03 -1.127493e+02 1.506801e+02
    endloop
  endfacet
  facet normal 8.367793e-01 0.000000e+00 5.475403e-01
    outer loop
      vertex 2.255689e+03 -1.127493e+02 1.506801e+02
      vertex 2.256967e+03 -8.385757e+01 1.487280e+02
      vertex 2.255689e+03 -8.307669e+01 1.506801e+02
    endloop
  endfacet
  facet normal 8.368155e-01 0.000000e+00 5.474849e-01
    outer loop
      vertex 2.255689e+03 -1.127493e+02 1.506801e+02
      vertex 2.255689e+03 -8.307669e+01 1.506801e+02
      vertex 2.255096e+03 -8.262332e+01 1.515869e+02
    endloop
  endfacet
  facet normal 8.368840e-01 0.000000e+00 5.473802e-01
    outer loop
      vertex 2.256967e+03 -1.123588e+02 1.487280e+02
      vertex 2.257477e+03 -1.104066e+02 1.479471e+02
      vertex 2.256967e+03 -8.385757e+01 1.487280e+02
    endloop
  endfacet
  facet normal 8.368840e-01 0.000000e+00 5.473802e-01
    outer loop
      vertex 2.256967e+03 -8.385757e+01 1.487280e+02
      vertex 2.257477e+03 -1.104066e+02 1.479471e+02
      vertex 2.257477e+03 -8.541931e+01 1.479471e+02
    endloop
  endfacet
  facet normal 8.368155e-01 -0.000000e+00 5.474849e-01
    outer loop
      vertex 2.255096e+03 -8.262332e+01 1.515869e+02
      vertex 2.255096e+03 -1.136027e+02 1.515869e+02
      vertex 2.255689e+03 -1.127493e+02 1.506801e+02
    endloop
  endfacet
  facet normal 6.550087e-01 0.000000e+00 -7.556213e-01
    outer loop
      vertex 2.296773e+03 1.238498e+02 1.818899e+02
      vertex 2.296802e+03 1.238498e+02 1.819142e+02
      vertex 2.296773e+03 -1.197770e+02 1.818899e+02
    endloop
  endfacet
  facet normal 6.550087e-01 0.000000e+00 -7.556213e-01
    outer loop
      vertex 2.296773e+03 -1.197770e+02 1.818899e+02
      vertex 2.296802e+03 1.238498e+02 1.819142e+02
      vertex 2.296802e+03 -1.197770e+02 1.819142e+02
    endloop
  endfacet
  facet normal 6.549817e-01 0.000000e+00 -7.556447e-01
    outer loop
      vertex 2.296802e+03 -1.197770e+02 1.819142e+02
      vertex 2.296802e+03 1.238498e+02 1.819142e+02
      vertex 2.297702e+03 -1.201673e+02 1.826951e+02
    endloop
  endfacet
  facet normal 6.549817e-01 0.000000e+00 -7.556447e-01
    outer loop
      vertex 2.296802e+03 -1.197770e+02 1.819142e+02
      vertex 2.297702e+03 -1.201673e+02 1.826951e+02
      vertex 2.296802e+03 -1.205578e+02 1.819142e+02
    endloop
  endfacet
  facet normal 6.549817e-01 0.000000e+00 -7.556447e-01
    outer loop
      vertex 2.296802e+03 -1.205578e+02 1.819142e+02
      vertex 2.297702e+03 -1.201673e+02 1.826951e+02
      vertex 2.297702e+03 -1.205578e+02 1.826951e+02
    endloop
  endfacet
  facet normal 6.549817e-01 0.000000e+00 -7.556447e-01
    outer loop
      vertex 2.297702e+03 -1.201673e+02 1.826951e+02
      vertex 2.296802e+03 1.238498e+02 1.819142e+02
      vertex 2.297702e+03 1.242401e+02 1.826951e+02
    endloop
  endfacet
  facet normal 6.549817e-01 0.000000e+00 -7.556447e-01
    outer loop
      vertex 2.297702e+03 1.242401e+02 1.826951e+02
      vertex 2.296802e+03 1.238498e+02 1.819142e+02
      vertex 2.296802e+03 1.246306e+02 1.819142e+02
    endloop
  endfacet
  facet normal 6.549817e-01 0.000000e+00 -7.556447e-01
    outer loop
      vertex 2.297702e+03 1.242401e+02 1.826951e+02
      vertex 2.296802e+03 1.246306e+02 1.819142e+02
      vertex 2.297702e+03 1.246306e+02 1.826951e+02
    endloop
  endfacet
  facet normal 6.550621e-01 0.000000e+00 -7.555751e-01
    outer loop
      vertex 2.297702e+03 1.242401e+02 1.826951e+02
      vertex 2.298153e+03 1.242401e+02 1.830856e+02
      vertex 2.297702e+03 -1.201673e+02 1.826951e+02
    endloop
  endfacet
  facet normal 6.550621e-01 0.000000e+00 -7.555751e-01
    outer loop
      vertex 2.297702e+03 -1.201673e+02 1.826951e+02
      vertex 2.298153e+03 1.242401e+02 1.830856e+02
      vertex 2.298153e+03 -1.201673e+02 1.830856e+02
    endloop
  endfacet
  facet normal 6.549159e-01 0.000000e+00 -7.557017e-01
    outer loop
      vertex 2.298153e+03 -1.201673e+02 1.830856e+02
      vertex 2.298153e+03 1.242401e+02 1.830856e+02
      vertex 2.298603e+03 -1.209482e+02 1.834760e+02
    endloop
  endfacet
  facet normal 6.549159e-01 0.000000e+00 -7.557018e-01
    outer loop
      vertex 2.298153e+03 -1.201673e+02 1.830856e+02
      vertex 2.298603e+03 -1.209482e+02 1.834760e+02
      vertex 2.298153e+03 -1.205578e+02 1.830856e+02
    endloop
  endfacet
  facet normal 6.549159e-01 0.000000e+00 -7.557018e-01
    outer loop
      vertex 2.298153e+03 1.246306e+02 1.830856e+02
      vertex 2.298603e+03 1.250210e+02 1.834760e+02
      vertex 2.298153e+03 1.242401e+02 1.830856e+02
    endloop
  endfacet
  facet normal 6.549159e-01 0.000000e+00 -7.557017e-01
    outer loop
      vertex 2.298153e+03 1.242401e+02 1.830856e+02
      vertex 2.298603e+03 1.250210e+02 1.834760e+02
      vertex 2.298603e+03 -1.209482e+02 1.834760e+02
    endloop
  endfacet
  facet normal 6.549685e-01 0.000000e+00 -7.556562e-01
    outer loop
      vertex 2.298603e+03 1.250210e+02 1.834760e+02
      vertex 2.300855e+03 1.250210e+02 1.854281e+02
      vertex 2.298603e+03 -1.209482e+02 1.834760e+02
    endloop
  endfacet
  facet normal 6.549685e-01 0.000000e+00 -7.556562e-01
    outer loop
      vertex 2.298603e+03 -1.209482e+02 1.834760e+02
      vertex 2.300855e+03 1.250210e+02 1.854281e+02
      vertex 2.300855e+03 -1.209482e+02 1.854281e+02
    endloop
  endfacet
  facet normal 6.549668e-01 0.000000e+00 -7.556576e-01
    outer loop
      vertex 2.300855e+03 -1.209482e+02 1.854281e+02
      vertex 2.300855e+03 1.250210e+02 1.854281e+02
      vertex 2.311386e+03 -1.264142e+02 1.945554e+02
    endloop
  endfacet
  facet normal 6.549668e-01 0.000000e+00 -7.556576e-01
    outer loop
      vertex 2.300855e+03 -1.209482e+02 1.854281e+02
      vertex 2.311386e+03 -1.264142e+02 1.945554e+02
      vertex 2.300855e+03 -1.213386e+02 1.854281e+02
    endloop
  endfacet
  facet normal 6.549695e-01 9.561065e-06 -7.556553e-01
    outer loop
      vertex 2.300855e+03 -1.213386e+02 1.854281e+02
      vertex 2.311386e+03 -1.264142e+02 1.945554e+02
      vertex 2.296773e+03 -1.264142e+02 1.818899e+02
    endloop
  endfacet
  facet normal 6.549762e-01 0.000000e+00 -7.556494e-01
    outer loop
      vertex 2.300855e+03 -1.213386e+02 1.854281e+02
      vertex 2.296773e+03 -1.264142e+02 1.818899e+02
      vertex 2.296773e+03 -1.213386e+02 1.818899e+02
    endloop
  endfacet
  facet normal 6.549668e-01 0.000000e+00 -7.556576e-01
    outer loop
      vertex 2.311386e+03 -1.264142e+02 1.945554e+02
      vertex 2.300855e+03 1.250210e+02 1.854281e+02
      vertex 2.311386e+03 1.304869e+02 1.945554e+02
    endloop
  endfacet
  facet normal 6.549665e-01 0.000000e+00 -7.556579e-01
    outer loop
      vertex 2.311386e+03 1.304869e+02 1.945554e+02
      vertex 2.300855e+03 1.250210e+02 1.854281e+02
      vertex 2.300855e+03 1.254114e+02 1.854281e+02
    endloop
  endfacet
  facet normal 6.549695e-01 -9.483389e-06 -7.556553e-01
    outer loop
      vertex 2.311386e+03 1.304869e+02 1.945554e+02
      vertex 2.300855e+03 1.254114e+02 1.854281e+02
      vertex 2.296773e+03 1.304869e+02 1.818899e+02
    endloop
  endfacet
  facet normal 6.549762e-01 0.000000e+00 -7.556495e-01
    outer loop
      vertex 2.296773e+03 1.304869e+02 1.818899e+02
      vertex 2.300855e+03 1.254114e+02 1.854281e+02
      vertex 2.296773e+03 1.254114e+02 1.818899e+02
    endloop
  endfacet
  facet normal 7.939188e-01 0.000000e+00 -6.080238e-01
    outer loop
      vertex 2.292045e+03 -1.264142e+02 1.748867e+02
      vertex 2.292045e+03 -1.213386e+02 1.748867e+02
      vertex 2.293760e+03 -1.264142e+02 1.771255e+02
    endloop
  endfacet
  facet normal 7.939188e-01 0.000000e+00 -6.080238e-01
    outer loop
      vertex 2.293760e+03 -1.264142e+02 1.771255e+02
      vertex 2.292045e+03 -1.213386e+02 1.748867e+02
      vertex 2.293760e+03 -1.213386e+02 1.771255e+02
    endloop
  endfacet
  facet normal 8.288012e-01 0.000000e+00 -5.595432e-01
    outer loop
      vertex 2.293760e+03 -1.264142e+02 1.771255e+02
      vertex 2.293760e+03 -1.213386e+02 1.771255e+02
      vertex 2.295338e+03 -1.264142e+02 1.794627e+02
    endloop
  endfacet
  facet normal 8.288012e-01 0.000000e+00 -5.595432e-01
    outer loop
      vertex 2.295338e+03 -1.264142e+02 1.794627e+02
      vertex 2.293760e+03 -1.213386e+02 1.771255e+02
      vertex 2.295338e+03 -1.213386e+02 1.794627e+02
    endloop
  endfacet
  facet normal 8.607286e-01 0.000000e+00 -5.090641e-01
    outer loop
      vertex 2.295338e+03 -1.264142e+02 1.794627e+02
      vertex 2.295338e+03 -1.213386e+02 1.794627e+02
      vertex 2.296773e+03 -1.264142e+02 1.818899e+02
    endloop
  endfacet
  facet normal 8.607286e-01 0.000000e+00 -5.090641e-01
    outer loop
      vertex 2.296773e+03 -1.264142e+02 1.818899e+02
      vertex 2.295338e+03 -1.213386e+02 1.794627e+02
      vertex 2.296773e+03 -1.213386e+02 1.818899e+02
    endloop
  endfacet
  facet normal 9.404358e-01 0.000000e+00 3.399715e-01
    outer loop
      vertex 2.334526e+03 1.394668e+02 2.201763e+02
      vertex 2.334385e+03 1.402476e+02 2.205666e+02
      vertex 2.334385e+03 1.304869e+02 2.205666e+02
    endloop
  endfacet
  facet normal 9.019546e-01 0.000000e+00 4.318309e-01
    outer loop
      vertex 2.334385e+03 1.304869e+02 2.205666e+02
      vertex 2.334385e+03 1.402476e+02 2.205666e+02
      vertex 2.332985e+03 1.403939e+02 2.234901e+02
    endloop
  endfacet
  facet normal 9.019546e-01 0.000000e+00 4.318309e-01
    outer loop
      vertex 2.334385e+03 1.304869e+02 2.205666e+02
      vertex 2.332985e+03 1.403939e+02 2.234901e+02
      vertex 2.332985e+03 -1.363210e+02 2.234901e+02
    endloop
  endfacet
  facet normal 8.115118e-01 0.000000e+00 5.843360e-01
    outer loop
      vertex 2.332985e+03 -1.363210e+02 2.234901e+02
      vertex 2.332985e+03 1.403939e+02 2.234901e+02
      vertex 2.331091e+03 -1.364526e+02 2.261205e+02
    endloop
  endfacet
  facet normal 8.115118e-01 0.000000e+00 5.843360e-01
    outer loop
      vertex 2.331091e+03 -1.364526e+02 2.261205e+02
      vertex 2.332985e+03 1.403939e+02 2.234901e+02
      vertex 2.331091e+03 1.405254e+02 2.261205e+02
    endloop
  endfacet
  facet normal 6.956033e-01 0.000000e+00 7.184260e-01
    outer loop
      vertex 2.331091e+03 -1.364526e+02 2.261205e+02
      vertex 2.331091e+03 1.405254e+02 2.261205e+02
      vertex 2.328763e+03 -1.365654e+02 2.283751e+02
    endloop
  endfacet
  facet normal 6.956033e-01 0.000000e+00 7.184260e-01
    outer loop
      vertex 2.328763e+03 -1.365654e+02 2.283751e+02
      vertex 2.331091e+03 1.405254e+02 2.261205e+02
      vertex 2.328763e+03 1.406382e+02 2.283751e+02
    endloop
  endfacet
  facet normal 6.248359e-01 0.000000e+00 7.807561e-01
    outer loop
      vertex 2.328763e+03 -1.365654e+02 2.283751e+02
      vertex 2.328763e+03 1.406382e+02 2.283751e+02
      vertex 2.328598e+03 -1.369558e+02 2.285072e+02
    endloop
  endfacet
  facet normal 6.248359e-01 0.000000e+00 7.807561e-01
    outer loop
      vertex 2.328598e+03 -1.369558e+02 2.285072e+02
      vertex 2.328763e+03 1.406382e+02 2.283751e+02
      vertex 2.328598e+03 1.410286e+02 2.285072e+02
    endloop
  endfacet
  facet normal 6.152183e-01 0.000000e+00 7.883568e-01
    outer loop
      vertex 2.328598e+03 -1.369558e+02 2.285072e+02
      vertex 2.328598e+03 1.410286e+02 2.285072e+02
      vertex 2.328431e+03 -1.369558e+02 2.286373e+02
    endloop
  endfacet
  facet normal 6.152183e-01 0.000000e+00 7.883568e-01
    outer loop
      vertex 2.328431e+03 -1.369558e+02 2.286373e+02
      vertex 2.328598e+03 1.410286e+02 2.285072e+02
      vertex 2.328431e+03 1.410286e+02 2.286373e+02
    endloop
  endfacet
  facet normal 6.068174e-01 0.000000e+00 7.948413e-01
    outer loop
      vertex 2.328431e+03 -1.369558e+02 2.286373e+02
      vertex 2.328431e+03 1.410286e+02 2.286373e+02
      vertex 2.328263e+03 -1.369558e+02 2.287655e+02
    endloop
  endfacet
  facet normal 6.068174e-01 0.000000e+00 7.948413e-01
    outer loop
      vertex 2.328263e+03 -1.369558e+02 2.287655e+02
      vertex 2.328431e+03 1.410286e+02 2.286373e+02
      vertex 2.328263e+03 1.410286e+02 2.287655e+02
    endloop
  endfacet
  facet normal 5.965596e-01 0.000000e+00 8.025688e-01
    outer loop
      vertex 2.328263e+03 -1.369558e+02 2.287655e+02
      vertex 2.328263e+03 1.410286e+02 2.287655e+02
      vertex 2.328085e+03 -1.373462e+02 2.288978e+02
    endloop
  endfacet
  facet normal 5.965596e-01 0.000000e+00 8.025688e-01
    outer loop
      vertex 2.328085e+03 -1.373462e+02 2.288978e+02
      vertex 2.328263e+03 1.410286e+02 2.287655e+02
      vertex 2.328085e+03 1.414190e+02 2.288978e+02
    endloop
  endfacet
  facet normal 5.876719e-01 0.000000e+00 8.090994e-01
    outer loop
      vertex 2.328085e+03 -1.373462e+02 2.288978e+02
      vertex 2.328085e+03 1.414190e+02 2.288978e+02
      vertex 2.327906e+03 -1.373462e+02 2.290280e+02
    endloop
  endfacet
  facet normal 5.876719e-01 0.000000e+00 8.090994e-01
    outer loop
      vertex 2.327906e+03 -1.373462e+02 2.290280e+02
      vertex 2.328085e+03 1.414190e+02 2.288978e+02
      vertex 2.327906e+03 1.414190e+02 2.290280e+02
    endloop
  endfacet
  facet normal 5.774670e-01 0.000000e+00 8.164141e-01
    outer loop
      vertex 2.327906e+03 -1.373462e+02 2.290280e+02
      vertex 2.327906e+03 1.414190e+02 2.290280e+02
      vertex 2.327725e+03 -1.373462e+02 2.291559e+02
    endloop
  endfacet
  facet normal 5.774670e-01 0.000000e+00 8.164141e-01
    outer loop
      vertex 2.327725e+03 -1.373462e+02 2.291559e+02
      vertex 2.327906e+03 1.414190e+02 2.290280e+02
      vertex 2.327725e+03 1.414190e+02 2.291559e+02
    endloop
  endfacet
  facet normal 5.641136e-01 0.000000e+00 8.256972e-01
    outer loop
      vertex 2.327725e+03 -1.373462e+02 2.291559e+02
      vertex 2.327725e+03 1.414190e+02 2.291559e+02
      vertex 2.327427e+03 -1.375497e+02 2.293594e+02
    endloop
  endfacet
  facet normal 5.641136e-01 0.000000e+00 8.256972e-01
    outer loop
      vertex 2.327427e+03 -1.375497e+02 2.293594e+02
      vertex 2.327725e+03 1.414190e+02 2.291559e+02
      vertex 2.327427e+03 1.416225e+02 2.293594e+02
    endloop
  endfacet
  facet normal 9.404358e-01 0.000000e+00 3.399715e-01
    outer loop
      vertex 2.334526e+03 1.394668e+02 2.201763e+02
      vertex 2.334526e+03 1.398573e+02 2.201763e+02
      vertex 2.334385e+03 1.402476e+02 2.205666e+02
    endloop
  endfacet
  facet normal 6.248359e-01 0.000000e+00 7.807561e-01
    outer loop
      vertex 2.328763e+03 1.406382e+02 2.283751e+02
      vertex 2.328763e+03 1.410286e+02 2.283751e+02
      vertex 2.328598e+03 1.410286e+02 2.285072e+02
    endloop
  endfacet
  facet normal 5.965596e-01 0.000000e+00 8.025687e-01
    outer loop
      vertex 2.328263e+03 1.410286e+02 2.287655e+02
      vertex 2.328263e+03 1.414190e+02 2.287655e+02
      vertex 2.328085e+03 1.414190e+02 2.288978e+02
    endloop
  endfacet
  facet normal 5.965596e-01 0.000000e+00 8.025687e-01
    outer loop
      vertex 2.328085e+03 -1.373462e+02 2.288978e+02
      vertex 2.328263e+03 -1.373462e+02 2.287655e+02
      vertex 2.328263e+03 -1.369558e+02 2.287655e+02
    endloop
  endfacet
  facet normal 6.248359e-01 0.000000e+00 7.807561e-01
    outer loop
      vertex 2.328598e+03 -1.369558e+02 2.285072e+02
      vertex 2.328763e+03 -1.369558e+02 2.283751e+02
      vertex 2.328763e+03 -1.365654e+02 2.283751e+02
    endloop
  endfacet
  facet normal 9.019546e-01 -0.000000e+00 4.318309e-01
    outer loop
      vertex 2.334385e+03 1.304869e+02 2.205666e+02
      vertex 2.332985e+03 -1.363210e+02 2.234901e+02
      vertex 2.334385e+03 -1.264142e+02 2.205666e+02
    endloop
  endfacet
  facet normal 9.019546e-01 -0.000000e+00 4.318309e-01
    outer loop
      vertex 2.334385e+03 -1.264142e+02 2.205666e+02
      vertex 2.332985e+03 -1.363210e+02 2.234901e+02
      vertex 2.334385e+03 -1.361748e+02 2.205666e+02
    endloop
  endfacet
  facet normal 9.404358e-01 -0.000000e+00 3.399715e-01
    outer loop
      vertex 2.334385e+03 -1.264142e+02 2.205666e+02
      vertex 2.334385e+03 -1.361748e+02 2.205666e+02
      vertex 2.334526e+03 -1.353940e+02 2.201763e+02
    endloop
  endfacet
  facet normal 9.404358e-01 -0.000000e+00 3.399715e-01
    outer loop
      vertex 2.334526e+03 -1.353940e+02 2.201763e+02
      vertex 2.334385e+03 -1.361748e+02 2.205666e+02
      vertex 2.334526e+03 -1.357845e+02 2.201763e+02
    endloop
  endfacet
  facet normal 9.944183e-01 0.000000e+00 1.055094e-01
    outer loop
      vertex 2.334385e+03 -1.264142e+02 2.205666e+02
      vertex 2.335348e+03 -1.264142e+02 2.114937e+02
      vertex 2.334385e+03 1.304869e+02 2.205666e+02
    endloop
  endfacet
  facet normal 9.944183e-01 0.000000e+00 1.055094e-01
    outer loop
      vertex 2.334385e+03 1.304869e+02 2.205666e+02
      vertex 2.335348e+03 -1.264142e+02 2.114937e+02
      vertex 2.335348e+03 1.304869e+02 2.114937e+02
    endloop
  endfacet
  facet normal 9.216147e-01 0.000000e+00 -3.881060e-01
    outer loop
      vertex 2.335348e+03 1.304869e+02 2.114937e+02
      vertex 2.335348e+03 -1.264142e+02 2.114937e+02
      vertex 2.331807e+03 -1.264142e+02 2.030851e+02
    endloop
  endfacet
  facet normal 9.216147e-01 0.000000e+00 -3.881060e-01
    outer loop
      vertex 2.335348e+03 1.304869e+02 2.114937e+02
      vertex 2.331807e+03 -1.264142e+02 2.030851e+02
      vertex 2.331807e+03 1.304869e+02 2.030851e+02
    endloop
  endfacet
  facet normal 6.193789e-01 0.000000e+00 -7.850922e-01
    outer loop
      vertex 2.331807e+03 1.304869e+02 2.030851e+02
      vertex 2.331807e+03 -1.264142e+02 2.030851e+02
      vertex 2.324644e+03 1.304869e+02 1.974339e+02
    endloop
  endfacet
  facet normal 6.193789e-01 0.000000e+00 -7.850922e-01
    outer loop
      vertex 2.324644e+03 1.304869e+02 1.974339e+02
      vertex 2.331807e+03 -1.264142e+02 2.030851e+02
      vertex 2.324644e+03 -1.264142e+02 1.974339e+02
    endloop
  endfacet
  facet normal 5.922311e-01 0.000000e+00 -8.057682e-01
    outer loop
      vertex 2.324644e+03 1.304869e+02 1.974339e+02
      vertex 2.324644e+03 -1.264142e+02 1.974339e+02
      vertex 2.320776e+03 1.304869e+02 1.945911e+02
    endloop
  endfacet
  facet normal 5.922311e-01 0.000000e+00 -8.057682e-01
    outer loop
      vertex 2.320776e+03 1.304869e+02 1.945911e+02
      vertex 2.324644e+03 -1.264142e+02 1.974339e+02
      vertex 2.320776e+03 -1.264142e+02 1.945911e+02
    endloop
  endfacet
  facet normal 2.121829e-01 0.000000e+00 -9.772300e-01
    outer loop
      vertex 2.320776e+03 1.304869e+02 1.945911e+02
      vertex 2.320776e+03 -1.264142e+02 1.945911e+02
      vertex 2.316085e+03 -1.264142e+02 1.935725e+02
    endloop
  endfacet
  facet normal -2.047483e-01 -0.000000e+00 -9.788147e-01
    outer loop
      vertex 2.311386e+03 -1.264142e+02 1.945554e+02
      vertex 2.311386e+03 1.304869e+02 1.945554e+02
      vertex 2.316085e+03 -1.264142e+02 1.935725e+02
    endloop
  endfacet
  facet normal -2.047483e-01 -0.000000e+00 -9.788147e-01
    outer loop
      vertex 2.316085e+03 -1.264142e+02 1.935725e+02
      vertex 2.311386e+03 1.304869e+02 1.945554e+02
      vertex 2.316085e+03 1.304869e+02 1.935725e+02
    endloop
  endfacet
  facet normal 2.121829e-01 0.000000e+00 -9.772300e-01
    outer loop
      vertex 2.316085e+03 -1.264142e+02 1.935725e+02
      vertex 2.316085e+03 1.304869e+02 1.935725e+02
      vertex 2.320776e+03 1.304869e+02 1.945911e+02
    endloop
  endfacet
  facet normal -9.685158e-01 -0.000000e+00 -2.489524e-01
    outer loop
      vertex 2.338487e+03 -1.363581e+02 2.242304e+02
      vertex 2.337458e+03 -1.365583e+02 2.282329e+02
      vertex 2.338487e+03 1.404309e+02 2.242304e+02
    endloop
  endfacet
  facet normal -9.685158e-01 0.000000e+00 -2.489524e-01
    outer loop
      vertex 2.338487e+03 1.404309e+02 2.242304e+02
      vertex 2.337458e+03 -1.365583e+02 2.282329e+02
      vertex 2.337458e+03 1.406310e+02 2.282329e+02
    endloop
  endfacet
  facet normal -9.442313e-01 0.000000e+00 -3.292830e-01
    outer loop
      vertex 2.337431e+03 1.406358e+02 2.283282e+02
      vertex 2.337431e+03 -1.365630e+02 2.283282e+02
      vertex 2.337414e+03 1.406382e+02 2.283751e+02
    endloop
  endfacet
  facet normal -9.442313e-01 0.000000e+00 -3.292830e-01
    outer loop
      vertex 2.337414e+03 1.406382e+02 2.283751e+02
      vertex 2.337431e+03 -1.365630e+02 2.283282e+02
      vertex 2.337414e+03 -1.365654e+02 2.283751e+02
    endloop
  endfacet
  facet normal -9.206131e-01 0.000000e+00 -3.904761e-01
    outer loop
      vertex 2.337414e+03 1.406382e+02 2.283751e+02
      vertex 2.337414e+03 -1.365654e+02 2.283751e+02
      vertex 2.337356e+03 1.410286e+02 2.285121e+02
    endloop
  endfacet
  facet normal -9.206131e-01 0.000000e+00 -3.904761e-01
    outer loop
      vertex 2.337356e+03 1.410286e+02 2.285121e+02
      vertex 2.337414e+03 -1.365654e+02 2.283751e+02
      vertex 2.337356e+03 -1.369558e+02 2.285121e+02
    endloop
  endfacet
  facet normal -8.777230e-01 0.000000e+00 -4.791683e-01
    outer loop
      vertex 2.337356e+03 1.410286e+02 2.285121e+02
      vertex 2.337356e+03 -1.369558e+02 2.285121e+02
      vertex 2.337285e+03 1.410286e+02 2.286427e+02
    endloop
  endfacet
  facet normal -8.777230e-01 0.000000e+00 -4.791683e-01
    outer loop
      vertex 2.337285e+03 1.410286e+02 2.286427e+02
      vertex 2.337356e+03 -1.369558e+02 2.285121e+02
      vertex 2.337285e+03 -1.369558e+02 2.286427e+02
    endloop
  endfacet
  facet normal -8.263229e-01 0.000000e+00 -5.631967e-01
    outer loop
      vertex 2.337285e+03 1.410286e+02 2.286427e+02
      vertex 2.337285e+03 -1.369558e+02 2.286427e+02
      vertex 2.337201e+03 1.410286e+02 2.287655e+02
    endloop
  endfacet
  facet normal -8.263229e-01 0.000000e+00 -5.631967e-01
    outer loop
      vertex 2.337201e+03 1.410286e+02 2.287655e+02
      vertex 2.337285e+03 -1.369558e+02 2.286427e+02
      vertex 2.337201e+03 -1.369558e+02 2.287655e+02
    endloop
  endfacet
  facet normal -7.554035e-01 0.000000e+00 -6.552600e-01
    outer loop
      vertex 2.337201e+03 1.410286e+02 2.287655e+02
      vertex 2.337201e+03 -1.369558e+02 2.287655e+02
      vertex 2.337072e+03 1.414190e+02 2.289147e+02
    endloop
  endfacet
  facet normal -7.554035e-01 0.000000e+00 -6.552600e-01
    outer loop
      vertex 2.337072e+03 1.414190e+02 2.289147e+02
      vertex 2.337201e+03 -1.369558e+02 2.287655e+02
      vertex 2.337072e+03 -1.373462e+02 2.289147e+02
    endloop
  endfacet
  facet normal -6.626939e-01 0.000000e+00 -7.488904e-01
    outer loop
      vertex 2.337072e+03 1.414190e+02 2.289147e+02
      vertex 2.337072e+03 -1.373462e+02 2.289147e+02
      vertex 2.336924e+03 1.414190e+02 2.290456e+02
    endloop
  endfacet
  facet normal -6.626939e-01 0.000000e+00 -7.488904e-01
    outer loop
      vertex 2.336924e+03 1.414190e+02 2.290456e+02
      vertex 2.337072e+03 -1.373462e+02 2.289147e+02
      vertex 2.336924e+03 -1.373462e+02 2.290456e+02
    endloop
  endfacet
  facet normal -5.585809e-01 0.000000e+00 -8.294501e-01
    outer loop
      vertex 2.336924e+03 1.414190e+02 2.290456e+02
      vertex 2.336924e+03 -1.373462e+02 2.290456e+02
      vertex 2.336760e+03 1.414190e+02 2.291559e+02
    endloop
  endfacet
  facet normal -5.585809e-01 0.000000e+00 -8.294501e-01
    outer loop
      vertex 2.336760e+03 1.414190e+02 2.291559e+02
      vertex 2.336924e+03 -1.373462e+02 2.290456e+02
      vertex 2.336760e+03 -1.373462e+02 2.291559e+02
    endloop
  endfacet
  facet normal -2.604329e-01 0.000000e+00 -9.654920e-01
    outer loop
      vertex 2.336760e+03 1.414190e+02 2.291559e+02
      vertex 2.336760e+03 -1.373462e+02 2.291559e+02
      vertex 2.336006e+03 1.416225e+02 2.293594e+02
    endloop
  endfacet
  facet normal -2.604329e-01 0.000000e+00 -9.654920e-01
    outer loop
      vertex 2.336006e+03 1.416225e+02 2.293594e+02
      vertex 2.336760e+03 -1.373462e+02 2.291559e+02
      vertex 2.336006e+03 -1.375497e+02 2.293594e+02
    endloop
  endfacet
  facet normal -9.554594e-01 -0.000000e+00 -2.951226e-01
    outer loop
      vertex 2.337431e+03 -1.365630e+02 2.283282e+02
      vertex 2.337431e+03 1.406358e+02 2.283282e+02
      vertex 2.337445e+03 -1.365606e+02 2.282808e+02
    endloop
  endfacet
  facet normal -9.554594e-01 -0.000000e+00 -2.951226e-01
    outer loop
      vertex 2.337445e+03 -1.365606e+02 2.282808e+02
      vertex 2.337431e+03 1.406358e+02 2.283282e+02
      vertex 2.337445e+03 1.406334e+02 2.282808e+02
    endloop
  endfacet
  facet normal -9.641229e-01 -0.000000e+00 -2.654564e-01
    outer loop
      vertex 2.337445e+03 -1.365606e+02 2.282808e+02
      vertex 2.337445e+03 1.406334e+02 2.282808e+02
      vertex 2.337458e+03 -1.365583e+02 2.282329e+02
    endloop
  endfacet
  facet normal -9.641229e-01 -0.000000e+00 -2.654564e-01
    outer loop
      vertex 2.337458e+03 -1.365583e+02 2.282329e+02
      vertex 2.337445e+03 1.406334e+02 2.282808e+02
      vertex 2.337458e+03 1.406310e+02 2.282329e+02
    endloop
  endfacet
  facet normal -9.206131e-01 0.000000e+00 -3.904761e-01
    outer loop
      vertex 2.337414e+03 -1.365654e+02 2.283751e+02
      vertex 2.337414e+03 -1.369558e+02 2.283751e+02
      vertex 2.337356e+03 -1.369558e+02 2.285121e+02
    endloop
  endfacet
  facet normal -7.554035e-01 0.000000e+00 -6.552600e-01
    outer loop
      vertex 2.337201e+03 -1.369558e+02 2.287655e+02
      vertex 2.337201e+03 -1.373462e+02 2.287655e+02
      vertex 2.337072e+03 -1.373462e+02 2.289147e+02
    endloop
  endfacet
  facet normal -7.554035e-01 0.000000e+00 -6.552600e-01
    outer loop
      vertex 2.337072e+03 1.414190e+02 2.289147e+02
      vertex 2.337201e+03 1.414190e+02 2.287655e+02
      vertex 2.337201e+03 1.410286e+02 2.287655e+02
    endloop
  endfacet
  facet normal -9.206131e-01 0.000000e+00 -3.904761e-01
    outer loop
      vertex 2.337356e+03 1.410286e+02 2.285121e+02
      vertex 2.337414e+03 1.410286e+02 2.283751e+02
      vertex 2.337414e+03 1.406382e+02 2.283751e+02
    endloop
  endfacet
  facet normal 0.000000e+00 0.000000e+00 -1.000000e+00
    outer loop
      vertex 2.336006e+03 -1.375497e+02 2.293594e+02
      vertex 2.327427e+03 -1.375497e+02 2.293594e+02
      vertex 2.336006e+03 1.416225e+02 2.293594e+02
    endloop
  endfacet
  facet normal 0.000000e+00 0.000000e+00 -1.000000e+00
    outer loop
      vertex 2.336006e+03 1.416225e+02 2.293594e+02
      vertex 2.327427e+03 -1.375497e+02 2.293594e+02
      vertex 2.327427e+03 1.416225e+02 2.293594e+02
    endloop
  endfacet
  facet normal 7.939188e-01 0.000000e+00 -6.080238e-01
    outer loop
      vertex 2.292045e+03 1.254114e+02 1.748867e+02
      vertex 2.292045e+03 1.304869e+02 1.748867e+02
      vertex 2.293760e+03 1.254114e+02 1.771255e+02
    endloop
  endfacet
  facet normal 7.939188e-01 0.000000e+00 -6.080238e-01
    outer loop
      vertex 2.293760e+03 1.254114e+02 1.771255e+02
      vertex 2.292045e+03 1.304869e+02 1.748867e+02
      vertex 2.293760e+03 1.304869e+02 1.771255e+02
    endloop
  endfacet
  facet normal 8.288012e-01 0.000000e+00 -5.595432e-01
    outer loop
      vertex 2.293760e+03 1.254114e+02 1.771255e+02
      vertex 2.293760e+03 1.304869e+02 1.771255e+02
      vertex 2.295338e+03 1.254114e+02 1.794627e+02
    endloop
  endfacet
  facet normal 8.288012e-01 0.000000e+00 -5.595432e-01
    outer loop
      vertex 2.295338e+03 1.254114e+02 1.794627e+02
      vertex 2.293760e+03 1.304869e+02 1.771255e+02
      vertex 2.295338e+03 1.304869e+02 1.794627e+02
    endloop
  endfacet
  facet normal 8.607286e-01 0.000000e+00 -5.090641e-01
    outer loop
      vertex 2.295338e+03 1.254114e+02 1.794627e+02
      vertex 2.295338e+03 1.304869e+02 1.794627e+02
      vertex 2.296773e+03 1.254114e+02 1.818899e+02
    endloop
  endfacet
  facet normal 8.607286e-01 0.000000e+00 -5.090641e-01
    outer loop
      vertex 2.296773e+03 1.254114e+02 1.818899e+02
      vertex 2.295338e+03 1.304869e+02 1.794627e+02
      vertex 2.296773e+03 1.304869e+02 1.818899e+02
    endloop
  endfacet
  facet normal 9.734362e-01 0.000000e+00 -2.289584e-01
    outer loop
      vertex 2.255096e+03 6.706558e+01 1.515869e+02
      vertex 2.255096e+03 8.324530e+01 1.515869e+02
      vertex 2.255250e+03 6.684726e+01 1.522418e+02
    endloop
  endfacet
  facet normal 9.734142e-01 -3.945771e-06 -2.290520e-01
    outer loop
      vertex 2.255250e+03 6.684726e+01 1.522418e+02
      vertex 2.255096e+03 8.324530e+01 1.515869e+02
      vertex 2.256077e+03 8.324530e+01 1.557557e+02
    endloop
  endfacet
  facet normal 9.734124e-01 -2.265928e-06 -2.290595e-01
    outer loop
      vertex 2.255250e+03 6.684726e+01 1.522418e+02
      vertex 2.256077e+03 8.324530e+01 1.557557e+02
      vertex 2.256488e+03 6.684726e+01 1.575009e+02
    endloop
  endfacet
  facet normal 9.734172e-01 0.000000e+00 -2.290393e-01
    outer loop
      vertex 2.256488e+03 6.684726e+01 1.575009e+02
      vertex 2.256077e+03 8.324530e+01 1.557557e+02
      vertex 2.256488e+03 1.230689e+02 1.575009e+02
    endloop
  endfacet
  facet normal 9.736630e-01 -4.842179e-05 -2.279923e-01
    outer loop
      vertex 2.256488e+03 1.230689e+02 1.575009e+02
      vertex 2.256077e+03 8.324530e+01 1.557557e+02
      vertex 2.256445e+03 1.230689e+02 1.573174e+02
    endloop
  endfacet
  facet normal 9.734078e-01 -3.447571e-06 -2.290790e-01
    outer loop
      vertex 2.256445e+03 1.230689e+02 1.573174e+02
      vertex 2.256077e+03 8.324530e+01 1.557557e+02
      vertex 2.255096e+03 1.176755e+02 1.515869e+02
    endloop
  endfacet
  facet normal 9.734096e-01 -2.498949e-06 -2.290716e-01
    outer loop
      vertex 2.255096e+03 1.176755e+02 1.515869e+02
      vertex 2.256077e+03 8.324530e+01 1.557557e+02
      vertex 2.255250e+03 8.636862e+01 1.522418e+02
    endloop
  endfacet
  facet normal 9.734362e-01 0.000000e+00 -2.289584e-01
    outer loop
      vertex 2.255096e+03 1.176755e+02 1.515869e+02
      vertex 2.255250e+03 8.636862e+01 1.522418e+02
      vertex 2.255096e+03 8.669611e+01 1.515869e+02
    endloop
  endfacet
  facet normal 8.368155e-01 0.000000e+00 5.474850e-01
    outer loop
      vertex 2.255096e+03 8.669611e+01 1.515869e+02
      vertex 2.255689e+03 8.714951e+01 1.506801e+02
      vertex 2.255689e+03 1.168221e+02 1.506801e+02
    endloop
  endfacet
  facet normal 8.367793e-01 -0.000000e+00 5.475403e-01
    outer loop
      vertex 2.255689e+03 1.168221e+02 1.506801e+02
      vertex 2.255689e+03 8.714951e+01 1.506801e+02
      vertex 2.256967e+03 8.793036e+01 1.487280e+02
    endloop
  endfacet
  facet normal 8.367793e-01 0.000000e+00 5.475403e-01
    outer loop
      vertex 2.255689e+03 1.168221e+02 1.506801e+02
      vertex 2.256967e+03 8.793036e+01 1.487280e+02
      vertex 2.256967e+03 1.164316e+02 1.487280e+02
    endloop
  endfacet
  facet normal 8.368840e-01 -0.000000e+00 5.473802e-01
    outer loop
      vertex 2.256967e+03 1.164316e+02 1.487280e+02
      vertex 2.256967e+03 8.793036e+01 1.487280e+02
      vertex 2.257477e+03 1.144794e+02 1.479471e+02
    endloop
  endfacet
  facet normal 8.368841e-01 -0.000000e+00 5.473802e-01
    outer loop
      vertex 2.257477e+03 1.144794e+02 1.479471e+02
      vertex 2.256967e+03 8.793036e+01 1.487280e+02
      vertex 2.257477e+03 8.949213e+01 1.479471e+02
    endloop
  endfacet
  facet normal 8.368155e-01 0.000000e+00 5.474850e-01
    outer loop
      vertex 2.255689e+03 1.168221e+02 1.506801e+02
      vertex 2.255096e+03 1.176755e+02 1.515869e+02
      vertex 2.255096e+03 8.669611e+01 1.515869e+02
    endloop
  endfacet
  facet normal 8.367918e-01 0.000000e+00 5.475213e-01
    outer loop
      vertex 2.255096e+03 6.706558e+01 1.515869e+02
      vertex 2.256200e+03 6.762814e+01 1.498992e+02
      vertex 2.255096e+03 8.324530e+01 1.515869e+02
    endloop
  endfacet
  facet normal 8.368115e-01 4.653780e-06 5.474911e-01
    outer loop
      vertex 2.255096e+03 8.324530e+01 1.515869e+02
      vertex 2.256200e+03 6.762814e+01 1.498992e+02
      vertex 2.258244e+03 6.997073e+01 1.467759e+02
    endloop
  endfacet
  facet normal 8.368022e-01 -2.641934e-06 5.475052e-01
    outer loop
      vertex 2.255096e+03 8.324530e+01 1.515869e+02
      vertex 2.258244e+03 6.997073e+01 1.467759e+02
      vertex 2.261945e+03 8.324530e+01 1.411195e+02
    endloop
  endfacet
  facet normal 8.367994e-01 -0.000000e+00 5.475095e-01
    outer loop
      vertex 2.261945e+03 8.324530e+01 1.411195e+02
      vertex 2.258244e+03 6.997073e+01 1.467759e+02
      vertex 2.261945e+03 6.997073e+01 1.411195e+02
    endloop
  endfacet
  facet normal -2.157223e-02 0.000000e+00 -9.997673e-01
    outer loop
      vertex 2.230412e+03 8.324530e+01 1.417999e+02
      vertex 2.261945e+03 8.324530e+01 1.411195e+02
      vertex 2.230412e+03 6.997073e+01 1.417999e+02
    endloop
  endfacet
  facet normal -2.157223e-02 0.000000e+00 -9.997673e-01
    outer loop
      vertex 2.230412e+03 6.997073e+01 1.417999e+02
      vertex 2.261945e+03 8.324530e+01 1.411195e+02
      vertex 2.261945e+03 6.997073e+01 1.411195e+02
    endloop
  endfacet
  facet normal 8.708810e-01 0.000000e+00 -4.914940e-01
    outer loop
      vertex 2.228581e+03 8.324530e+01 1.385550e+02
      vertex 2.230412e+03 8.324530e+01 1.417999e+02
      vertex 2.228581e+03 6.997073e+01 1.385550e+02
    endloop
  endfacet
  facet normal 8.708810e-01 0.000000e+00 -4.914940e-01
    outer loop
      vertex 2.228581e+03 6.997073e+01 1.385550e+02
      vertex 2.230412e+03 8.324530e+01 1.417999e+02
      vertex 2.230412e+03 6.997073e+01 1.417999e+02
    endloop
  endfacet
  facet normal 0.000000e+00 0.000000e+00 -1.000000e+00
    outer loop
      vertex 2.223087e+03 8.324530e+01 1.385550e+02
      vertex 2.228581e+03 8.324530e+01 1.385550e+02
      vertex 2.223087e+03 6.997073e+01 1.385550e+02
    endloop
  endfacet
  facet normal -0.000000e+00 0.000000e+00 -1.000000e+00
    outer loop
      vertex 2.223087e+03 6.997073e+01 1.385550e+02
      vertex 2.228581e+03 8.324530e+01 1.385550e+02
      vertex 2.228581e+03 6.997073e+01 1.385550e+02
    endloop
  endfacet
  facet normal -7.675076e-01 0.000000e+00 -6.410399e-01
    outer loop
      vertex 2.220377e+03 8.324530e+01 1.417999e+02
      vertex 2.223087e+03 8.324530e+01 1.385550e+02
      vertex 2.220377e+03 6.997073e+01 1.417999e+02
    endloop
  endfacet
  facet normal -7.675076e-01 0.000000e+00 -6.410399e-01
    outer loop
      vertex 2.220377e+03 6.997073e+01 1.417999e+02
      vertex 2.223087e+03 8.324530e+01 1.385550e+02
      vertex 2.223087e+03 6.997073e+01 1.385550e+02
    endloop
  endfacet
  facet normal -8.621134e-01 0.000000e+00 -5.067154e-01
    outer loop
      vertex 2.217991e+03 8.324530e+01 1.458597e+02
      vertex 2.220377e+03 8.324530e+01 1.417999e+02
      vertex 2.217991e+03 6.997073e+01 1.458597e+02
    endloop
  endfacet
  facet normal -8.621134e-01 0.000000e+00 -5.067154e-01
    outer loop
      vertex 2.217991e+03 6.997073e+01 1.458597e+02
      vertex 2.220377e+03 8.324530e+01 1.417999e+02
      vertex 2.220377e+03 6.997073e+01 1.417999e+02
    endloop
  endfacet
  facet normal 0.000000e+00 0.000000e+00 -1.000000e+00
    outer loop
      vertex 2.179973e+03 8.324530e+01 1.458597e+02
      vertex 2.217991e+03 8.324530e+01 1.458597e+02
      vertex 2.179973e+03 6.997073e+01 1.458597e+02
    endloop
  endfacet
  facet normal -0.000000e+00 0.000000e+00 -1.000000e+00
    outer loop
      vertex 2.179973e+03 6.997073e+01 1.458597e+02
      vertex 2.217991e+03 8.324530e+01 1.458597e+02
      vertex 2.217991e+03 6.997073e+01 1.458597e+02
    endloop
  endfacet
  facet normal 1.798823e-01 2.159188e-02 -9.834511e-01
    outer loop
      vertex 2.146195e+03 7.036111e+01 1.272545e+02
      vertex 2.150183e+03 7.270374e+01 1.280353e+02
      vertex 2.148377e+03 6.997073e+01 1.276449e+02
    endloop
  endfacet
  facet normal 2.498349e-01 -2.685651e-02 -9.679159e-01
    outer loop
      vertex 2.148377e+03 6.997073e+01 1.276449e+02
      vertex 2.150183e+03 7.270374e+01 1.280353e+02
      vertex 2.152226e+03 7.309409e+01 1.285519e+02
    endloop
  endfacet
  facet normal 2.668333e-01 -4.938534e-02 -9.624766e-01
    outer loop
      vertex 2.148377e+03 6.997073e+01 1.276449e+02
      vertex 2.152226e+03 7.309409e+01 1.285519e+02
      vertex 2.152696e+03 7.309409e+01 1.286820e+02
    endloop
  endfacet
  facet normal 1.310831e-01 0.000000e+00 -9.913714e-01
    outer loop
      vertex 2.143242e+03 7.114200e+01 1.268641e+02
      vertex 2.143242e+03 7.192285e+01 1.268641e+02
      vertex 2.146195e+03 7.036111e+01 1.272545e+02
    endloop
  endfacet
  facet normal 1.599963e-01 5.613089e-02 -9.855204e-01
    outer loop
      vertex 2.146195e+03 7.036111e+01 1.272545e+02
      vertex 2.143242e+03 7.192285e+01 1.268641e+02
      vertex 2.150183e+03 7.270374e+01 1.280353e+02
    endloop
  endfacet
  facet normal 2.581578e-01 -7.687388e-02 -9.630394e-01
    outer loop
      vertex 2.150183e+03 7.270374e+01 1.280353e+02
      vertex 2.151756e+03 7.309409e+01 1.284258e+02
      vertex 2.152226e+03 7.309409e+01 1.285519e+02
    endloop
  endfacet
  facet normal 2.747654e-01 -6.132417e-02 -9.595537e-01
    outer loop
      vertex 2.152696e+03 7.309409e+01 1.286820e+02
      vertex 2.153164e+03 7.309409e+01 1.288162e+02
      vertex 2.148377e+03 6.997073e+01 1.276449e+02
    endloop
  endfacet
  facet normal 2.990718e-01 -1.026528e-01 -9.486930e-01
    outer loop
      vertex 2.148377e+03 6.997073e+01 1.276449e+02
      vertex 2.153164e+03 7.309409e+01 1.288162e+02
      vertex 2.160156e+03 6.997073e+01 1.313584e+02
    endloop
  endfacet
  facet normal 3.250001e-01 -4.144347e-02 -9.448054e-01
    outer loop
      vertex 2.160156e+03 6.997073e+01 1.313584e+02
      vertex 2.153164e+03 7.309409e+01 1.288162e+02
      vertex 2.154448e+03 7.426547e+01 1.292066e+02
    endloop
  endfacet
  facet normal 3.417835e-01 -1.654655e-02 -9.396330e-01
    outer loop
      vertex 2.160156e+03 6.997073e+01 1.313584e+02
      vertex 2.154448e+03 7.426547e+01 1.292066e+02
      vertex 2.155635e+03 7.660794e+01 1.295970e+02
    endloop
  endfacet
  facet normal 3.528565e-01 -4.030560e-03 -9.356688e-01
    outer loop
      vertex 2.156742e+03 8.285477e+01 1.299875e+02
      vertex 2.157782e+03 8.324530e+01 1.303779e+02
      vertex 2.155635e+03 7.660794e+01 1.295970e+02
    endloop
  endfacet
  facet normal 3.562650e-01 -5.285677e-03 -9.343700e-01
    outer loop
      vertex 2.155635e+03 7.660794e+01 1.295970e+02
      vertex 2.157782e+03 8.324530e+01 1.303779e+02
      vertex 2.160156e+03 6.997073e+01 1.313584e+02
    endloop
  endfacet
  facet normal 4.340813e-01 1.111296e-02 -9.008052e-01
    outer loop
      vertex 2.157782e+03 8.324530e+01 1.303779e+02
      vertex 2.165977e+03 8.324530e+01 1.343270e+02
      vertex 2.160156e+03 6.997073e+01 1.313584e+02
    endloop
  endfacet
  facet normal 4.992729e-01 -2.523809e-02 -8.660772e-01
    outer loop
      vertex 2.160156e+03 6.997073e+01 1.313584e+02
      vertex 2.165977e+03 8.324530e+01 1.343270e+02
      vertex 2.170857e+03 6.997073e+01 1.375269e+02
    endloop
  endfacet
  facet normal 5.721250e-01 1.263387e-02 -8.200691e-01
    outer loop
      vertex 2.170857e+03 6.997073e+01 1.375269e+02
      vertex 2.165977e+03 8.324530e+01 1.343270e+02
      vertex 2.173438e+03 8.324530e+01 1.395320e+02
    endloop
  endfacet
  facet normal 6.745393e-01 -1.967674e-02 -7.379766e-01
    outer loop
      vertex 2.170857e+03 6.997073e+01 1.375269e+02
      vertex 2.173438e+03 8.324530e+01 1.395320e+02
      vertex 2.179973e+03 6.997073e+01 1.458597e+02
    endloop
  endfacet
  facet normal 6.955892e-01 0.000000e+00 -7.184397e-01
    outer loop
      vertex 2.179973e+03 6.997073e+01 1.458597e+02
      vertex 2.173438e+03 8.324530e+01 1.395320e+02
      vertex 2.179973e+03 8.324530e+01 1.458597e+02
    endloop
  endfacet
  facet normal 9.734406e-01 0.000000e+00 -2.289398e-01
    outer loop
      vertex 2.256261e+03 5.747708e+01 1.565366e+02
      vertex 2.256488e+03 5.747708e+01 1.575009e+02
      vertex 2.256261e+03 5.669623e+01 1.565366e+02
    endloop
  endfacet
  facet normal 9.734406e-01 0.000000e+00 -2.289398e-01
    outer loop
      vertex 2.256261e+03 5.669623e+01 1.565366e+02
      vertex 2.256488e+03 5.747708e+01 1.575009e+02
      vertex 2.256488e+03 5.669623e+01 1.575009e+02
    endloop
  endfacet
  facet normal 9.734137e-01 0.000000e+00 -2.290540e-01
    outer loop
      vertex 2.256488e+03 -3.009320e+01 1.575009e+02
      vertex 2.255526e+03 -1.867889e+00 1.534131e+02
      vertex 2.255526e+03 5.940674e+00 1.534131e+02
    endloop
  endfacet
  facet normal 9.734180e-01 0.000000e+00 -2.290357e-01
    outer loop
      vertex 2.255526e+03 5.940674e+00 1.534131e+02
      vertex 2.255526e+03 -1.867889e+00 1.534131e+02
      vertex 2.255096e+03 -1.867889e+00 1.515869e+02
    endloop
  endfacet
  facet normal 9.734180e-01 0.000000e+00 -2.290357e-01
    outer loop
      vertex 2.255526e+03 5.940674e+00 1.534131e+02
      vertex 2.255096e+03 -1.867889e+00 1.515869e+02
      vertex 2.255096e+03 5.940674e+00 1.515869e+02
    endloop
  endfacet
  facet normal 9.734138e-01 0.000000e+00 -2.290539e-01
    outer loop
      vertex 2.255526e+03 5.940674e+00 1.534131e+02
      vertex 2.256488e+03 3.416599e+01 1.575009e+02
      vertex 2.256488e+03 -3.009320e+01 1.575009e+02
    endloop
  endfacet
  facet normal 8.371037e-01 0.000000e+00 5.470443e-01
    outer loop
      vertex 2.255096e+03 -1.867889e+00 1.515869e+02
      vertex 2.255178e+03 -1.867889e+00 1.514610e+02
      vertex 2.255178e+03 5.940674e+00 1.514610e+02
    endloop
  endfacet
  facet normal 8.366001e-01 -0.000000e+00 5.478140e-01
    outer loop
      vertex 2.255178e+03 5.940674e+00 1.514610e+02
      vertex 2.255178e+03 -1.867889e+00 1.514610e+02
      vertex 2.255434e+03 -1.477386e+00 1.510706e+02
    endloop
  endfacet
  facet normal 8.366001e-01 0.000000e+00 5.478140e-01
    outer loop
      vertex 2.255178e+03 5.940674e+00 1.514610e+02
      vertex 2.255434e+03 -1.477386e+00 1.510706e+02
      vertex 2.255434e+03 5.550171e+00 1.510706e+02
    endloop
  endfacet
  facet normal 8.371037e-01 0.000000e+00 5.470443e-01
    outer loop
      vertex 2.255178e+03 5.940674e+00 1.514610e+02
      vertex 2.255096e+03 5.940674e+00 1.515869e+02
      vertex 2.255096e+03 -1.867889e+00 1.515869e+02
    endloop
  endfacet
  facet normal -6.955892e-01 -0.000000e+00 -7.184397e-01
    outer loop
      vertex 2.094557e+03 -7.917249e+01 1.458597e+02
      vertex 2.094557e+03 -6.589795e+01 1.458597e+02
      vertex 2.101093e+03 -7.917249e+01 1.395320e+02
    endloop
  endfacet
  facet normal -6.745294e-01 1.968591e-02 -7.379855e-01
    outer loop
      vertex 2.101093e+03 -7.917249e+01 1.395320e+02
      vertex 2.094557e+03 -6.589795e+01 1.458597e+02
      vertex 2.103674e+03 -6.589795e+01 1.375269e+02
    endloop
  endfacet
  facet normal -5.721250e-01 -1.262337e-02 -8.200693e-01
    outer loop
      vertex 2.101093e+03 -7.917249e+01 1.395320e+02
      vertex 2.103674e+03 -6.589795e+01 1.375269e+02
      vertex 2.108554e+03 -7.917249e+01 1.343270e+02
    endloop
  endfacet
  facet normal -4.992813e-01 2.524300e-02 -8.660721e-01
    outer loop
      vertex 2.108554e+03 -7.917249e+01 1.343270e+02
      vertex 2.103674e+03 -6.589795e+01 1.375269e+02
      vertex 2.114374e+03 -6.589795e+01 1.313584e+02
    endloop
  endfacet
  facet normal -4.340707e-01 -1.111872e-02 -9.008102e-01
    outer loop
      vertex 2.108554e+03 -7.917249e+01 1.343270e+02
      vertex 2.114374e+03 -6.589795e+01 1.313584e+02
      vertex 2.116749e+03 -7.917249e+01 1.303779e+02
    endloop
  endfacet
  facet normal -3.562537e-01 5.281500e-03 -9.343744e-01
    outer loop
      vertex 2.116749e+03 -7.917249e+01 1.303779e+02
      vertex 2.114374e+03 -6.589795e+01 1.313584e+02
      vertex 2.118896e+03 -7.253516e+01 1.295970e+02
    endloop
  endfacet
  facet normal -3.529389e-01 4.060912e-03 -9.356375e-01
    outer loop
      vertex 2.116749e+03 -7.917249e+01 1.303779e+02
      vertex 2.118896e+03 -7.253516e+01 1.295970e+02
      vertex 2.117789e+03 -7.878198e+01 1.299875e+02
    endloop
  endfacet
  facet normal -2.990665e-01 1.026436e-01 -9.486957e-01
    outer loop
      vertex 2.126154e+03 -6.589795e+01 1.276449e+02
      vertex 2.121367e+03 -6.902130e+01 1.288162e+02
      vertex 2.114374e+03 -6.589795e+01 1.313584e+02
    endloop
  endfacet
  facet normal -3.249747e-01 4.148083e-02 -9.448126e-01
    outer loop
      vertex 2.114374e+03 -6.589795e+01 1.313584e+02
      vertex 2.121367e+03 -6.902130e+01 1.288162e+02
      vertex 2.120082e+03 -7.019269e+01 1.292066e+02
    endloop
  endfacet
  facet normal -3.418008e-01 1.652069e-02 -9.396272e-01
    outer loop
      vertex 2.114374e+03 -6.589795e+01 1.313584e+02
      vertex 2.120082e+03 -7.019269e+01 1.292066e+02
      vertex 2.118896e+03 -7.253516e+01 1.295970e+02
    endloop
  endfacet
  facet normal -1.798971e-01 -2.156596e-02 -9.834490e-01
    outer loop
      vertex 2.128335e+03 -6.628830e+01 1.272545e+02
      vertex 2.124348e+03 -6.863092e+01 1.280353e+02
      vertex 2.126154e+03 -6.589795e+01 1.276449e+02
    endloop
  endfacet
  facet normal -2.498399e-01 2.688268e-02 -9.679139e-01
    outer loop
      vertex 2.126154e+03 -6.589795e+01 1.276449e+02
      vertex 2.124348e+03 -6.863092e+01 1.280353e+02
      vertex 2.122304e+03 -6.902130e+01 1.285519e+02
    endloop
  endfacet
  facet normal -2.668330e-01 4.940610e-02 -9.624755e-01
    outer loop
      vertex 2.126154e+03 -6.589795e+01 1.276449e+02
      vertex 2.122304e+03 -6.902130e+01 1.285519e+02
      vertex 2.121835e+03 -6.902130e+01 1.286820e+02
    endloop
  endfacet
  facet normal -1.310831e-01 0.000000e+00 -9.913714e-01
    outer loop
      vertex 2.131288e+03 -6.706918e+01 1.268641e+02
      vertex 2.131288e+03 -6.785007e+01 1.268641e+02
      vertex 2.128335e+03 -6.628830e+01 1.272545e+02
    endloop
  endfacet
  facet normal -1.599966e-01 -5.613037e-02 -9.855204e-01
    outer loop
      vertex 2.128335e+03 -6.628830e+01 1.272545e+02
      vertex 2.131288e+03 -6.785007e+01 1.268641e+02
      vertex 2.124348e+03 -6.863092e+01 1.280353e+02
    endloop
  endfacet
  facet normal -2.580468e-01 7.617375e-02 -9.631248e-01
    outer loop
      vertex 2.124348e+03 -6.863092e+01 1.280353e+02
      vertex 2.122775e+03 -6.902130e+01 1.284258e+02
      vertex 2.122304e+03 -6.902130e+01 1.285519e+02
    endloop
  endfacet
  facet normal -2.748941e-01 6.154048e-02 -9.595030e-01
    outer loop
      vertex 2.121835e+03 -6.902130e+01 1.286820e+02
      vertex 2.121367e+03 -6.902130e+01 1.288162e+02
      vertex 2.126154e+03 -6.589795e+01 1.276449e+02
    endloop
  endfacet
  facet normal -9.998249e-01 5.685308e-06 -1.871322e-02
    outer loop
      vertex 2.041802e+03 8.324530e+01 1.498598e+02
      vertex 2.041757e+03 6.684726e+01 1.522419e+02
      vertex 2.041691e+03 8.324530e+01 1.557557e+02
    endloop
  endfacet
  facet normal -9.998255e-01 -1.843345e-06 -1.867810e-02
    outer loop
      vertex 2.041691e+03 8.324530e+01 1.557557e+02
      vertex 2.041757e+03 6.684726e+01 1.522419e+02
      vertex 2.041640e+03 6.684726e+01 1.584887e+02
    endloop
  endfacet
  facet normal -9.998260e-01 2.141432e-06 -1.865420e-02
    outer loop
      vertex 2.041691e+03 8.324530e+01 1.557557e+02
      vertex 2.041640e+03 6.684726e+01 1.584887e+02
      vertex 2.041662e+03 1.230689e+02 1.573174e+02
    endloop
  endfacet
  facet normal -9.998252e-01 1.315909e-06 -1.869382e-02
    outer loop
      vertex 2.041662e+03 1.230689e+02 1.573174e+02
      vertex 2.041640e+03 6.684726e+01 1.584887e+02
      vertex 2.041589e+03 1.226784e+02 1.612217e+02
    endloop
  endfacet
  facet normal -9.998252e-01 0.000000e+00 -1.869395e-02
    outer loop
      vertex 2.041662e+03 1.230689e+02 1.573174e+02
      vertex 2.041589e+03 1.226784e+02 1.612217e+02
      vertex 2.041589e+03 1.230689e+02 1.612217e+02
    endloop
  endfacet
  facet normal -9.998279e-01 -0.000000e+00 -1.855112e-02
    outer loop
      vertex 2.041802e+03 6.765775e+01 1.498598e+02
      vertex 2.041801e+03 6.762814e+01 1.498992e+02
      vertex 2.041802e+03 8.324530e+01 1.498598e+02
    endloop
  endfacet
  facet normal -9.998241e-01 -5.178219e-07 -1.875591e-02
    outer loop
      vertex 2.041802e+03 8.324530e+01 1.498598e+02
      vertex 2.041801e+03 6.762814e+01 1.498992e+02
      vertex 2.041757e+03 6.684726e+01 1.522419e+02
    endloop
  endfacet
  facet normal -9.998256e-01 4.911622e-07 -1.867697e-02
    outer loop
      vertex 2.041640e+03 6.684726e+01 1.584887e+02
      vertex 2.041582e+03 6.255267e+01 1.616122e+02
      vertex 2.041589e+03 1.226784e+02 1.612217e+02
    endloop
  endfacet
  facet normal -9.998257e-01 5.351146e-07 -1.867020e-02
    outer loop
      vertex 2.041589e+03 1.226784e+02 1.612217e+02
      vertex 2.041582e+03 6.255267e+01 1.616122e+02
      vertex 2.041472e+03 1.226784e+02 1.674973e+02
    endloop
  endfacet
  facet normal -9.998258e-01 0.000000e+00 -1.866473e-02
    outer loop
      vertex 2.041472e+03 1.226784e+02 1.674973e+02
      vertex 2.041582e+03 6.255267e+01 1.616122e+02
      vertex 2.041472e+03 -1.186056e+02 1.674973e+02
    endloop
  endfacet
  facet normal -9.998258e-01 0.000000e+00 -1.866474e-02
    outer loop
      vertex 2.041472e+03 -1.186056e+02 1.674973e+02
      vertex 2.041582e+03 6.255267e+01 1.616122e+02
      vertex 2.041582e+03 -5.847989e+01 1.616122e+02
    endloop
  endfacet
  facet normal -9.998257e-01 -5.350952e-07 -1.867020e-02
    outer loop
      vertex 2.041472e+03 -1.186056e+02 1.674973e+02
      vertex 2.041582e+03 -5.847989e+01 1.616122e+02
      vertex 2.041589e+03 -1.186056e+02 1.612217e+02
    endloop
  endfacet
  facet normal -9.998256e-01 -4.911224e-07 -1.867697e-02
    outer loop
      vertex 2.041589e+03 -1.186056e+02 1.612217e+02
      vertex 2.041582e+03 -5.847989e+01 1.616122e+02
      vertex 2.041640e+03 -6.277448e+01 1.584887e+02
    endloop
  endfacet
  facet normal -9.998252e-01 -1.315909e-06 -1.869381e-02
    outer loop
      vertex 2.041589e+03 -1.186056e+02 1.612217e+02
      vertex 2.041640e+03 -6.277448e+01 1.584887e+02
      vertex 2.041662e+03 -1.189961e+02 1.573174e+02
    endloop
  endfacet
  facet normal -9.998260e-01 -2.141433e-06 -1.865420e-02
    outer loop
      vertex 2.041662e+03 -1.189961e+02 1.573174e+02
      vertex 2.041640e+03 -6.277448e+01 1.584887e+02
      vertex 2.041691e+03 -7.917249e+01 1.557557e+02
    endloop
  endfacet
  facet normal -9.998254e-01 -3.301275e-06 -1.868377e-02
    outer loop
      vertex 2.041662e+03 -1.189961e+02 1.573174e+02
      vertex 2.041691e+03 -7.917249e+01 1.557557e+02
      vertex 2.041757e+03 -8.229584e+01 1.522419e+02
    endloop
  endfacet
  facet normal -9.998250e-01 -0.000000e+00 -1.870614e-02
    outer loop
      vertex 2.041582e+03 -5.847989e+01 1.616122e+02
      vertex 2.041582e+03 6.255267e+01 1.616122e+02
      vertex 2.041598e+03 5.669623e+01 1.607640e+02
    endloop
  endfacet
  facet normal -9.998230e-01 1.598523e-05 -1.881647e-02
    outer loop
      vertex 2.041598e+03 5.669623e+01 1.607640e+02
      vertex 2.041582e+03 6.255267e+01 1.616122e+02
      vertex 2.041589e+03 6.099094e+01 1.612217e+02
    endloop
  endfacet
  facet normal -9.998258e-01 4.442642e-08 -1.866694e-02
    outer loop
      vertex 2.041598e+03 5.669623e+01 1.607640e+02
      vertex 2.041589e+03 6.099094e+01 1.612217e+02
      vertex 2.041640e+03 6.099094e+01 1.584887e+02
    endloop
  endfacet
  facet normal -9.998241e-01 0.000000e+00 -1.875586e-02
    outer loop
      vertex 2.041655e+03 6.060043e+01 1.577078e+02
      vertex 2.041655e+03 5.747708e+01 1.577078e+02
      vertex 2.041640e+03 6.099094e+01 1.584887e+02
    endloop
  endfacet
  facet normal -9.998252e-01 -1.391242e-05 -1.869328e-02
    outer loop
      vertex 2.041640e+03 6.099094e+01 1.584887e+02
      vertex 2.041655e+03 5.747708e+01 1.577078e+02
      vertex 2.041598e+03 5.669623e+01 1.607640e+02
    endloop
  endfacet
  facet normal -9.998240e-01 0.000000e+00 -1.875696e-02
    outer loop
      vertex 2.041677e+03 5.747708e+01 1.565366e+02
      vertex 2.041677e+03 5.669623e+01 1.565366e+02
      vertex 2.041655e+03 5.747708e+01 1.577078e+02
    endloop
  endfacet
  facet normal -9.998250e-01 -7.293384e-05 -1.870835e-02
    outer loop
      vertex 2.041655e+03 5.747708e+01 1.577078e+02
      vertex 2.041677e+03 5.669623e+01 1.565366e+02
      vertex 2.041598e+03 5.669623e+01 1.607640e+02
    endloop
  endfacet
  facet normal -9.998250e-01 0.000000e+00 -1.870614e-02
    outer loop
      vertex 2.041582e+03 -5.847989e+01 1.616122e+02
      vertex 2.041598e+03 5.669623e+01 1.607640e+02
      vertex 2.041598e+03 -5.262341e+01 1.607640e+02
    endloop
  endfacet
  facet normal -9.998252e-01 -0.000000e+00 -1.869530e-02
    outer loop
      vertex 2.041598e+03 -5.262341e+01 1.607640e+02
      vertex 2.041598e+03 5.669623e+01 1.607640e+02
      vertex 2.041735e+03 5.940674e+00 1.534131e+02
    endloop
  endfacet
  facet normal -9.998252e-01 0.000000e+00 -1.869531e-02
    outer loop
      vertex 2.041598e+03 -5.262341e+01 1.607640e+02
      vertex 2.041735e+03 5.940674e+00 1.534131e+02
      vertex 2.041735e+03 -1.867889e+00 1.534131e+02
    endloop
  endfacet
  facet normal -9.998264e-01 -0.000000e+00 -1.863152e-02
    outer loop
      vertex 2.041735e+03 -1.867889e+00 1.534131e+02
      vertex 2.041735e+03 5.940674e+00 1.534131e+02
      vertex 2.041772e+03 5.940674e+00 1.514610e+02
    endloop
  endfacet
  facet normal -9.998264e-01 0.000000e+00 -1.863152e-02
    outer loop
      vertex 2.041735e+03 -1.867889e+00 1.534131e+02
      vertex 2.041772e+03 5.940674e+00 1.514610e+02
      vertex 2.041772e+03 -1.867889e+00 1.514610e+02
    endloop
  endfacet
  facet normal -9.998240e-01 -0.000000e+00 -1.875916e-02
    outer loop
      vertex 2.041772e+03 -1.867889e+00 1.514610e+02
      vertex 2.041772e+03 5.940674e+00 1.514610e+02
      vertex 2.041779e+03 -1.477386e+00 1.510706e+02
    endloop
  endfacet
  facet normal -9.998240e-01 -0.000000e+00 -1.875916e-02
    outer loop
      vertex 2.041779e+03 -1.477386e+00 1.510706e+02
      vertex 2.041772e+03 5.940674e+00 1.514610e+02
      vertex 2.041779e+03 5.550171e+00 1.510706e+02
    endloop
  endfacet
  facet normal -9.998250e-01 7.293098e-05 -1.870835e-02
    outer loop
      vertex 2.041677e+03 -5.262341e+01 1.565366e+02
      vertex 2.041655e+03 -5.340430e+01 1.577078e+02
      vertex 2.041598e+03 -5.262341e+01 1.607640e+02
    endloop
  endfacet
  facet normal -9.998252e-01 1.391173e-05 -1.869328e-02
    outer loop
      vertex 2.041598e+03 -5.262341e+01 1.607640e+02
      vertex 2.041655e+03 -5.340430e+01 1.577078e+02
      vertex 2.041640e+03 -5.691815e+01 1.584887e+02
    endloop
  endfacet
  facet normal -9.998258e-01 -4.442611e-08 -1.866694e-02
    outer loop
      vertex 2.041598e+03 -5.262341e+01 1.607640e+02
      vertex 2.041640e+03 -5.691815e+01 1.584887e+02
      vertex 2.041589e+03 -5.691815e+01 1.612217e+02
    endloop
  endfacet
  facet normal -9.998240e-01 0.000000e+00 -1.875696e-02
    outer loop
      vertex 2.041677e+03 -5.262341e+01 1.565366e+02
      vertex 2.041677e+03 -5.340430e+01 1.565366e+02
      vertex 2.041655e+03 -5.340430e+01 1.577078e+02
    endloop
  endfacet
  facet normal -9.998241e-01 0.000000e+00 -1.875586e-02
    outer loop
      vertex 2.041655e+03 -5.340430e+01 1.577078e+02
      vertex 2.041655e+03 -5.652762e+01 1.577078e+02
      vertex 2.041640e+03 -5.691815e+01 1.584887e+02
    endloop
  endfacet
  facet normal -9.998230e-01 -1.598503e-05 -1.881647e-02
    outer loop
      vertex 2.041589e+03 -5.691815e+01 1.612217e+02
      vertex 2.041582e+03 -5.847989e+01 1.616122e+02
      vertex 2.041598e+03 -5.262341e+01 1.607640e+02
    endloop
  endfacet
  facet normal -9.998255e-01 1.843349e-06 -1.867810e-02
    outer loop
      vertex 2.041640e+03 -6.277448e+01 1.584887e+02
      vertex 2.041757e+03 -6.277448e+01 1.522419e+02
      vertex 2.041691e+03 -7.917249e+01 1.557557e+02
    endloop
  endfacet
  facet normal -9.998249e-01 -5.685319e-06 -1.871322e-02
    outer loop
      vertex 2.041691e+03 -7.917249e+01 1.557557e+02
      vertex 2.041757e+03 -6.277448e+01 1.522419e+02
      vertex 2.041802e+03 -7.917249e+01 1.498598e+02
    endloop
  endfacet
  facet normal -9.998241e-01 5.178219e-07 -1.875591e-02
    outer loop
      vertex 2.041802e+03 -7.917249e+01 1.498598e+02
      vertex 2.041757e+03 -6.277448e+01 1.522419e+02
      vertex 2.041801e+03 -6.355533e+01 1.498992e+02
    endloop
  endfacet
  facet normal -9.998279e-01 -0.000000e+00 -1.855112e-02
    outer loop
      vertex 2.041802e+03 -7.917249e+01 1.498598e+02
      vertex 2.041801e+03 -6.355533e+01 1.498992e+02
      vertex 2.041802e+03 -6.358493e+01 1.498598e+02
    endloop
  endfacet
  facet normal -9.998254e-01 -3.584330e-06 -1.868581e-02
    outer loop
      vertex 2.041662e+03 -1.189961e+02 1.573174e+02
      vertex 2.041757e+03 -8.229584e+01 1.522419e+02
      vertex 2.041786e+03 -1.127493e+02 1.506801e+02
    endloop
  endfacet
  facet normal -9.998241e-01 -0.000000e+00 -1.875568e-02
    outer loop
      vertex 2.041786e+03 -1.127493e+02 1.506801e+02
      vertex 2.041757e+03 -8.229584e+01 1.522419e+02
      vertex 2.041786e+03 -8.307669e+01 1.506801e+02
    endloop
  endfacet
  facet normal -9.998243e-01 -0.000000e+00 -1.874601e-02
    outer loop
      vertex 2.041786e+03 -1.127493e+02 1.506801e+02
      vertex 2.041786e+03 -8.307669e+01 1.506801e+02
      vertex 2.041802e+03 -8.340485e+01 1.498598e+02
    endloop
  endfacet
  facet normal -9.998243e-01 0.000000e+00 -1.874601e-02
    outer loop
      vertex 2.041802e+03 -8.340485e+01 1.498598e+02
      vertex 2.041802e+03 -1.125851e+02 1.498598e+02
      vertex 2.041786e+03 -1.127493e+02 1.506801e+02
    endloop
  endfacet
  facet normal -9.998252e-01 0.000000e+00 -1.869395e-02
    outer loop
      vertex 2.041662e+03 -1.189961e+02 1.573174e+02
      vertex 2.041589e+03 -1.189961e+02 1.612217e+02
      vertex 2.041589e+03 -1.186056e+02 1.612217e+02
    endloop
  endfacet
  facet normal -9.998254e-01 3.301327e-06 -1.868377e-02
    outer loop
      vertex 2.041691e+03 8.324530e+01 1.557557e+02
      vertex 2.041662e+03 1.230689e+02 1.573174e+02
      vertex 2.041757e+03 8.636862e+01 1.522419e+02
    endloop
  endfacet
  facet normal -9.998254e-01 3.584116e-06 -1.868581e-02
    outer loop
      vertex 2.041757e+03 8.636862e+01 1.522419e+02
      vertex 2.041662e+03 1.230689e+02 1.573174e+02
      vertex 2.041786e+03 1.168221e+02 1.506801e+02
    endloop
  endfacet
  facet normal -9.998241e-01 0.000000e+00 -1.875568e-02
    outer loop
      vertex 2.041757e+03 8.636862e+01 1.522419e+02
      vertex 2.041786e+03 1.168221e+02 1.506801e+02
      vertex 2.041786e+03 8.714951e+01 1.506801e+02
    endloop
  endfacet
  facet normal -9.998243e-01 -0.000000e+00 -1.874601e-02
    outer loop
      vertex 2.041786e+03 8.714951e+01 1.506801e+02
      vertex 2.041786e+03 1.168221e+02 1.506801e+02
      vertex 2.041802e+03 8.747766e+01 1.498598e+02
    endloop
  endfacet
  facet normal -9.998243e-01 -0.000000e+00 -1.874601e-02
    outer loop
      vertex 2.041802e+03 8.747766e+01 1.498598e+02
      vertex 2.041786e+03 1.168221e+02 1.506801e+02
      vertex 2.041802e+03 1.166580e+02 1.498598e+02
    endloop
  endfacet
  facet normal -1.000000e+00 0.000000e+00 0.000000e+00
    outer loop
      vertex 2.041802e+03 -6.589795e+01 1.458598e+02
      vertex 2.041802e+03 -7.917249e+01 1.458598e+02
      vertex 2.041802e+03 -6.589795e+01 1.467759e+02
    endloop
  endfacet
  facet normal -1.000000e+00 0.000000e+00 0.000000e+00
    outer loop
      vertex 2.041802e+03 -6.589795e+01 1.467759e+02
      vertex 2.041802e+03 -7.917249e+01 1.458598e+02
      vertex 2.041802e+03 -7.917249e+01 1.498598e+02
    endloop
  endfacet
  facet normal -1.000000e+00 0.000000e+00 -0.000000e+00
    outer loop
      vertex 2.041802e+03 -6.589795e+01 1.467759e+02
      vertex 2.041802e+03 -7.917249e+01 1.498598e+02
      vertex 2.041802e+03 -6.358493e+01 1.498598e+02
    endloop
  endfacet
  facet normal -2.892353e-07 0.000000e+00 -1.000000e+00
    outer loop
      vertex 2.041802e+03 -6.589795e+01 1.458598e+02
      vertex 2.094557e+03 -6.589795e+01 1.458597e+02
      vertex 2.041802e+03 -7.917249e+01 1.458598e+02
    endloop
  endfacet
  facet normal -2.892353e-07 0.000000e+00 -1.000000e+00
    outer loop
      vertex 2.041802e+03 -7.917249e+01 1.458598e+02
      vertex 2.094557e+03 -6.589795e+01 1.458597e+02
      vertex 2.094557e+03 -7.917249e+01 1.458597e+02
    endloop
  endfacet
  facet normal -1.000000e+00 0.000000e+00 -0.000000e+00
    outer loop
      vertex 2.041802e+03 -1.104066e+02 1.479471e+02
      vertex 2.041802e+03 -1.123588e+02 1.487280e+02
      vertex 2.041802e+03 -8.385757e+01 1.487280e+02
    endloop
  endfacet
  facet normal -1.000000e+00 0.000000e+00 0.000000e+00
    outer loop
      vertex 2.041802e+03 -8.385757e+01 1.487280e+02
      vertex 2.041802e+03 -1.123588e+02 1.487280e+02
      vertex 2.041802e+03 -1.125851e+02 1.498598e+02
    endloop
  endfacet
  facet normal -1.000000e+00 0.000000e+00 -0.000000e+00
    outer loop
      vertex 2.041802e+03 -8.385757e+01 1.487280e+02
      vertex 2.041802e+03 -1.125851e+02 1.498598e+02
      vertex 2.041802e+03 -8.340485e+01 1.498598e+02
    endloop
  endfacet
  facet normal -1.000000e+00 0.000000e+00 0.000000e+00
    outer loop
      vertex 2.041802e+03 -8.385757e+01 1.487280e+02
      vertex 2.041802e+03 -8.541931e+01 1.479471e+02
      vertex 2.041802e+03 -1.104066e+02 1.479471e+02
    endloop
  endfacet
  facet normal 9.998254e-01 3.301273e-06 -1.868377e-02
    outer loop
      vertex 1.916155e+03 8.636859e+01 1.522419e+02
      vertex 1.916250e+03 1.230689e+02 1.573174e+02
      vertex 1.916221e+03 8.324527e+01 1.557557e+02
    endloop
  endfacet
  facet normal 9.998260e-01 2.141431e-06 -1.865420e-02
    outer loop
      vertex 1.916221e+03 8.324527e+01 1.557557e+02
      vertex 1.916250e+03 1.230689e+02 1.573174e+02
      vertex 1.916272e+03 6.684723e+01 1.584887e+02
    endloop
  endfacet
  facet normal 9.998255e-01 -1.843345e-06 -1.867810e-02
    outer loop
      vertex 1.916221e+03 8.324527e+01 1.557557e+02
      vertex 1.916272e+03 6.684723e+01 1.584887e+02
      vertex 1.916155e+03 6.684723e+01 1.522419e+02
    endloop
  endfacet
  facet normal 9.998254e-01 3.584323e-06 -1.868581e-02
    outer loop
      vertex 1.916250e+03 1.230689e+02 1.573174e+02
      vertex 1.916155e+03 8.636859e+01 1.522419e+02
      vertex 1.916126e+03 1.168221e+02 1.506801e+02
    endloop
  endfacet
  facet normal 9.998241e-01 0.000000e+00 -1.875568e-02
    outer loop
      vertex 1.916126e+03 1.168221e+02 1.506801e+02
      vertex 1.916155e+03 8.636859e+01 1.522419e+02
      vertex 1.916126e+03 8.714948e+01 1.506801e+02
    endloop
  endfacet
  facet normal 9.998243e-01 0.000000e+00 -1.874601e-02
    outer loop
      vertex 1.916126e+03 1.168221e+02 1.506801e+02
      vertex 1.916126e+03 8.714948e+01 1.506801e+02
      vertex 1.916110e+03 8.747763e+01 1.498598e+02
    endloop
  endfacet
  facet normal 9.998243e-01 0.000000e+00 -1.874601e-02
    outer loop
      vertex 1.916110e+03 8.747763e+01 1.498598e+02
      vertex 1.916110e+03 1.166580e+02 1.498598e+02
      vertex 1.916126e+03 1.168221e+02 1.506801e+02
    endloop
  endfacet
  facet normal 9.998252e-01 0.000000e+00 -1.869395e-02
    outer loop
      vertex 1.916323e+03 1.230689e+02 1.612217e+02
      vertex 1.916323e+03 1.226784e+02 1.612217e+02
      vertex 1.916250e+03 1.230689e+02 1.573174e+02
    endloop
  endfacet
  facet normal 9.998252e-01 1.315908e-06 -1.869381e-02
    outer loop
      vertex 1.916250e+03 1.230689e+02 1.573174e+02
      vertex 1.916323e+03 1.226784e+02 1.612217e+02
      vertex 1.916272e+03 6.684723e+01 1.584887e+02
    endloop
  endfacet
  facet normal 9.998256e-01 4.911619e-07 -1.867697e-02
    outer loop
      vertex 1.916272e+03 6.684723e+01 1.584887e+02
      vertex 1.916323e+03 1.226784e+02 1.612217e+02
      vertex 1.916330e+03 6.255264e+01 1.616122e+02
    endloop
  endfacet
  facet normal 9.998257e-01 5.351144e-07 -1.867020e-02
    outer loop
      vertex 1.916330e+03 6.255264e+01 1.616122e+02
      vertex 1.916323e+03 1.226784e+02 1.612217e+02
      vertex 1.916440e+03 1.226784e+02 1.674973e+02
    endloop
  endfacet
  facet normal 9.998258e-01 0.000000e+00 -1.866474e-02
    outer loop
      vertex 1.916330e+03 6.255264e+01 1.616122e+02
      vertex 1.916440e+03 1.226784e+02 1.674973e+02
      vertex 1.916440e+03 -1.186056e+02 1.674973e+02
    endloop
  endfacet
  facet normal 9.998258e-01 0.000000e+00 -1.866474e-02
    outer loop
      vertex 1.916330e+03 6.255264e+01 1.616122e+02
      vertex 1.916440e+03 -1.186056e+02 1.674973e+02
      vertex 1.916330e+03 -5.847992e+01 1.616122e+02
    endloop
  endfacet
  facet normal 9.998257e-01 -5.351149e-07 -1.867020e-02
    outer loop
      vertex 1.916330e+03 -5.847992e+01 1.616122e+02
      vertex 1.916440e+03 -1.186056e+02 1.674973e+02
      vertex 1.916323e+03 -1.186056e+02 1.612217e+02
    endloop
  endfacet
  facet normal 9.998256e-01 -4.911224e-07 -1.867697e-02
    outer loop
      vertex 1.916330e+03 -5.847992e+01 1.616122e+02
      vertex 1.916323e+03 -1.186056e+02 1.612217e+02
      vertex 1.916272e+03 -6.277451e+01 1.584887e+02
    endloop
  endfacet
  facet normal 9.998252e-01 -1.315909e-06 -1.869381e-02
    outer loop
      vertex 1.916272e+03 -6.277451e+01 1.584887e+02
      vertex 1.916323e+03 -1.186056e+02 1.612217e+02
      vertex 1.916250e+03 -1.189961e+02 1.573174e+02
    endloop
  endfacet
  facet normal 9.998260e-01 -2.141432e-06 -1.865420e-02
    outer loop
      vertex 1.916272e+03 -6.277451e+01 1.584887e+02
      vertex 1.916250e+03 -1.189961e+02 1.573174e+02
      vertex 1.916221e+03 -7.917252e+01 1.557557e+02
    endloop
  endfacet
  facet normal 9.998254e-01 -3.301326e-06 -1.868377e-02
    outer loop
      vertex 1.916221e+03 -7.917252e+01 1.557557e+02
      vertex 1.916250e+03 -1.189961e+02 1.573174e+02
      vertex 1.916155e+03 -8.229587e+01 1.522419e+02
    endloop
  endfacet
  facet normal 9.998254e-01 -3.584119e-06 -1.868581e-02
    outer loop
      vertex 1.916155e+03 -8.229587e+01 1.522419e+02
      vertex 1.916250e+03 -1.189961e+02 1.573174e+02
      vertex 1.916126e+03 -1.127493e+02 1.506801e+02
    endloop
  endfacet
  facet normal 9.998241e-01 0.000000e+00 -1.875568e-02
    outer loop
      vertex 1.916155e+03 -8.229587e+01 1.522419e+02
      vertex 1.916126e+03 -1.127493e+02 1.506801e+02
      vertex 1.916126e+03 -8.307672e+01 1.506801e+02
    endloop
  endfacet
  facet normal 9.998243e-01 0.000000e+00 -1.874601e-02
    outer loop
      vertex 1.916126e+03 -8.307672e+01 1.506801e+02
      vertex 1.916126e+03 -1.127493e+02 1.506801e+02
      vertex 1.916110e+03 -8.340488e+01 1.498598e+02
    endloop
  endfacet
  facet normal 9.998243e-01 0.000000e+00 -1.874601e-02
    outer loop
      vertex 1.916110e+03 -8.340488e+01 1.498598e+02
      vertex 1.916126e+03 -1.127493e+02 1.506801e+02
      vertex 1.916110e+03 -1.125852e+02 1.498598e+02
    endloop
  endfacet
  facet normal 9.998252e-01 0.000000e+00 -1.869395e-02
    outer loop
      vertex 1.916323e+03 -1.186056e+02 1.612217e+02
      vertex 1.916323e+03 -1.189961e+02 1.612217e+02
      vertex 1.916250e+03 -1.189961e+02 1.573174e+02
    endloop
  endfacet
  facet normal 9.998255e-01 1.843349e-06 -1.867810e-02
    outer loop
      vertex 1.916272e+03 -6.277451e+01 1.584887e+02
      vertex 1.916221e+03 -7.917252e+01 1.557557e+02
      vertex 1.916155e+03 -6.277451e+01 1.522419e+02
    endloop
  endfacet
  facet normal 9.998249e-01 -5.685319e-06 -1.871322e-02
    outer loop
      vertex 1.916155e+03 -6.277451e+01 1.522419e+02
      vertex 1.916221e+03 -7.917252e+01 1.557557e+02
      vertex 1.916110e+03 -7.917252e+01 1.498598e+02
    endloop
  endfacet
  facet normal 9.998241e-01 5.178219e-07 -1.875591e-02
    outer loop
      vertex 1.916155e+03 -6.277451e+01 1.522419e+02
      vertex 1.916110e+03 -7.917252e+01 1.498598e+02
      vertex 1.916111e+03 -6.355536e+01 1.498992e+02
    endloop
  endfacet
  facet normal 9.998279e-01 0.000000e+00 -1.855112e-02
    outer loop
      vertex 1.916111e+03 -6.355536e+01 1.498992e+02
      vertex 1.916110e+03 -7.917252e+01 1.498598e+02
      vertex 1.916110e+03 -6.358496e+01 1.498598e+02
    endloop
  endfacet
  facet normal 9.998230e-01 -1.598503e-05 -1.881647e-02
    outer loop
      vertex 1.916323e+03 -5.691818e+01 1.612217e+02
      vertex 1.916314e+03 -5.262344e+01 1.607640e+02
      vertex 1.916330e+03 -5.847992e+01 1.616122e+02
    endloop
  endfacet
  facet normal 9.998250e-01 0.000000e+00 -1.870614e-02
    outer loop
      vertex 1.916330e+03 -5.847992e+01 1.616122e+02
      vertex 1.916314e+03 -5.262344e+01 1.607640e+02
      vertex 1.916314e+03 5.669620e+01 1.607640e+02
    endloop
  endfacet
  facet normal 9.998250e-01 0.000000e+00 -1.870614e-02
    outer loop
      vertex 1.916330e+03 -5.847992e+01 1.616122e+02
      vertex 1.916314e+03 5.669620e+01 1.607640e+02
      vertex 1.916330e+03 6.255264e+01 1.616122e+02
    endloop
  endfacet
  facet normal 9.998230e-01 1.598523e-05 -1.881647e-02
    outer loop
      vertex 1.916330e+03 6.255264e+01 1.616122e+02
      vertex 1.916314e+03 5.669620e+01 1.607640e+02
      vertex 1.916323e+03 6.099091e+01 1.612217e+02
    endloop
  endfacet
  facet normal 9.998258e-01 4.442642e-08 -1.866694e-02
    outer loop
      vertex 1.916323e+03 6.099091e+01 1.612217e+02
      vertex 1.916314e+03 5.669620e+01 1.607640e+02
      vertex 1.916272e+03 6.099091e+01 1.584887e+02
    endloop
  endfacet
  facet normal 9.998252e-01 -1.391242e-05 -1.869328e-02
    outer loop
      vertex 1.916272e+03 6.099091e+01 1.584887e+02
      vertex 1.916314e+03 5.669620e+01 1.607640e+02
      vertex 1.916257e+03 5.747705e+01 1.577078e+02
    endloop
  endfacet
  facet normal 9.998241e-01 0.000000e+00 -1.875586e-02
    outer loop
      vertex 1.916272e+03 6.099091e+01 1.584887e+02
      vertex 1.916257e+03 5.747705e+01 1.577078e+02
      vertex 1.916257e+03 6.060040e+01 1.577078e+02
    endloop
  endfacet
  facet normal 9.998258e-01 -4.442611e-08 -1.866694e-02
    outer loop
      vertex 1.916323e+03 -5.691818e+01 1.612217e+02
      vertex 1.916272e+03 -5.691818e+01 1.584887e+02
      vertex 1.916314e+03 -5.262344e+01 1.607640e+02
    endloop
  endfacet
  facet normal 9.998252e-01 1.391173e-05 -1.869328e-02
    outer loop
      vertex 1.916314e+03 -5.262344e+01 1.607640e+02
      vertex 1.916272e+03 -5.691818e+01 1.584887e+02
      vertex 1.916257e+03 -5.340433e+01 1.577078e+02
    endloop
  endfacet
  facet normal 9.998250e-01 7.292873e-05 -1.870835e-02
    outer loop
      vertex 1.916314e+03 -5.262344e+01 1.607640e+02
      vertex 1.916257e+03 -5.340433e+01 1.577078e+02
      vertex 1.916235e+03 -5.262344e+01 1.565366e+02
    endloop
  endfacet
  facet normal 9.998240e-01 0.000000e+00 -1.875696e-02
    outer loop
      vertex 1.916235e+03 -5.262344e+01 1.565366e+02
      vertex 1.916257e+03 -5.340433e+01 1.577078e+02
      vertex 1.916235e+03 -5.340433e+01 1.565366e+02
    endloop
  endfacet
  facet normal 9.998241e-01 0.000000e+00 -1.875586e-02
    outer loop
      vertex 1.916272e+03 -5.691818e+01 1.584887e+02
      vertex 1.916257e+03 -5.652765e+01 1.577078e+02
      vertex 1.916257e+03 -5.340433e+01 1.577078e+02
    endloop
  endfacet
  facet normal 9.998252e-01 0.000000e+00 -1.869530e-02
    outer loop
      vertex 1.916314e+03 -5.262344e+01 1.607640e+02
      vertex 1.916177e+03 -1.867920e+00 1.534131e+02
      vertex 1.916314e+03 5.669620e+01 1.607640e+02
    endloop
  endfacet
  facet normal 9.998252e-01 0.000000e+00 -1.869530e-02
    outer loop
      vertex 1.916314e+03 5.669620e+01 1.607640e+02
      vertex 1.916177e+03 -1.867920e+00 1.534131e+02
      vertex 1.916177e+03 5.940643e+00 1.534131e+02
    endloop
  endfacet
  facet normal 9.998264e-01 0.000000e+00 -1.863152e-02
    outer loop
      vertex 1.916177e+03 5.940643e+00 1.534131e+02
      vertex 1.916177e+03 -1.867920e+00 1.534131e+02
      vertex 1.916140e+03 -1.867920e+00 1.514610e+02
    endloop
  endfacet
  facet normal 9.998264e-01 0.000000e+00 -1.863152e-02
    outer loop
      vertex 1.916177e+03 5.940643e+00 1.534131e+02
      vertex 1.916140e+03 -1.867920e+00 1.514610e+02
      vertex 1.916140e+03 5.940643e+00 1.514610e+02
    endloop
  endfacet
  facet normal 9.998240e-01 0.000000e+00 -1.875916e-02
    outer loop
      vertex 1.916140e+03 5.940643e+00 1.514610e+02
      vertex 1.916140e+03 -1.867920e+00 1.514610e+02
      vertex 1.916133e+03 5.550140e+00 1.510706e+02
    endloop
  endfacet
  facet normal 9.998240e-01 0.000000e+00 -1.875916e-02
    outer loop
      vertex 1.916133e+03 5.550140e+00 1.510706e+02
      vertex 1.916140e+03 -1.867920e+00 1.514610e+02
      vertex 1.916133e+03 -1.477417e+00 1.510706e+02
    endloop
  endfacet
  facet normal 9.998250e-01 -7.293158e-05 -1.870835e-02
    outer loop
      vertex 1.916314e+03 5.669620e+01 1.607640e+02
      vertex 1.916235e+03 5.669620e+01 1.565366e+02
      vertex 1.916257e+03 5.747705e+01 1.577078e+02
    endloop
  endfacet
  facet normal 9.998240e-01 0.000000e+00 -1.875696e-02
    outer loop
      vertex 1.916257e+03 5.747705e+01 1.577078e+02
      vertex 1.916235e+03 5.669620e+01 1.565366e+02
      vertex 1.916235e+03 5.747705e+01 1.565366e+02
    endloop
  endfacet
  facet normal 9.998249e-01 5.685308e-06 -1.871322e-02
    outer loop
      vertex 1.916221e+03 8.324527e+01 1.557557e+02
      vertex 1.916155e+03 6.684723e+01 1.522419e+02
      vertex 1.916110e+03 8.324527e+01 1.498598e+02
    endloop
  endfacet
  facet normal 9.998241e-01 -5.178219e-07 -1.875591e-02
    outer loop
      vertex 1.916110e+03 8.324527e+01 1.498598e+02
      vertex 1.916155e+03 6.684723e+01 1.522419e+02
      vertex 1.916111e+03 6.762811e+01 1.498992e+02
    endloop
  endfacet
  facet normal 9.998279e-01 0.000000e+00 -1.855112e-02
    outer loop
      vertex 1.916110e+03 8.324527e+01 1.498598e+02
      vertex 1.916111e+03 6.762811e+01 1.498992e+02
      vertex 1.916110e+03 6.765771e+01 1.498598e+02
    endloop
  endfacet
  facet normal 1.000000e+00 -0.000000e+00 0.000000e+00
    outer loop
      vertex 1.916110e+03 -6.589798e+01 1.458598e+02
      vertex 1.916110e+03 -6.589798e+01 1.467759e+02
      vertex 1.916110e+03 -7.917252e+01 1.458598e+02
    endloop
  endfacet
  facet normal 1.000000e+00 0.000000e+00 0.000000e+00
    outer loop
      vertex 1.916110e+03 -7.917252e+01 1.458598e+02
      vertex 1.916110e+03 -6.589798e+01 1.467759e+02
      vertex 1.916110e+03 -7.917252e+01 1.498598e+02
    endloop
  endfacet
  facet normal 1.000000e+00 0.000000e+00 0.000000e+00
    outer loop
      vertex 1.916110e+03 -7.917252e+01 1.498598e+02
      vertex 1.916110e+03 -6.589798e+01 1.467759e+02
      vertex 1.916110e+03 -6.358496e+01 1.498598e+02
    endloop
  endfacet
  facet normal -2.892353e-07 -0.000000e+00 -1.000000e+00
    outer loop
      vertex 1.916110e+03 -7.917252e+01 1.458598e+02
      vertex 1.863355e+03 -7.917252e+01 1.458598e+02
      vertex 1.916110e+03 -6.589798e+01 1.458598e+02
    endloop
  endfacet
  facet normal -2.892353e-07 0.000000e+00 -1.000000e+00
    outer loop
      vertex 1.916110e+03 -6.589798e+01 1.458598e+02
      vertex 1.863355e+03 -7.917252e+01 1.458598e+02
      vertex 1.863355e+03 -6.589798e+01 1.458598e+02
    endloop
  endfacet
  facet normal 3.529340e-01 4.046141e-03 -9.356394e-01
    outer loop
      vertex 1.840124e+03 -7.878201e+01 1.299875e+02
      vertex 1.839017e+03 -7.253519e+01 1.295971e+02
      vertex 1.841163e+03 -7.917252e+01 1.303780e+02
    endloop
  endfacet
  facet normal 3.562764e-01 5.276783e-03 -9.343657e-01
    outer loop
      vertex 1.841163e+03 -7.917252e+01 1.303780e+02
      vertex 1.839017e+03 -7.253519e+01 1.295971e+02
      vertex 1.843538e+03 -6.589798e+01 1.313584e+02
    endloop
  endfacet
  facet normal 4.340707e-01 -1.111871e-02 -9.008102e-01
    outer loop
      vertex 1.841163e+03 -7.917252e+01 1.303780e+02
      vertex 1.843538e+03 -6.589798e+01 1.313584e+02
      vertex 1.849358e+03 -7.917252e+01 1.343270e+02
    endloop
  endfacet
  facet normal 4.992813e-01 2.524300e-02 -8.660721e-01
    outer loop
      vertex 1.849358e+03 -7.917252e+01 1.343270e+02
      vertex 1.843538e+03 -6.589798e+01 1.313584e+02
      vertex 1.854238e+03 -6.589798e+01 1.375270e+02
    endloop
  endfacet
  facet normal 5.721250e-01 -1.262338e-02 -8.200693e-01
    outer loop
      vertex 1.849358e+03 -7.917252e+01 1.343270e+02
      vertex 1.854238e+03 -6.589798e+01 1.375270e+02
      vertex 1.856819e+03 -7.917252e+01 1.395320e+02
    endloop
  endfacet
  facet normal 6.745294e-01 1.968591e-02 -7.379855e-01
    outer loop
      vertex 1.856819e+03 -7.917252e+01 1.395320e+02
      vertex 1.854238e+03 -6.589798e+01 1.375270e+02
      vertex 1.863355e+03 -6.589798e+01 1.458598e+02
    endloop
  endfacet
  facet normal 6.955892e-01 0.000000e+00 -7.184397e-01
    outer loop
      vertex 1.856819e+03 -7.917252e+01 1.395320e+02
      vertex 1.863355e+03 -6.589798e+01 1.458598e+02
      vertex 1.863355e+03 -7.917252e+01 1.458598e+02
    endloop
  endfacet
  facet normal 3.417835e-01 1.654658e-02 -9.396330e-01
    outer loop
      vertex 1.839017e+03 -7.253519e+01 1.295971e+02
      vertex 1.837830e+03 -7.019272e+01 1.292066e+02
      vertex 1.843538e+03 -6.589798e+01 1.313584e+02
    endloop
  endfacet
  facet normal 3.249747e-01 4.148083e-02 -9.448126e-01
    outer loop
      vertex 1.843538e+03 -6.589798e+01 1.313584e+02
      vertex 1.837830e+03 -7.019272e+01 1.292066e+02
      vertex 1.836545e+03 -6.902133e+01 1.288162e+02
    endloop
  endfacet
  facet normal 2.990665e-01 1.026436e-01 -9.486957e-01
    outer loop
      vertex 1.843538e+03 -6.589798e+01 1.313584e+02
      vertex 1.836545e+03 -6.902133e+01 1.288162e+02
      vertex 1.831758e+03 -6.589798e+01 1.276450e+02
    endloop
  endfacet
  facet normal 2.748941e-01 6.154035e-02 -9.595030e-01
    outer loop
      vertex 1.831758e+03 -6.589798e+01 1.276450e+02
      vertex 1.836545e+03 -6.902133e+01 1.288162e+02
      vertex 1.836077e+03 -6.902133e+01 1.286821e+02
    endloop
  endfacet
  facet normal 2.668330e-01 4.940610e-02 -9.624755e-01
    outer loop
      vertex 1.831758e+03 -6.589798e+01 1.276450e+02
      vertex 1.836077e+03 -6.902133e+01 1.286821e+02
      vertex 1.835608e+03 -6.902133e+01 1.285519e+02
    endloop
  endfacet
  facet normal 2.581579e-01 7.686783e-02 -9.630399e-01
    outer loop
      vertex 1.835137e+03 -6.902133e+01 1.284258e+02
      vertex 1.833564e+03 -6.863095e+01 1.280353e+02
      vertex 1.835608e+03 -6.902133e+01 1.285519e+02
    endloop
  endfacet
  facet normal 2.498398e-01 2.688267e-02 -9.679139e-01
    outer loop
      vertex 1.835608e+03 -6.902133e+01 1.285519e+02
      vertex 1.833564e+03 -6.863095e+01 1.280353e+02
      vertex 1.831758e+03 -6.589798e+01 1.276450e+02
    endloop
  endfacet
  facet normal 1.798971e-01 -2.156598e-02 -9.834490e-01
    outer loop
      vertex 1.831758e+03 -6.589798e+01 1.276450e+02
      vertex 1.833564e+03 -6.863095e+01 1.280353e+02
      vertex 1.829577e+03 -6.628833e+01 1.272545e+02
    endloop
  endfacet
  facet normal 1.599966e-01 -5.613037e-02 -9.855204e-01
    outer loop
      vertex 1.829577e+03 -6.628833e+01 1.272545e+02
      vertex 1.833564e+03 -6.863095e+01 1.280353e+02
      vertex 1.826624e+03 -6.785010e+01 1.268641e+02
    endloop
  endfacet
  facet normal 1.310831e-01 0.000000e+00 -9.913714e-01
    outer loop
      vertex 1.829577e+03 -6.628833e+01 1.272545e+02
      vertex 1.826624e+03 -6.785010e+01 1.268641e+02
      vertex 1.826624e+03 -6.706921e+01 1.268641e+02
    endloop
  endfacet
  facet normal 1.000000e+00 0.000000e+00 0.000000e+00
    outer loop
      vertex 1.916110e+03 -1.125852e+02 1.498598e+02
      vertex 1.916110e+03 -1.123588e+02 1.487280e+02
      vertex 1.916110e+03 -8.385760e+01 1.487280e+02
    endloop
  endfacet
  facet normal 1.000000e+00 0.000000e+00 0.000000e+00
    outer loop
      vertex 1.916110e+03 -8.385760e+01 1.487280e+02
      vertex 1.916110e+03 -1.123588e+02 1.487280e+02
      vertex 1.916110e+03 -1.104067e+02 1.479471e+02
    endloop
  endfacet
  facet normal 1.000000e+00 0.000000e+00 0.000000e+00
    outer loop
      vertex 1.916110e+03 -8.385760e+01 1.487280e+02
      vertex 1.916110e+03 -1.104067e+02 1.479471e+02
      vertex 1.916110e+03 -8.541934e+01 1.479471e+02
    endloop
  endfacet
  facet normal 1.000000e+00 0.000000e+00 0.000000e+00
    outer loop
      vertex 1.916110e+03 -8.385760e+01 1.487280e+02
      vertex 1.916110e+03 -8.340488e+01 1.498598e+02
      vertex 1.916110e+03 -1.125852e+02 1.498598e+02
    endloop
  endfacet
  facet normal 0.000000e+00 0.000000e+00 -1.000000e+00
    outer loop
      vertex 1.916440e+03 1.226784e+02 1.674973e+02
      vertex 2.041472e+03 1.226784e+02 1.674973e+02
      vertex 1.916440e+03 -1.186056e+02 1.674973e+02
    endloop
  endfacet
  facet normal 0.000000e+00 0.000000e+00 -1.000000e+00
    outer loop
      vertex 1.916440e+03 -1.186056e+02 1.674973e+02
      vertex 2.041472e+03 1.226784e+02 1.674973e+02
      vertex 2.041472e+03 -1.186056e+02 1.674973e+02
    endloop
  endfacet
  facet normal -1.000000e+00 0.000000e+00 0.000000e+00
    outer loop
      vertex 2.041802e+03 8.747766e+01 1.498598e+02
      vertex 2.041802e+03 1.166580e+02 1.498598e+02
      vertex 2.041802e+03 8.793036e+01 1.487280e+02
    endloop
  endfacet
  facet normal -1.000000e+00 -0.000000e+00 0.000000e+00
    outer loop
      vertex 2.041802e+03 8.793036e+01 1.487280e+02
      vertex 2.041802e+03 1.166580e+02 1.498598e+02
      vertex 2.041802e+03 1.164316e+02 1.487280e+02
    endloop
  endfacet
  facet normal -1.000000e+00 0.000000e+00 0.000000e+00
    outer loop
      vertex 2.041802e+03 8.793036e+01 1.487280e+02
      vertex 2.041802e+03 1.164316e+02 1.487280e+02
      vertex 2.041802e+03 1.144794e+02 1.479471e+02
    endloop
  endfacet
  facet normal -1.000000e+00 0.000000e+00 0.000000e+00
    outer loop
      vertex 2.041802e+03 1.144794e+02 1.479471e+02
      vertex 2.041802e+03 8.949213e+01 1.479471e+02
      vertex 2.041802e+03 8.793036e+01 1.487280e+02
    endloop
  endfacet
  facet normal 1.000000e+00 0.000000e+00 0.000000e+00
    outer loop
      vertex 1.916110e+03 8.949210e+01 1.479471e+02
      vertex 1.916110e+03 1.144794e+02 1.479471e+02
      vertex 1.916110e+03 8.793033e+01 1.487280e+02
    endloop
  endfacet
  facet normal 1.000000e+00 0.000000e+00 0.000000e+00
    outer loop
      vertex 1.916110e+03 8.793033e+01 1.487280e+02
      vertex 1.916110e+03 1.144794e+02 1.479471e+02
      vertex 1.916110e+03 1.164316e+02 1.487280e+02
    endloop
  endfacet
  facet normal 1.000000e+00 0.000000e+00 0.000000e+00
    outer loop
      vertex 1.916110e+03 8.793033e+01 1.487280e+02
      vertex 1.916110e+03 1.164316e+02 1.487280e+02
      vertex 1.916110e+03 1.166580e+02 1.498598e+02
    endloop
  endfacet
  facet normal 1.000000e+00 0.000000e+00 0.000000e+00
    outer loop
      vertex 1.916110e+03 1.166580e+02 1.498598e+02
      vertex 1.916110e+03 8.747763e+01 1.498598e+02
      vertex 1.916110e+03 8.793033e+01 1.487280e+02
    endloop
  endfacet
  facet normal -6.955892e-01 0.000000e+00 -7.184397e-01
    outer loop
      vertex 2.094557e+03 8.324530e+01 1.458597e+02
      vertex 2.101093e+03 8.324530e+01 1.395320e+02
      vertex 2.094557e+03 6.997073e+01 1.458597e+02
    endloop
  endfacet
  facet normal -6.745294e-01 -1.968585e-02 -7.379855e-01
    outer loop
      vertex 2.094557e+03 6.997073e+01 1.458597e+02
      vertex 2.101093e+03 8.324530e+01 1.395320e+02
      vertex 2.103674e+03 6.997073e+01 1.375269e+02
    endloop
  endfacet
  facet normal -5.721251e-01 1.262333e-02 -8.200693e-01
    outer loop
      vertex 2.103674e+03 6.997073e+01 1.375269e+02
      vertex 2.101093e+03 8.324530e+01 1.395320e+02
      vertex 2.108554e+03 8.324530e+01 1.343270e+02
    endloop
  endfacet
  facet normal -4.992814e-01 -2.524294e-02 -8.660721e-01
    outer loop
      vertex 2.103674e+03 6.997073e+01 1.375269e+02
      vertex 2.108554e+03 8.324530e+01 1.343270e+02
      vertex 2.114374e+03 6.997073e+01 1.313584e+02
    endloop
  endfacet
  facet normal -4.340707e-01 1.111869e-02 -9.008102e-01
    outer loop
      vertex 2.114374e+03 6.997073e+01 1.313584e+02
      vertex 2.108554e+03 8.324530e+01 1.343270e+02
      vertex 2.116749e+03 8.324530e+01 1.303779e+02
    endloop
  endfacet
  facet normal -3.562536e-01 -5.281486e-03 -9.343744e-01
    outer loop
      vertex 2.114374e+03 6.997073e+01 1.313584e+02
      vertex 2.116749e+03 8.324530e+01 1.303779e+02
      vertex 2.118896e+03 7.660794e+01 1.295970e+02
    endloop
  endfacet
  facet normal -3.529390e-01 -4.060935e-03 -9.356375e-01
    outer loop
      vertex 2.118896e+03 7.660794e+01 1.295970e+02
      vertex 2.116749e+03 8.324530e+01 1.303779e+02
      vertex 2.117789e+03 8.285477e+01 1.299875e+02
    endloop
  endfacet
  facet normal -3.418008e-01 -1.652069e-02 -9.396272e-01
    outer loop
      vertex 2.118896e+03 7.660794e+01 1.295970e+02
      vertex 2.120082e+03 7.426547e+01 1.292066e+02
      vertex 2.114374e+03 6.997073e+01 1.313584e+02
    endloop
  endfacet
  facet normal -3.249747e-01 -4.148083e-02 -9.448126e-01
    outer loop
      vertex 2.114374e+03 6.997073e+01 1.313584e+02
      vertex 2.120082e+03 7.426547e+01 1.292066e+02
      vertex 2.121367e+03 7.309409e+01 1.288162e+02
    endloop
  endfacet
  facet normal -2.990665e-01 -1.026436e-01 -9.486957e-01
    outer loop
      vertex 2.114374e+03 6.997073e+01 1.313584e+02
      vertex 2.121367e+03 7.309409e+01 1.288162e+02
      vertex 2.126154e+03 6.997073e+01 1.276449e+02
    endloop
  endfacet
  facet normal -2.748941e-01 -6.154035e-02 -9.595030e-01
    outer loop
      vertex 2.126154e+03 6.997073e+01 1.276449e+02
      vertex 2.121367e+03 7.309409e+01 1.288162e+02
      vertex 2.121835e+03 7.309409e+01 1.286820e+02
    endloop
  endfacet
  facet normal -2.668330e-01 -4.940610e-02 -9.624755e-01
    outer loop
      vertex 2.126154e+03 6.997073e+01 1.276449e+02
      vertex 2.121835e+03 7.309409e+01 1.286820e+02
      vertex 2.122304e+03 7.309409e+01 1.285519e+02
    endloop
  endfacet
  facet normal -2.580467e-01 -7.617967e-02 -9.631244e-01
    outer loop
      vertex 2.122775e+03 7.309409e+01 1.284258e+02
      vertex 2.124348e+03 7.270374e+01 1.280353e+02
      vertex 2.122304e+03 7.309409e+01 1.285519e+02
    endloop
  endfacet
  facet normal -2.498394e-01 -2.688203e-02 -9.679140e-01
    outer loop
      vertex 2.122304e+03 7.309409e+01 1.285519e+02
      vertex 2.124348e+03 7.270374e+01 1.280353e+02
      vertex 2.126154e+03 6.997073e+01 1.276449e+02
    endloop
  endfacet
  facet normal -1.798973e-01 2.156558e-02 -9.834490e-01
    outer loop
      vertex 2.126154e+03 6.997073e+01 1.276449e+02
      vertex 2.124348e+03 7.270374e+01 1.280353e+02
      vertex 2.128335e+03 7.036111e+01 1.272545e+02
    endloop
  endfacet
  facet normal -1.599963e-01 5.613089e-02 -9.855204e-01
    outer loop
      vertex 2.128335e+03 7.036111e+01 1.272545e+02
      vertex 2.124348e+03 7.270374e+01 1.280353e+02
      vertex 2.131288e+03 7.192285e+01 1.268641e+02
    endloop
  endfacet
  facet normal -1.310831e-01 0.000000e+00 -9.913714e-01
    outer loop
      vertex 2.128335e+03 7.036111e+01 1.272545e+02
      vertex 2.131288e+03 7.192285e+01 1.268641e+02
      vertex 2.131288e+03 7.114200e+01 1.268641e+02
    endloop
  endfacet
  facet normal -2.892353e-07 0.000000e+00 -1.000000e+00
    outer loop
      vertex 2.041802e+03 8.324530e+01 1.458598e+02
      vertex 2.094557e+03 8.324530e+01 1.458597e+02
      vertex 2.041802e+03 6.997073e+01 1.458598e+02
    endloop
  endfacet
  facet normal -2.892353e-07 0.000000e+00 -1.000000e+00
    outer loop
      vertex 2.041802e+03 6.997073e+01 1.458598e+02
      vertex 2.094557e+03 8.324530e+01 1.458597e+02
      vertex 2.094557e+03 6.997073e+01 1.458597e+02
    endloop
  endfacet
  facet normal -1.000000e+00 0.000000e+00 0.000000e+00
    outer loop
      vertex 2.041802e+03 6.765775e+01 1.498598e+02
      vertex 2.041802e+03 8.324530e+01 1.498598e+02
      vertex 2.041802e+03 6.997073e+01 1.467759e+02
    endloop
  endfacet
  facet normal -1.000000e+00 -0.000000e+00 0.000000e+00
    outer loop
      vertex 2.041802e+03 6.997073e+01 1.467759e+02
      vertex 2.041802e+03 8.324530e+01 1.498598e+02
      vertex 2.041802e+03 8.324530e+01 1.458598e+02
    endloop
  endfacet
  facet normal -1.000000e+00 0.000000e+00 0.000000e+00
    outer loop
      vertex 2.041802e+03 6.997073e+01 1.467759e+02
      vertex 2.041802e+03 8.324530e+01 1.458598e+02
      vertex 2.041802e+03 6.997073e+01 1.458598e+02
    endloop
  endfacet
  facet normal 1.000000e+00 0.000000e+00 0.000000e+00
    outer loop
      vertex 1.916110e+03 6.997070e+01 1.458598e+02
      vertex 1.916110e+03 8.324527e+01 1.458598e+02
      vertex 1.916110e+03 6.997070e+01 1.467759e+02
    endloop
  endfacet
  facet normal 1.000000e+00 0.000000e+00 0.000000e+00
    outer loop
      vertex 1.916110e+03 6.997070e+01 1.467759e+02
      vertex 1.916110e+03 8.324527e+01 1.458598e+02
      vertex 1.916110e+03 8.324527e+01 1.498598e+02
    endloop
  endfacet
  facet normal 1.000000e+00 0.000000e+00 0.000000e+00
    outer loop
      vertex 1.916110e+03 6.997070e+01 1.467759e+02
      vertex 1.916110e+03 8.324527e+01 1.498598e+02
      vertex 1.916110e+03 6.765771e+01 1.498598e+02
    endloop
  endfacet
  facet normal -2.892353e-07 -0.000000e+00 -1.000000e+00
    outer loop
      vertex 1.916110e+03 6.997070e+01 1.458598e+02
      vertex 1.863355e+03 6.997070e+01 1.458598e+02
      vertex 1.916110e+03 8.324527e+01 1.458598e+02
    endloop
  endfacet
  facet normal -2.892353e-07 0.000000e+00 -1.000000e+00
    outer loop
      vertex 1.916110e+03 8.324527e+01 1.458598e+02
      vertex 1.863355e+03 6.997070e+01 1.458598e+02
      vertex 1.863355e+03 8.324527e+01 1.458598e+02
    endloop
  endfacet
  facet normal 1.798973e-01 2.156557e-02 -9.834490e-01
    outer loop
      vertex 1.829577e+03 7.036108e+01 1.272545e+02
      vertex 1.833564e+03 7.270370e+01 1.280353e+02
      vertex 1.831758e+03 6.997070e+01 1.276450e+02
    endloop
  endfacet
  facet normal 2.498393e-01 -2.688203e-02 -9.679141e-01
    outer loop
      vertex 1.831758e+03 6.997070e+01 1.276450e+02
      vertex 1.833564e+03 7.270370e+01 1.280353e+02
      vertex 1.835608e+03 7.309406e+01 1.285519e+02
    endloop
  endfacet
  facet normal 2.668330e-01 -4.940610e-02 -9.624755e-01
    outer loop
      vertex 1.831758e+03 6.997070e+01 1.276450e+02
      vertex 1.835608e+03 7.309406e+01 1.285519e+02
      vertex 1.836077e+03 7.309406e+01 1.286821e+02
    endloop
  endfacet
  facet normal 1.310831e-01 0.000000e+00 -9.913714e-01
    outer loop
      vertex 1.826624e+03 7.114197e+01 1.268641e+02
      vertex 1.826624e+03 7.192282e+01 1.268641e+02
      vertex 1.829577e+03 7.036108e+01 1.272545e+02
    endloop
  endfacet
  facet normal 1.599963e-01 5.613089e-02 -9.855204e-01
    outer loop
      vertex 1.829577e+03 7.036108e+01 1.272545e+02
      vertex 1.826624e+03 7.192282e+01 1.268641e+02
      vertex 1.833564e+03 7.270370e+01 1.280353e+02
    endloop
  endfacet
  facet normal 2.581578e-01 -7.687388e-02 -9.630394e-01
    outer loop
      vertex 1.833564e+03 7.270370e+01 1.280353e+02
      vertex 1.835137e+03 7.309406e+01 1.284258e+02
      vertex 1.835608e+03 7.309406e+01 1.285519e+02
    endloop
  endfacet
  facet normal 2.748941e-01 -6.154048e-02 -9.595030e-01
    outer loop
      vertex 1.836077e+03 7.309406e+01 1.286821e+02
      vertex 1.836545e+03 7.309406e+01 1.288162e+02
      vertex 1.831758e+03 6.997070e+01 1.276450e+02
    endloop
  endfacet
  facet normal 2.990665e-01 -1.026436e-01 -9.486957e-01
    outer loop
      vertex 1.831758e+03 6.997070e+01 1.276450e+02
      vertex 1.836545e+03 7.309406e+01 1.288162e+02
      vertex 1.843538e+03 6.997070e+01 1.313584e+02
    endloop
  endfacet
  facet normal 3.249747e-01 -4.148083e-02 -9.448126e-01
    outer loop
      vertex 1.843538e+03 6.997070e+01 1.313584e+02
      vertex 1.836545e+03 7.309406e+01 1.288162e+02
      vertex 1.837830e+03 7.426544e+01 1.292066e+02
    endloop
  endfacet
  facet normal 3.417835e-01 -1.654655e-02 -9.396330e-01
    outer loop
      vertex 1.843538e+03 6.997070e+01 1.313584e+02
      vertex 1.837830e+03 7.426544e+01 1.292066e+02
      vertex 1.839017e+03 7.660791e+01 1.295971e+02
    endloop
  endfacet
  facet normal 3.529341e-01 -4.046163e-03 -9.356394e-01
    outer loop
      vertex 1.840124e+03 8.285474e+01 1.299875e+02
      vertex 1.841163e+03 8.324527e+01 1.303780e+02
      vertex 1.839017e+03 7.660791e+01 1.295971e+02
    endloop
  endfacet
  facet normal 3.562764e-01 -5.276764e-03 -9.343657e-01
    outer loop
      vertex 1.839017e+03 7.660791e+01 1.295971e+02
      vertex 1.841163e+03 8.324527e+01 1.303780e+02
      vertex 1.843538e+03 6.997070e+01 1.313584e+02
    endloop
  endfacet
  facet normal 4.340707e-01 1.111869e-02 -9.008102e-01
    outer loop
      vertex 1.841163e+03 8.324527e+01 1.303780e+02
      vertex 1.849358e+03 8.324527e+01 1.343270e+02
      vertex 1.843538e+03 6.997070e+01 1.313584e+02
    endloop
  endfacet
  facet normal 4.992814e-01 -2.524294e-02 -8.660721e-01
    outer loop
      vertex 1.843538e+03 6.997070e+01 1.313584e+02
      vertex 1.849358e+03 8.324527e+01 1.343270e+02
      vertex 1.854238e+03 6.997070e+01 1.375270e+02
    endloop
  endfacet
  facet normal 5.721251e-01 1.262333e-02 -8.200693e-01
    outer loop
      vertex 1.854238e+03 6.997070e+01 1.375270e+02
      vertex 1.849358e+03 8.324527e+01 1.343270e+02
      vertex 1.856819e+03 8.324527e+01 1.395320e+02
    endloop
  endfacet
  facet normal 6.745294e-01 -1.968586e-02 -7.379855e-01
    outer loop
      vertex 1.854238e+03 6.997070e+01 1.375270e+02
      vertex 1.856819e+03 8.324527e+01 1.395320e+02
      vertex 1.863355e+03 6.997070e+01 1.458598e+02
    endloop
  endfacet
  facet normal 6.955892e-01 0.000000e+00 -7.184397e-01
    outer loop
      vertex 1.863355e+03 6.997070e+01 1.458598e+02
      vertex 1.856819e+03 8.324527e+01 1.395320e+02
      vertex 1.863355e+03 8.324527e+01 1.458598e+02
    endloop
  endfacet
  facet normal -6.955892e-01 0.000000e+00 -7.184397e-01
    outer loop
      vertex 1.777939e+03 8.324527e+01 1.458598e+02
      vertex 1.784475e+03 8.324527e+01 1.395320e+02
      vertex 1.777939e+03 6.997070e+01 1.458598e+02
    endloop
  endfacet
  facet normal -6.745344e-01 -1.968130e-02 -7.379811e-01
    outer loop
      vertex 1.777939e+03 6.997070e+01 1.458598e+02
      vertex 1.784475e+03 8.324527e+01 1.395320e+02
      vertex 1.787056e+03 6.997070e+01 1.375270e+02
    endloop
  endfacet
  facet normal -5.721250e-01 1.262860e-02 -8.200692e-01
    outer loop
      vertex 1.787056e+03 6.997070e+01 1.375270e+02
      vertex 1.784475e+03 8.324527e+01 1.395320e+02
      vertex 1.791935e+03 8.324527e+01 1.343270e+02
    endloop
  endfacet
  facet normal -4.992771e-01 -2.524052e-02 -8.660746e-01
    outer loop
      vertex 1.787056e+03 6.997070e+01 1.375270e+02
      vertex 1.791935e+03 8.324527e+01 1.343270e+02
      vertex 1.797756e+03 6.997070e+01 1.313584e+02
    endloop
  endfacet
  facet normal -4.340707e-01 1.111869e-02 -9.008102e-01
    outer loop
      vertex 1.797756e+03 6.997070e+01 1.313584e+02
      vertex 1.791935e+03 8.324527e+01 1.343270e+02
      vertex 1.800131e+03 8.324527e+01 1.303780e+02
    endloop
  endfacet
  facet normal -3.562764e-01 -5.276769e-03 -9.343657e-01
    outer loop
      vertex 1.797756e+03 6.997070e+01 1.313584e+02
      vertex 1.800131e+03 8.324527e+01 1.303780e+02
      vertex 1.802277e+03 7.660791e+01 1.295971e+02
    endloop
  endfacet
  facet normal -3.529341e-01 -4.046159e-03 -9.356394e-01
    outer loop
      vertex 1.802277e+03 7.660791e+01 1.295971e+02
      vertex 1.800131e+03 8.324527e+01 1.303780e+02
      vertex 1.801170e+03 8.285474e+01 1.299875e+02
    endloop
  endfacet
  facet normal -3.417835e-01 -1.654658e-02 -9.396330e-01
    outer loop
      vertex 1.802277e+03 7.660791e+01 1.295971e+02
      vertex 1.803464e+03 7.426544e+01 1.292066e+02
      vertex 1.797756e+03 6.997070e+01 1.313584e+02
    endloop
  endfacet
  facet normal -3.249747e-01 -4.148083e-02 -9.448126e-01
    outer loop
      vertex 1.797756e+03 6.997070e+01 1.313584e+02
      vertex 1.803464e+03 7.426544e+01 1.292066e+02
      vertex 1.804748e+03 7.309406e+01 1.288162e+02
    endloop
  endfacet
  facet normal -2.990665e-01 -1.026436e-01 -9.486957e-01
    outer loop
      vertex 1.797756e+03 6.997070e+01 1.313584e+02
      vertex 1.804748e+03 7.309406e+01 1.288162e+02
      vertex 1.809536e+03 6.997070e+01 1.276450e+02
    endloop
  endfacet
  facet normal -2.748941e-01 -6.154035e-02 -9.595030e-01
    outer loop
      vertex 1.809536e+03 6.997070e+01 1.276450e+02
      vertex 1.804748e+03 7.309406e+01 1.288162e+02
      vertex 1.805217e+03 7.309406e+01 1.286821e+02
    endloop
  endfacet
  facet normal -2.668330e-01 -4.940610e-02 -9.624755e-01
    outer loop
      vertex 1.809536e+03 6.997070e+01 1.276450e+02
      vertex 1.805217e+03 7.309406e+01 1.286821e+02
      vertex 1.805686e+03 7.309406e+01 1.285519e+02
    endloop
  endfacet
  facet normal -2.581578e-01 -7.687380e-02 -9.630395e-01
    outer loop
      vertex 1.806156e+03 7.309406e+01 1.284258e+02
      vertex 1.807729e+03 7.270370e+01 1.280353e+02
      vertex 1.805686e+03 7.309406e+01 1.285519e+02
    endloop
  endfacet
  facet normal -2.498394e-01 -2.688203e-02 -9.679140e-01
    outer loop
      vertex 1.805686e+03 7.309406e+01 1.285519e+02
      vertex 1.807729e+03 7.270370e+01 1.280353e+02
      vertex 1.809536e+03 6.997070e+01 1.276450e+02
    endloop
  endfacet
  facet normal -1.798973e-01 2.156558e-02 -9.834490e-01
    outer loop
      vertex 1.809536e+03 6.997070e+01 1.276450e+02
      vertex 1.807729e+03 7.270370e+01 1.280353e+02
      vertex 1.811717e+03 7.036108e+01 1.272545e+02
    endloop
  endfacet
  facet normal -1.599963e-01 5.613089e-02 -9.855204e-01
    outer loop
      vertex 1.811717e+03 7.036108e+01 1.272545e+02
      vertex 1.807729e+03 7.270370e+01 1.280353e+02
      vertex 1.814670e+03 7.192282e+01 1.268641e+02
    endloop
  endfacet
  facet normal -1.310831e-01 0.000000e+00 -9.913714e-01
    outer loop
      vertex 1.811717e+03 7.036108e+01 1.272545e+02
      vertex 1.814670e+03 7.192282e+01 1.268641e+02
      vertex 1.814670e+03 7.114197e+01 1.268641e+02
    endloop
  endfacet
  facet normal 0.000000e+00 0.000000e+00 -1.000000e+00
    outer loop
      vertex 1.777939e+03 6.997070e+01 1.458598e+02
      vertex 1.743761e+03 6.997070e+01 1.458598e+02
      vertex 1.777939e+03 8.324527e+01 1.458598e+02
    endloop
  endfacet
  facet normal 0.000000e+00 0.000000e+00 -1.000000e+00
    outer loop
      vertex 1.777939e+03 8.324527e+01 1.458598e+02
      vertex 1.743761e+03 6.997070e+01 1.458598e+02
      vertex 1.743761e+03 8.324527e+01 1.458598e+02
    endloop
  endfacet
  facet normal 1.000000e+00 0.000000e+00 0.000000e+00
    outer loop
      vertex 1.743761e+03 6.997070e+01 1.434223e+02
      vertex 1.743761e+03 8.324527e+01 1.434223e+02
      vertex 1.743761e+03 6.997070e+01 1.458598e+02
    endloop
  endfacet
  facet normal 1.000000e+00 0.000000e+00 0.000000e+00
    outer loop
      vertex 1.743761e+03 6.997070e+01 1.458598e+02
      vertex 1.743761e+03 8.324527e+01 1.434223e+02
      vertex 1.743761e+03 8.324527e+01 1.458598e+02
    endloop
  endfacet
  facet normal -4.240738e-07 0.000000e+00 -1.000000e+00
    outer loop
      vertex 1.707780e+03 8.324527e+01 1.434224e+02
      vertex 1.743761e+03 8.324527e+01 1.434223e+02
      vertex 1.707780e+03 6.997070e+01 1.434224e+02
    endloop
  endfacet
  facet normal -4.240738e-07 0.000000e+00 -1.000000e+00
    outer loop
      vertex 1.707780e+03 6.997070e+01 1.434224e+02
      vertex 1.743761e+03 8.324527e+01 1.434223e+02
      vertex 1.743761e+03 6.997070e+01 1.434223e+02
    endloop
  endfacet
  facet normal 5.497546e-01 0.000000e+00 -8.353263e-01
    outer loop
      vertex 1.617447e+03 5.669617e+01 1.590187e+02
      vertex 1.617447e+03 6.099088e+01 1.590187e+02
      vertex 1.620099e+03 5.669617e+01 1.607640e+02
    endloop
  endfacet
  facet normal 5.497545e-01 -6.926905e-09 -8.353263e-01
    outer loop
      vertex 1.620099e+03 5.669617e+01 1.607640e+02
      vertex 1.617447e+03 6.099088e+01 1.590187e+02
      vertex 1.620795e+03 6.099088e+01 1.612217e+02
    endloop
  endfacet
  facet normal 5.497174e-01 8.580363e-06 -8.353506e-01
    outer loop
      vertex 1.620099e+03 5.669617e+01 1.607640e+02
      vertex 1.620795e+03 6.099088e+01 1.612217e+02
      vertex 1.621388e+03 6.255261e+01 1.616122e+02
    endloop
  endfacet
  facet normal 5.497515e-01 2.578314e-07 -8.353283e-01
    outer loop
      vertex 1.617447e+03 6.611844e+01 1.590187e+02
      vertex 1.620795e+03 1.226783e+02 1.612217e+02
      vertex 1.621388e+03 6.255261e+01 1.616122e+02
    endloop
  endfacet
  facet normal 5.497472e-01 1.971386e-07 -8.353311e-01
    outer loop
      vertex 1.621388e+03 6.255261e+01 1.616122e+02
      vertex 1.620795e+03 1.226783e+02 1.612217e+02
      vertex 1.651643e+03 1.226783e+02 1.815239e+02
    endloop
  endfacet
  facet normal 5.497475e-01 0.000000e+00 -8.353309e-01
    outer loop
      vertex 1.621388e+03 6.255261e+01 1.616122e+02
      vertex 1.651643e+03 1.226783e+02 1.815239e+02
      vertex 1.621388e+03 -5.847995e+01 1.616122e+02
    endloop
  endfacet
  facet normal 5.497475e-01 0.000000e+00 -8.353309e-01
    outer loop
      vertex 1.621388e+03 -5.847995e+01 1.616122e+02
      vertex 1.651643e+03 1.226783e+02 1.815239e+02
      vertex 1.651643e+03 -1.186056e+02 1.815239e+02
    endloop
  endfacet
  facet normal 5.497472e-01 -1.971387e-07 -8.353311e-01
    outer loop
      vertex 1.621388e+03 -5.847995e+01 1.616122e+02
      vertex 1.651643e+03 -1.186056e+02 1.815239e+02
      vertex 1.620795e+03 -1.186057e+02 1.612217e+02
    endloop
  endfacet
  facet normal 5.497546e-01 0.000000e+00 -8.353263e-01
    outer loop
      vertex 1.617447e+03 6.611844e+01 1.590187e+02
      vertex 1.617447e+03 1.230688e+02 1.590187e+02
      vertex 1.620795e+03 1.226783e+02 1.612217e+02
    endloop
  endfacet
  facet normal 5.497546e-01 0.000000e+00 -8.353263e-01
    outer loop
      vertex 1.620795e+03 1.226783e+02 1.612217e+02
      vertex 1.617447e+03 1.230688e+02 1.590187e+02
      vertex 1.620795e+03 1.230688e+02 1.612217e+02
    endloop
  endfacet
  facet normal 5.497562e-01 0.000000e+00 -8.353252e-01
    outer loop
      vertex 1.651643e+03 1.238497e+02 1.815239e+02
      vertex 1.652237e+03 1.238497e+02 1.819143e+02
      vertex 1.651643e+03 1.226783e+02 1.815239e+02
    endloop
  endfacet
  facet normal 5.497425e-01 9.972027e-06 -8.353342e-01
    outer loop
      vertex 1.651643e+03 1.226783e+02 1.815239e+02
      vertex 1.652237e+03 1.238497e+02 1.819143e+02
      vertex 1.653423e+03 1.242401e+02 1.826952e+02
    endloop
  endfacet
  facet normal 5.497482e-01 4.298266e-07 -8.353304e-01
    outer loop
      vertex 1.651643e+03 1.226783e+02 1.815239e+02
      vertex 1.653423e+03 1.242401e+02 1.826952e+02
      vertex 1.654016e+03 1.242401e+02 1.830857e+02
    endloop
  endfacet
  facet normal 5.497447e-01 0.000000e+00 -8.353327e-01
    outer loop
      vertex 1.652237e+03 1.238497e+02 1.819143e+02
      vertex 1.652237e+03 1.246306e+02 1.819143e+02
      vertex 1.653423e+03 1.242401e+02 1.826952e+02
    endloop
  endfacet
  facet normal 5.497448e-01 0.000000e+00 -8.353327e-01
    outer loop
      vertex 1.653423e+03 1.242401e+02 1.826952e+02
      vertex 1.652237e+03 1.246306e+02 1.819143e+02
      vertex 1.653423e+03 1.246306e+02 1.826952e+02
    endloop
  endfacet
  facet normal 5.497562e-01 0.000000e+00 -8.353252e-01
    outer loop
      vertex 1.654016e+03 1.246306e+02 1.830857e+02
      vertex 1.654610e+03 1.250209e+02 1.834760e+02
      vertex 1.654016e+03 1.242401e+02 1.830857e+02
    endloop
  endfacet
  facet normal 5.497470e-01 9.974058e-06 -8.353312e-01
    outer loop
      vertex 1.654016e+03 1.242401e+02 1.830857e+02
      vertex 1.654610e+03 1.250209e+02 1.834760e+02
      vertex 1.657576e+03 1.250209e+02 1.854281e+02
    endloop
  endfacet
  facet normal 5.497486e-01 -2.149838e-07 -8.353301e-01
    outer loop
      vertex 1.654016e+03 1.242401e+02 1.830857e+02
      vertex 1.657576e+03 1.250209e+02 1.854281e+02
      vertex 1.651643e+03 1.226783e+02 1.815239e+02
    endloop
  endfacet
  facet normal 5.497485e-01 0.000000e+00 -8.353302e-01
    outer loop
      vertex 1.651643e+03 1.226783e+02 1.815239e+02
      vertex 1.657576e+03 1.250209e+02 1.854281e+02
      vertex 1.651643e+03 -1.186056e+02 1.815239e+02
    endloop
  endfacet
  facet normal 5.497463e-01 0.000000e+00 -8.353317e-01
    outer loop
      vertex 1.657576e+03 1.254113e+02 1.854281e+02
      vertex 1.710968e+03 1.304869e+02 2.205667e+02
      vertex 1.657576e+03 1.250209e+02 1.854281e+02
    endloop
  endfacet
  facet normal 5.497463e-01 0.000000e+00 -8.353317e-01
    outer loop
      vertex 1.657576e+03 1.250209e+02 1.854281e+02
      vertex 1.710968e+03 1.304869e+02 2.205667e+02
      vertex 1.710968e+03 -1.264142e+02 2.205667e+02
    endloop
  endfacet
  facet normal 5.497463e-01 0.000000e+00 -8.353317e-01
    outer loop
      vertex 1.657576e+03 1.250209e+02 1.854281e+02
      vertex 1.710968e+03 -1.264142e+02 2.205667e+02
      vertex 1.657576e+03 -1.209482e+02 1.854281e+02
    endloop
  endfacet
  facet normal 5.497463e-01 0.000000e+00 -8.353317e-01
    outer loop
      vertex 1.657576e+03 -1.209482e+02 1.854281e+02
      vertex 1.710968e+03 -1.264142e+02 2.205667e+02
      vertex 1.657576e+03 -1.213386e+02 1.854281e+02
    endloop
  endfacet
  facet normal 5.497467e-01 5.788801e-06 -8.353314e-01
    outer loop
      vertex 1.657576e+03 -1.213386e+02 1.854281e+02
      vertex 1.710968e+03 -1.264142e+02 2.205667e+02
      vertex 1.641558e+03 -1.264142e+02 1.748867e+02
    endloop
  endfacet
  facet normal 5.497480e-01 0.000000e+00 -8.353305e-01
    outer loop
      vertex 1.657576e+03 -1.213386e+02 1.854281e+02
      vertex 1.641558e+03 -1.264142e+02 1.748867e+02
      vertex 1.641558e+03 -1.213386e+02 1.748867e+02
    endloop
  endfacet
  facet normal 5.497479e-01 0.000000e+00 -8.353306e-01
    outer loop
      vertex 1.641558e+03 1.254113e+02 1.748867e+02
      vertex 1.641558e+03 1.304869e+02 1.748867e+02
      vertex 1.657576e+03 1.254113e+02 1.854281e+02
    endloop
  endfacet
  facet normal 5.497467e-01 -5.788863e-06 -8.353314e-01
    outer loop
      vertex 1.657576e+03 1.254113e+02 1.854281e+02
      vertex 1.641558e+03 1.304869e+02 1.748867e+02
      vertex 1.710968e+03 1.304869e+02 2.205667e+02
    endloop
  endfacet
  facet normal 5.496623e-01 0.000000e+00 -8.353869e-01
    outer loop
      vertex 1.710375e+03 1.394667e+02 2.201763e+02
      vertex 1.710968e+03 1.402476e+02 2.205667e+02
      vertex 1.710968e+03 1.304869e+02 2.205667e+02
    endloop
  endfacet
  facet normal 5.497569e-01 0.000000e+00 -8.353246e-01
    outer loop
      vertex 1.710968e+03 1.304869e+02 2.205667e+02
      vertex 1.710968e+03 1.402476e+02 2.205667e+02
      vertex 1.712461e+03 1.402967e+02 2.215492e+02
    endloop
  endfacet
  facet normal 5.497570e-01 0.000000e+00 -8.353246e-01
    outer loop
      vertex 1.710968e+03 1.304869e+02 2.205667e+02
      vertex 1.712461e+03 1.402967e+02 2.215492e+02
      vertex 1.712461e+03 -1.362240e+02 2.215492e+02
    endloop
  endfacet
  facet normal 5.496623e-01 0.000000e+00 -8.353870e-01
    outer loop
      vertex 1.710375e+03 1.394667e+02 2.201763e+02
      vertex 1.710375e+03 1.398572e+02 2.201763e+02
      vertex 1.710968e+03 1.402476e+02 2.205667e+02
    endloop
  endfacet
  facet normal 5.497570e-01 0.000000e+00 -8.353246e-01
    outer loop
      vertex 1.710968e+03 1.304869e+02 2.205667e+02
      vertex 1.712461e+03 -1.362240e+02 2.215492e+02
      vertex 1.710968e+03 -1.264142e+02 2.205667e+02
    endloop
  endfacet
  facet normal 5.497569e-01 0.000000e+00 -8.353246e-01
    outer loop
      vertex 1.710968e+03 -1.264142e+02 2.205667e+02
      vertex 1.712461e+03 -1.362240e+02 2.215492e+02
      vertex 1.710968e+03 -1.361749e+02 2.205667e+02
    endloop
  endfacet
  facet normal 5.496623e-01 0.000000e+00 -8.353869e-01
    outer loop
      vertex 1.710968e+03 -1.264142e+02 2.205667e+02
      vertex 1.710968e+03 -1.361749e+02 2.205667e+02
      vertex 1.710375e+03 -1.353940e+02 2.201763e+02
    endloop
  endfacet
  facet normal 5.496623e-01 0.000000e+00 -8.353870e-01
    outer loop
      vertex 1.710375e+03 -1.353940e+02 2.201763e+02
      vertex 1.710968e+03 -1.361749e+02 2.205667e+02
      vertex 1.710375e+03 -1.357845e+02 2.201763e+02
    endloop
  endfacet
  facet normal 5.497470e-01 -1.001705e-05 -8.353312e-01
    outer loop
      vertex 1.654610e+03 -1.209482e+02 1.834760e+02
      vertex 1.654016e+03 -1.201674e+02 1.830857e+02
      vertex 1.657576e+03 -1.209482e+02 1.854281e+02
    endloop
  endfacet
  facet normal 5.497486e-01 2.149775e-07 -8.353302e-01
    outer loop
      vertex 1.657576e+03 -1.209482e+02 1.854281e+02
      vertex 1.654016e+03 -1.201674e+02 1.830857e+02
      vertex 1.651643e+03 -1.186056e+02 1.815239e+02
    endloop
  endfacet
  facet normal 5.497485e-01 0.000000e+00 -8.353302e-01
    outer loop
      vertex 1.657576e+03 -1.209482e+02 1.854281e+02
      vertex 1.651643e+03 -1.186056e+02 1.815239e+02
      vertex 1.657576e+03 1.250209e+02 1.854281e+02
    endloop
  endfacet
  facet normal 5.497562e-01 0.000000e+00 -8.353252e-01
    outer loop
      vertex 1.654610e+03 -1.209482e+02 1.834760e+02
      vertex 1.654016e+03 -1.205579e+02 1.830857e+02
      vertex 1.654016e+03 -1.201674e+02 1.830857e+02
    endloop
  endfacet
  facet normal 5.497482e-01 -4.835454e-07 -8.353304e-01
    outer loop
      vertex 1.654016e+03 -1.201674e+02 1.830857e+02
      vertex 1.653423e+03 -1.201674e+02 1.826952e+02
      vertex 1.651643e+03 -1.186056e+02 1.815239e+02
    endloop
  endfacet
  facet normal 5.497425e-01 -9.972183e-06 -8.353342e-01
    outer loop
      vertex 1.651643e+03 -1.186056e+02 1.815239e+02
      vertex 1.653423e+03 -1.201674e+02 1.826952e+02
      vertex 1.652237e+03 -1.197770e+02 1.819143e+02
    endloop
  endfacet
  facet normal 5.497562e-01 0.000000e+00 -8.353252e-01
    outer loop
      vertex 1.651643e+03 -1.186056e+02 1.815239e+02
      vertex 1.652237e+03 -1.197770e+02 1.819143e+02
      vertex 1.651643e+03 -1.197770e+02 1.815239e+02
    endloop
  endfacet
  facet normal 5.497448e-01 0.000000e+00 -8.353327e-01
    outer loop
      vertex 1.653423e+03 -1.205579e+02 1.826952e+02
      vertex 1.652237e+03 -1.205579e+02 1.819143e+02
      vertex 1.653423e+03 -1.201674e+02 1.826952e+02
    endloop
  endfacet
  facet normal 5.497448e-01 0.000000e+00 -8.353327e-01
    outer loop
      vertex 1.653423e+03 -1.201674e+02 1.826952e+02
      vertex 1.652237e+03 -1.205579e+02 1.819143e+02
      vertex 1.652237e+03 -1.197770e+02 1.819143e+02
    endloop
  endfacet
  facet normal 5.497546e-01 0.000000e+00 -8.353263e-01
    outer loop
      vertex 1.620795e+03 -1.189962e+02 1.612217e+02
      vertex 1.617447e+03 -1.189962e+02 1.590187e+02
      vertex 1.620795e+03 -1.186057e+02 1.612217e+02
    endloop
  endfacet
  facet normal 5.497546e-01 0.000000e+00 -8.353263e-01
    outer loop
      vertex 1.620795e+03 -1.186057e+02 1.612217e+02
      vertex 1.617447e+03 -1.189962e+02 1.590187e+02
      vertex 1.617447e+03 -6.204578e+01 1.590187e+02
    endloop
  endfacet
  facet normal 5.497515e-01 -2.582556e-07 -8.353283e-01
    outer loop
      vertex 1.620795e+03 -1.186057e+02 1.612217e+02
      vertex 1.617447e+03 -6.204578e+01 1.590187e+02
      vertex 1.621388e+03 -5.847995e+01 1.616122e+02
    endloop
  endfacet
  facet normal 5.497447e-01 0.000000e+00 -8.353327e-01
    outer loop
      vertex 1.621388e+03 6.255261e+01 1.616122e+02
      vertex 1.621388e+03 -5.847995e+01 1.616122e+02
      vertex 1.620099e+03 -5.262347e+01 1.607640e+02
    endloop
  endfacet
  facet normal 5.497175e-01 -8.580259e-06 -8.353506e-01
    outer loop
      vertex 1.620099e+03 -5.262347e+01 1.607640e+02
      vertex 1.621388e+03 -5.847995e+01 1.616122e+02
      vertex 1.620795e+03 -5.691821e+01 1.612217e+02
    endloop
  endfacet
  facet normal 5.497546e-01 6.926856e-09 -8.353263e-01
    outer loop
      vertex 1.620099e+03 -5.262347e+01 1.607640e+02
      vertex 1.620795e+03 -5.691821e+01 1.612217e+02
      vertex 1.617447e+03 -5.691821e+01 1.590187e+02
    endloop
  endfacet
  facet normal 5.497546e-01 0.000000e+00 -8.353263e-01
    outer loop
      vertex 1.617447e+03 -5.691821e+01 1.590187e+02
      vertex 1.617447e+03 -5.262347e+01 1.590187e+02
      vertex 1.620099e+03 -5.262347e+01 1.607640e+02
    endloop
  endfacet
  facet normal 5.497447e-01 0.000000e+00 -8.353327e-01
    outer loop
      vertex 1.621388e+03 6.255261e+01 1.616122e+02
      vertex 1.620099e+03 -5.262347e+01 1.607640e+02
      vertex 1.620099e+03 5.669617e+01 1.607640e+02
    endloop
  endfacet
  facet normal 5.497546e-01 0.000000e+00 -8.353263e-01
    outer loop
      vertex 1.620099e+03 5.669617e+01 1.607640e+02
      vertex 1.620099e+03 -5.262347e+01 1.607640e+02
      vertex 1.617447e+03 -4.057297e+01 1.590187e+02
    endloop
  endfacet
  facet normal 5.497546e-01 0.000000e+00 -8.353263e-01
    outer loop
      vertex 1.620099e+03 5.669617e+01 1.607640e+02
      vertex 1.617447e+03 -4.057297e+01 1.590187e+02
      vertex 1.617447e+03 4.464563e+01 1.590187e+02
    endloop
  endfacet
  facet normal -1.267710e-07 0.000000e+00 -1.000000e+00
    outer loop
      vertex 1.497082e+03 -5.262347e+01 1.590188e+02
      vertex 1.617447e+03 -5.262347e+01 1.590187e+02
      vertex 1.497082e+03 -5.691821e+01 1.590188e+02
    endloop
  endfacet
  facet normal -1.267710e-07 0.000000e+00 -1.000000e+00
    outer loop
      vertex 1.497082e+03 -5.691821e+01 1.590188e+02
      vertex 1.617447e+03 -5.262347e+01 1.590187e+02
      vertex 1.617447e+03 -5.691821e+01 1.590187e+02
    endloop
  endfacet
  facet normal -5.497546e-01 0.000000e+00 -8.353262e-01
    outer loop
      vertex 1.497082e+03 4.464563e+01 1.590188e+02
      vertex 1.497082e+03 -4.057297e+01 1.590188e+02
      vertex 1.494430e+03 5.669617e+01 1.607640e+02
    endloop
  endfacet
  facet normal -5.497546e-01 0.000000e+00 -8.353263e-01
    outer loop
      vertex 1.494430e+03 5.669617e+01 1.607640e+02
      vertex 1.497082e+03 -4.057297e+01 1.590188e+02
      vertex 1.494430e+03 -5.262347e+01 1.607640e+02
    endloop
  endfacet
  facet normal -5.497447e-01 0.000000e+00 -8.353327e-01
    outer loop
      vertex 1.494430e+03 5.669617e+01 1.607640e+02
      vertex 1.494430e+03 -5.262347e+01 1.607640e+02
      vertex 1.493142e+03 6.255261e+01 1.616122e+02
    endloop
  endfacet
  facet normal -5.497447e-01 0.000000e+00 -8.353327e-01
    outer loop
      vertex 1.493142e+03 6.255261e+01 1.616122e+02
      vertex 1.494430e+03 -5.262347e+01 1.607640e+02
      vertex 1.493142e+03 -5.847995e+01 1.616122e+02
    endloop
  endfacet
  facet normal -5.497475e-01 0.000000e+00 -8.353309e-01
    outer loop
      vertex 1.493142e+03 6.255261e+01 1.616122e+02
      vertex 1.493142e+03 -5.847995e+01 1.616122e+02
      vertex 1.462886e+03 1.226783e+02 1.815239e+02
    endloop
  endfacet
  facet normal -5.497475e-01 0.000000e+00 -8.353309e-01
    outer loop
      vertex 1.462886e+03 1.226783e+02 1.815239e+02
      vertex 1.493142e+03 -5.847995e+01 1.616122e+02
      vertex 1.462886e+03 -1.186057e+02 1.815239e+02
    endloop
  endfacet
  facet normal -5.497406e-01 0.000000e+00 -8.353354e-01
    outer loop
      vertex 1.462886e+03 1.226783e+02 1.815239e+02
      vertex 1.462886e+03 -1.186057e+02 1.815239e+02
      vertex 1.456954e+03 1.250209e+02 1.854282e+02
    endloop
  endfacet
  facet normal -5.497406e-01 0.000000e+00 -8.353354e-01
    outer loop
      vertex 1.456954e+03 1.250209e+02 1.854282e+02
      vertex 1.462886e+03 -1.186057e+02 1.815239e+02
      vertex 1.456954e+03 -1.209483e+02 1.854282e+02
    endloop
  endfacet
  facet normal -5.497473e-01 0.000000e+00 -8.353310e-01
    outer loop
      vertex 1.456954e+03 1.250209e+02 1.854282e+02
      vertex 1.456954e+03 -1.209483e+02 1.854282e+02
      vertex 1.403561e+03 -1.264142e+02 2.205667e+02
    endloop
  endfacet
  facet normal -5.497477e-01 0.000000e+00 -8.353307e-01
    outer loop
      vertex 1.403561e+03 -1.264142e+02 2.205667e+02
      vertex 1.456954e+03 -1.209483e+02 1.854282e+02
      vertex 1.456954e+03 -1.213386e+02 1.854282e+02
    endloop
  endfacet
  facet normal -5.497468e-01 -7.525476e-06 -8.353313e-01
    outer loop
      vertex 1.403561e+03 -1.264142e+02 2.205667e+02
      vertex 1.456954e+03 -1.213386e+02 1.854282e+02
      vertex 1.472971e+03 -1.264142e+02 1.748867e+02
    endloop
  endfacet
  facet normal -5.497451e-01 -0.000000e+00 -8.353325e-01
    outer loop
      vertex 1.472971e+03 -1.264142e+02 1.748867e+02
      vertex 1.456954e+03 -1.213386e+02 1.854282e+02
      vertex 1.472971e+03 -1.213386e+02 1.748867e+02
    endloop
  endfacet
  facet normal -5.497546e-01 0.000000e+00 -8.353263e-01
    outer loop
      vertex 1.497082e+03 -5.262347e+01 1.590188e+02
      vertex 1.497082e+03 -5.691821e+01 1.590188e+02
      vertex 1.494430e+03 -5.262347e+01 1.607640e+02
    endloop
  endfacet
  facet normal -5.497546e-01 6.926856e-09 -8.353263e-01
    outer loop
      vertex 1.494430e+03 -5.262347e+01 1.607640e+02
      vertex 1.497082e+03 -5.691821e+01 1.590188e+02
      vertex 1.493735e+03 -5.691821e+01 1.612217e+02
    endloop
  endfacet
  facet normal -5.497175e-01 -8.580259e-06 -8.353506e-01
    outer loop
      vertex 1.494430e+03 -5.262347e+01 1.607640e+02
      vertex 1.493735e+03 -5.691821e+01 1.612217e+02
      vertex 1.493142e+03 -5.847995e+01 1.616122e+02
    endloop
  endfacet
  facet normal -5.497472e-01 -1.924142e-07 -8.353311e-01
    outer loop
      vertex 1.462886e+03 -1.186057e+02 1.815239e+02
      vertex 1.493142e+03 -5.847995e+01 1.616122e+02
      vertex 1.493735e+03 -1.186057e+02 1.612217e+02
    endloop
  endfacet
  facet normal -5.497515e-01 -2.582556e-07 -8.353283e-01
    outer loop
      vertex 1.493735e+03 -1.186057e+02 1.612217e+02
      vertex 1.493142e+03 -5.847995e+01 1.616122e+02
      vertex 1.497082e+03 -6.204578e+01 1.590188e+02
    endloop
  endfacet
  facet normal -5.497546e-01 0.000000e+00 -8.353263e-01
    outer loop
      vertex 1.493735e+03 -1.186057e+02 1.612217e+02
      vertex 1.497082e+03 -6.204578e+01 1.590188e+02
      vertex 1.497082e+03 -1.189962e+02 1.590188e+02
    endloop
  endfacet
  facet normal -5.497546e-01 0.000000e+00 -8.353263e-01
    outer loop
      vertex 1.497082e+03 -1.189962e+02 1.590188e+02
      vertex 1.493735e+03 -1.189962e+02 1.612217e+02
      vertex 1.493735e+03 -1.186057e+02 1.612217e+02
    endloop
  endfacet
  facet normal -5.497562e-01 -0.000000e+00 -8.353252e-01
    outer loop
      vertex 1.462886e+03 -1.197770e+02 1.815239e+02
      vertex 1.462293e+03 -1.197770e+02 1.819143e+02
      vertex 1.462886e+03 -1.186057e+02 1.815239e+02
    endloop
  endfacet
  facet normal -5.497425e-01 -9.972183e-06 -8.353342e-01
    outer loop
      vertex 1.462886e+03 -1.186057e+02 1.815239e+02
      vertex 1.462293e+03 -1.197770e+02 1.819143e+02
      vertex 1.461106e+03 -1.201674e+02 1.826952e+02
    endloop
  endfacet
  facet normal -5.497482e-01 -4.298182e-07 -8.353304e-01
    outer loop
      vertex 1.462886e+03 -1.186057e+02 1.815239e+02
      vertex 1.461106e+03 -1.201674e+02 1.826952e+02
      vertex 1.460513e+03 -1.201674e+02 1.830857e+02
    endloop
  endfacet
  facet normal -5.497448e-01 0.000000e+00 -8.353327e-01
    outer loop
      vertex 1.462293e+03 -1.197770e+02 1.819143e+02
      vertex 1.462293e+03 -1.205579e+02 1.819143e+02
      vertex 1.461106e+03 -1.201674e+02 1.826952e+02
    endloop
  endfacet
  facet normal -5.497448e-01 0.000000e+00 -8.353327e-01
    outer loop
      vertex 1.461106e+03 -1.201674e+02 1.826952e+02
      vertex 1.462293e+03 -1.205579e+02 1.819143e+02
      vertex 1.461106e+03 -1.205579e+02 1.826952e+02
    endloop
  endfacet
  facet normal -5.497562e-01 -0.000000e+00 -8.353252e-01
    outer loop
      vertex 1.460513e+03 -1.205579e+02 1.830857e+02
      vertex 1.459920e+03 -1.209483e+02 1.834761e+02
      vertex 1.460513e+03 -1.201674e+02 1.830857e+02
    endloop
  endfacet
  facet normal -5.497313e-01 -2.716993e-05 -8.353416e-01
    outer loop
      vertex 1.460513e+03 -1.201674e+02 1.830857e+02
      vertex 1.459920e+03 -1.209483e+02 1.834761e+02
      vertex 1.456954e+03 -1.209483e+02 1.854282e+02
    endloop
  endfacet
  facet normal -5.497289e-01 -4.277898e-05 -8.353431e-01
    outer loop
      vertex 1.460513e+03 -1.201674e+02 1.830857e+02
      vertex 1.456954e+03 -1.209483e+02 1.854282e+02
      vertex 1.462886e+03 -1.186057e+02 1.815239e+02
    endloop
  endfacet
  facet normal -5.496623e-01 0.000000e+00 -8.353869e-01
    outer loop
      vertex 1.404155e+03 -1.353940e+02 2.201763e+02
      vertex 1.403561e+03 -1.361749e+02 2.205667e+02
      vertex 1.403561e+03 -1.264142e+02 2.205667e+02
    endloop
  endfacet
  facet normal -5.497569e-01 0.000000e+00 -8.353246e-01
    outer loop
      vertex 1.403561e+03 -1.264142e+02 2.205667e+02
      vertex 1.403561e+03 -1.361749e+02 2.205667e+02
      vertex 1.402068e+03 -1.362240e+02 2.215492e+02
    endloop
  endfacet
  facet normal -5.497570e-01 -0.000000e+00 -8.353246e-01
    outer loop
      vertex 1.403561e+03 -1.264142e+02 2.205667e+02
      vertex 1.402068e+03 -1.362240e+02 2.215492e+02
      vertex 1.403561e+03 1.304869e+02 2.205667e+02
    endloop
  endfacet
  facet normal -5.497570e-01 0.000000e+00 -8.353246e-01
    outer loop
      vertex 1.403561e+03 1.304869e+02 2.205667e+02
      vertex 1.402068e+03 -1.362240e+02 2.215492e+02
      vertex 1.402068e+03 1.402967e+02 2.215492e+02
    endloop
  endfacet
  facet normal -5.497569e-01 -0.000000e+00 -8.353246e-01
    outer loop
      vertex 1.403561e+03 1.304869e+02 2.205667e+02
      vertex 1.402068e+03 1.402967e+02 2.215492e+02
      vertex 1.403561e+03 1.402476e+02 2.205667e+02
    endloop
  endfacet
  facet normal -5.496623e-01 0.000000e+00 -8.353870e-01
    outer loop
      vertex 1.404155e+03 -1.353940e+02 2.201763e+02
      vertex 1.404155e+03 -1.357845e+02 2.201763e+02
      vertex 1.403561e+03 -1.361749e+02 2.205667e+02
    endloop
  endfacet
  facet normal -5.496623e-01 0.000000e+00 -8.353870e-01
    outer loop
      vertex 1.404155e+03 1.398572e+02 2.201763e+02
      vertex 1.404155e+03 1.394667e+02 2.201763e+02
      vertex 1.403561e+03 1.402476e+02 2.205667e+02
    endloop
  endfacet
  facet normal -5.496623e-01 0.000000e+00 -8.353869e-01
    outer loop
      vertex 1.403561e+03 1.402476e+02 2.205667e+02
      vertex 1.404155e+03 1.394667e+02 2.201763e+02
      vertex 1.403561e+03 1.304869e+02 2.205667e+02
    endloop
  endfacet
  facet normal -5.497468e-01 7.959686e-06 -8.353313e-01
    outer loop
      vertex 1.472971e+03 1.304869e+02 1.748867e+02
      vertex 1.456954e+03 1.254113e+02 1.854282e+02
      vertex 1.403561e+03 1.304869e+02 2.205667e+02
    endloop
  endfacet
  facet normal -5.497472e-01 0.000000e+00 -8.353310e-01
    outer loop
      vertex 1.403561e+03 1.304869e+02 2.205667e+02
      vertex 1.456954e+03 1.254113e+02 1.854282e+02
      vertex 1.456954e+03 1.250209e+02 1.854282e+02
    endloop
  endfacet
  facet normal -5.497473e-01 0.000000e+00 -8.353310e-01
    outer loop
      vertex 1.403561e+03 1.304869e+02 2.205667e+02
      vertex 1.456954e+03 1.250209e+02 1.854282e+02
      vertex 1.403561e+03 -1.264142e+02 2.205667e+02
    endloop
  endfacet
  facet normal -5.497450e-01 0.000000e+00 -8.353325e-01
    outer loop
      vertex 1.472971e+03 1.304869e+02 1.748867e+02
      vertex 1.472971e+03 1.254113e+02 1.748867e+02
      vertex 1.456954e+03 1.254113e+02 1.854282e+02
    endloop
  endfacet
  facet normal -5.497289e-01 4.278024e-05 -8.353432e-01
    outer loop
      vertex 1.462886e+03 1.226783e+02 1.815239e+02
      vertex 1.456954e+03 1.250209e+02 1.854282e+02
      vertex 1.460513e+03 1.242401e+02 1.830857e+02
    endloop
  endfacet
  facet normal -5.497313e-01 2.716993e-05 -8.353416e-01
    outer loop
      vertex 1.460513e+03 1.242401e+02 1.830857e+02
      vertex 1.456954e+03 1.250209e+02 1.854282e+02
      vertex 1.459920e+03 1.250209e+02 1.834761e+02
    endloop
  endfacet
  facet normal -5.497562e-01 -0.000000e+00 -8.353252e-01
    outer loop
      vertex 1.460513e+03 1.242401e+02 1.830857e+02
      vertex 1.459920e+03 1.250209e+02 1.834761e+02
      vertex 1.460513e+03 1.246306e+02 1.830857e+02
    endloop
  endfacet
  facet normal -5.497482e-01 4.835549e-07 -8.353304e-01
    outer loop
      vertex 1.460513e+03 1.242401e+02 1.830857e+02
      vertex 1.461106e+03 1.242401e+02 1.826952e+02
      vertex 1.462886e+03 1.226783e+02 1.815239e+02
    endloop
  endfacet
  facet normal -5.497425e-01 9.972027e-06 -8.353342e-01
    outer loop
      vertex 1.462886e+03 1.226783e+02 1.815239e+02
      vertex 1.461106e+03 1.242401e+02 1.826952e+02
      vertex 1.462293e+03 1.238497e+02 1.819143e+02
    endloop
  endfacet
  facet normal -5.497562e-01 -0.000000e+00 -8.353252e-01
    outer loop
      vertex 1.462886e+03 1.226783e+02 1.815239e+02
      vertex 1.462293e+03 1.238497e+02 1.819143e+02
      vertex 1.462886e+03 1.238497e+02 1.815239e+02
    endloop
  endfacet
  facet normal -5.497448e-01 0.000000e+00 -8.353327e-01
    outer loop
      vertex 1.461106e+03 1.246306e+02 1.826952e+02
      vertex 1.462293e+03 1.246306e+02 1.819143e+02
      vertex 1.461106e+03 1.242401e+02 1.826952e+02
    endloop
  endfacet
  facet normal -5.497447e-01 0.000000e+00 -8.353327e-01
    outer loop
      vertex 1.461106e+03 1.242401e+02 1.826952e+02
      vertex 1.462293e+03 1.246306e+02 1.819143e+02
      vertex 1.462293e+03 1.238497e+02 1.819143e+02
    endloop
  endfacet
  facet normal -5.497472e-01 1.924141e-07 -8.353311e-01
    outer loop
      vertex 1.462886e+03 1.226783e+02 1.815239e+02
      vertex 1.493735e+03 1.226783e+02 1.612217e+02
      vertex 1.493142e+03 6.255261e+01 1.616122e+02
    endloop
  endfacet
  facet normal -5.497515e-01 2.578314e-07 -8.353283e-01
    outer loop
      vertex 1.493142e+03 6.255261e+01 1.616122e+02
      vertex 1.493735e+03 1.226783e+02 1.612217e+02
      vertex 1.497082e+03 6.611844e+01 1.590188e+02
    endloop
  endfacet
  facet normal -5.497546e-01 -0.000000e+00 -8.353263e-01
    outer loop
      vertex 1.497082e+03 6.611844e+01 1.590188e+02
      vertex 1.493735e+03 1.226783e+02 1.612217e+02
      vertex 1.497082e+03 1.230688e+02 1.590188e+02
    endloop
  endfacet
  facet normal -5.497546e-01 0.000000e+00 -8.353263e-01
    outer loop
      vertex 1.497082e+03 1.230688e+02 1.590188e+02
      vertex 1.493735e+03 1.226783e+02 1.612217e+02
      vertex 1.493735e+03 1.230688e+02 1.612217e+02
    endloop
  endfacet
  facet normal -5.497175e-01 8.614415e-06 -8.353506e-01
    outer loop
      vertex 1.493142e+03 6.255261e+01 1.616122e+02
      vertex 1.493735e+03 6.099088e+01 1.612217e+02
      vertex 1.494430e+03 5.669617e+01 1.607640e+02
    endloop
  endfacet
  facet normal -5.497545e-01 -6.926905e-09 -8.353263e-01
    outer loop
      vertex 1.494430e+03 5.669617e+01 1.607640e+02
      vertex 1.493735e+03 6.099088e+01 1.612217e+02
      vertex 1.497082e+03 6.099088e+01 1.590188e+02
    endloop
  endfacet
  facet normal -5.497546e-01 0.000000e+00 -8.353263e-01
    outer loop
      vertex 1.494430e+03 5.669617e+01 1.607640e+02
      vertex 1.497082e+03 6.099088e+01 1.590188e+02
      vertex 1.497082e+03 5.669617e+01 1.590188e+02
    endloop
  endfacet
  facet normal -1.267710e-07 0.000000e+00 -1.000000e+00
    outer loop
      vertex 1.497082e+03 -6.204578e+01 1.590188e+02
      vertex 1.617447e+03 -6.204578e+01 1.590187e+02
      vertex 1.497082e+03 -1.189962e+02 1.590188e+02
    endloop
  endfacet
  facet normal -1.267710e-07 0.000000e+00 -1.000000e+00
    outer loop
      vertex 1.497082e+03 -1.189962e+02 1.590188e+02
      vertex 1.617447e+03 -6.204578e+01 1.590187e+02
      vertex 1.617447e+03 -1.189962e+02 1.590187e+02
    endloop
  endfacet
  facet normal -6.955892e-01 -0.000000e+00 -7.184397e-01
    outer loop
      vertex 1.777939e+03 -7.917252e+01 1.458598e+02
      vertex 1.777939e+03 -6.589798e+01 1.458598e+02
      vertex 1.784475e+03 -7.917252e+01 1.395320e+02
    endloop
  endfacet
  facet normal -6.745343e-01 1.968134e-02 -7.379811e-01
    outer loop
      vertex 1.784475e+03 -7.917252e+01 1.395320e+02
      vertex 1.777939e+03 -6.589798e+01 1.458598e+02
      vertex 1.787056e+03 -6.589798e+01 1.375270e+02
    endloop
  endfacet
  facet normal -5.721250e-01 -1.262863e-02 -8.200692e-01
    outer loop
      vertex 1.784475e+03 -7.917252e+01 1.395320e+02
      vertex 1.787056e+03 -6.589798e+01 1.375270e+02
      vertex 1.791935e+03 -7.917252e+01 1.343270e+02
    endloop
  endfacet
  facet normal -4.992771e-01 2.524058e-02 -8.660746e-01
    outer loop
      vertex 1.791935e+03 -7.917252e+01 1.343270e+02
      vertex 1.787056e+03 -6.589798e+01 1.375270e+02
      vertex 1.797756e+03 -6.589798e+01 1.313584e+02
    endloop
  endfacet
  facet normal -4.340707e-01 -1.111872e-02 -9.008102e-01
    outer loop
      vertex 1.791935e+03 -7.917252e+01 1.343270e+02
      vertex 1.797756e+03 -6.589798e+01 1.313584e+02
      vertex 1.800131e+03 -7.917252e+01 1.303780e+02
    endloop
  endfacet
  facet normal -3.562764e-01 5.276783e-03 -9.343657e-01
    outer loop
      vertex 1.800131e+03 -7.917252e+01 1.303780e+02
      vertex 1.797756e+03 -6.589798e+01 1.313584e+02
      vertex 1.802277e+03 -7.253519e+01 1.295971e+02
    endloop
  endfacet
  facet normal -3.529341e-01 4.046146e-03 -9.356394e-01
    outer loop
      vertex 1.800131e+03 -7.917252e+01 1.303780e+02
      vertex 1.802277e+03 -7.253519e+01 1.295971e+02
      vertex 1.801170e+03 -7.878201e+01 1.299875e+02
    endloop
  endfacet
  facet normal -2.990665e-01 1.026436e-01 -9.486957e-01
    outer loop
      vertex 1.809536e+03 -6.589798e+01 1.276450e+02
      vertex 1.804748e+03 -6.902133e+01 1.288162e+02
      vertex 1.797756e+03 -6.589798e+01 1.313584e+02
    endloop
  endfacet
  facet normal -3.249747e-01 4.148083e-02 -9.448126e-01
    outer loop
      vertex 1.797756e+03 -6.589798e+01 1.313584e+02
      vertex 1.804748e+03 -6.902133e+01 1.288162e+02
      vertex 1.803464e+03 -7.019272e+01 1.292066e+02
    endloop
  endfacet
  facet normal -3.417835e-01 1.654655e-02 -9.396330e-01
    outer loop
      vertex 1.797756e+03 -6.589798e+01 1.313584e+02
      vertex 1.803464e+03 -7.019272e+01 1.292066e+02
      vertex 1.802277e+03 -7.253519e+01 1.295971e+02
    endloop
  endfacet
  facet normal -1.798971e-01 -2.156596e-02 -9.834490e-01
    outer loop
      vertex 1.811717e+03 -6.628833e+01 1.272545e+02
      vertex 1.807729e+03 -6.863095e+01 1.280353e+02
      vertex 1.809536e+03 -6.589798e+01 1.276450e+02
    endloop
  endfacet
  facet normal -2.498399e-01 2.688268e-02 -9.679139e-01
    outer loop
      vertex 1.809536e+03 -6.589798e+01 1.276450e+02
      vertex 1.807729e+03 -6.863095e+01 1.280353e+02
      vertex 1.805686e+03 -6.902133e+01 1.285519e+02
    endloop
  endfacet
  facet normal -2.668330e-01 4.940610e-02 -9.624755e-01
    outer loop
      vertex 1.809536e+03 -6.589798e+01 1.276450e+02
      vertex 1.805686e+03 -6.902133e+01 1.285519e+02
      vertex 1.805217e+03 -6.902133e+01 1.286821e+02
    endloop
  endfacet
  facet normal -1.310831e-01 0.000000e+00 -9.913714e-01
    outer loop
      vertex 1.814670e+03 -6.706921e+01 1.268641e+02
      vertex 1.814670e+03 -6.785010e+01 1.268641e+02
      vertex 1.811717e+03 -6.628833e+01 1.272545e+02
    endloop
  endfacet
  facet normal -1.599966e-01 -5.613037e-02 -9.855204e-01
    outer loop
      vertex 1.811717e+03 -6.628833e+01 1.272545e+02
      vertex 1.814670e+03 -6.785010e+01 1.268641e+02
      vertex 1.807729e+03 -6.863095e+01 1.280353e+02
    endloop
  endfacet
  facet normal -2.581579e-01 7.686790e-02 -9.630399e-01
    outer loop
      vertex 1.807729e+03 -6.863095e+01 1.280353e+02
      vertex 1.806156e+03 -6.902133e+01 1.284258e+02
      vertex 1.805686e+03 -6.902133e+01 1.285519e+02
    endloop
  endfacet
  facet normal -2.748941e-01 6.154048e-02 -9.595030e-01
    outer loop
      vertex 1.805217e+03 -6.902133e+01 1.286821e+02
      vertex 1.804748e+03 -6.902133e+01 1.288162e+02
      vertex 1.809536e+03 -6.589798e+01 1.276450e+02
    endloop
  endfacet
  facet normal 0.000000e+00 0.000000e+00 -1.000000e+00
    outer loop
      vertex 1.777939e+03 -7.917252e+01 1.458598e+02
      vertex 1.743761e+03 -7.917252e+01 1.458598e+02
      vertex 1.777939e+03 -6.589798e+01 1.458598e+02
    endloop
  endfacet
  facet normal 0.000000e+00 0.000000e+00 -1.000000e+00
    outer loop
      vertex 1.777939e+03 -6.589798e+01 1.458598e+02
      vertex 1.743761e+03 -7.917252e+01 1.458598e+02
      vertex 1.743761e+03 -6.589798e+01 1.458598e+02
    endloop
  endfacet
  facet normal 1.000000e+00 0.000000e+00 0.000000e+00
    outer loop
      vertex 1.743761e+03 -7.917252e+01 1.434223e+02
      vertex 1.743761e+03 -6.589798e+01 1.434223e+02
      vertex 1.743761e+03 -7.917252e+01 1.458598e+02
    endloop
  endfacet
  facet normal 1.000000e+00 0.000000e+00 0.000000e+00
    outer loop
      vertex 1.743761e+03 -7.917252e+01 1.458598e+02
      vertex 1.743761e+03 -6.589798e+01 1.434223e+02
      vertex 1.743761e+03 -6.589798e+01 1.458598e+02
    endloop
  endfacet
  facet normal -1.000000e+00 -0.000000e+00 -0.000000e+00
    outer loop
      vertex 1.702780e+03 6.873584e+01 1.484224e+02
      vertex 1.702780e+03 6.762811e+01 1.498993e+02
      vertex 1.702780e+03 8.324527e+01 1.484224e+02
    endloop
  endfacet
  facet normal -1.000000e+00 0.000000e+00 0.000000e+00
    outer loop
      vertex 1.702780e+03 8.324527e+01 1.484224e+02
      vertex 1.702780e+03 6.762811e+01 1.498993e+02
      vertex 1.702780e+03 6.684723e+01 1.522419e+02
    endloop
  endfacet
  facet normal -1.000000e+00 0.000000e+00 0.000000e+00
    outer loop
      vertex 1.702780e+03 8.324527e+01 1.484224e+02
      vertex 1.702780e+03 6.684723e+01 1.522419e+02
      vertex 1.702780e+03 8.324527e+01 1.557557e+02
    endloop
  endfacet
  facet normal -1.000000e+00 0.000000e+00 0.000000e+00
    outer loop
      vertex 1.702780e+03 8.324527e+01 1.557557e+02
      vertex 1.702780e+03 6.684723e+01 1.522419e+02
      vertex 1.702780e+03 6.684723e+01 1.584887e+02
    endloop
  endfacet
  facet normal -1.000000e+00 0.000000e+00 -0.000000e+00
    outer loop
      vertex 1.702780e+03 8.324527e+01 1.557557e+02
      vertex 1.702780e+03 6.684723e+01 1.584887e+02
      vertex 1.702780e+03 1.230688e+02 1.573175e+02
    endloop
  endfacet
  facet normal -1.000000e+00 0.000000e+00 0.000000e+00
    outer loop
      vertex 1.702780e+03 1.230688e+02 1.573175e+02
      vertex 1.702780e+03 6.684723e+01 1.584887e+02
      vertex 1.702780e+03 1.226783e+02 1.612217e+02
    endloop
  endfacet
  facet normal -1.000000e+00 0.000000e+00 0.000000e+00
    outer loop
      vertex 1.702780e+03 1.230688e+02 1.573175e+02
      vertex 1.702780e+03 1.226783e+02 1.612217e+02
      vertex 1.702780e+03 1.230688e+02 1.612217e+02
    endloop
  endfacet
  facet normal -1.000000e+00 0.000000e+00 -0.000000e+00
    outer loop
      vertex 1.702780e+03 6.684723e+01 1.584887e+02
      vertex 1.702780e+03 6.255264e+01 1.616122e+02
      vertex 1.702780e+03 1.226783e+02 1.612217e+02
    endloop
  endfacet
  facet normal -1.000000e+00 0.000000e+00 0.000000e+00
    outer loop
      vertex 1.702780e+03 1.226783e+02 1.612217e+02
      vertex 1.702780e+03 6.255264e+01 1.616122e+02
      vertex 1.702780e+03 1.226783e+02 1.646188e+02
    endloop
  endfacet
  facet normal -1.000000e+00 0.000000e+00 0.000000e+00
    outer loop
      vertex 1.702780e+03 1.226783e+02 1.646188e+02
      vertex 1.702780e+03 6.255264e+01 1.616122e+02
      vertex 1.702780e+03 -5.847992e+01 1.616122e+02
    endloop
  endfacet
  facet normal -1.000000e+00 0.000000e+00 0.000000e+00
    outer loop
      vertex 1.702780e+03 1.226783e+02 1.646188e+02
      vertex 1.702780e+03 -5.847992e+01 1.616122e+02
      vertex 1.702780e+03 -1.186056e+02 1.646188e+02
    endloop
  endfacet
  facet normal -1.000000e+00 0.000000e+00 0.000000e+00
    outer loop
      vertex 1.702780e+03 -1.186056e+02 1.646188e+02
      vertex 1.702780e+03 -5.847992e+01 1.616122e+02
      vertex 1.702780e+03 -1.186056e+02 1.612217e+02
    endloop
  endfacet
  facet normal -1.000000e+00 -0.000000e+00 0.000000e+00
    outer loop
      vertex 1.702780e+03 -1.186056e+02 1.612217e+02
      vertex 1.702780e+03 -5.847992e+01 1.616122e+02
      vertex 1.702780e+03 -6.277451e+01 1.584887e+02
    endloop
  endfacet
  facet normal -1.000000e+00 0.000000e+00 0.000000e+00
    outer loop
      vertex 1.702780e+03 -1.186056e+02 1.612217e+02
      vertex 1.702780e+03 -6.277451e+01 1.584887e+02
      vertex 1.702780e+03 -1.189961e+02 1.573175e+02
    endloop
  endfacet
  facet normal -1.000000e+00 -0.000000e+00 0.000000e+00
    outer loop
      vertex 1.702780e+03 -1.189961e+02 1.573175e+02
      vertex 1.702780e+03 -6.277451e+01 1.584887e+02
      vertex 1.702780e+03 -7.917252e+01 1.557557e+02
    endloop
  endfacet
  facet normal -1.000000e+00 0.000000e+00 0.000000e+00
    outer loop
      vertex 1.702780e+03 -1.189961e+02 1.573175e+02
      vertex 1.702780e+03 -7.917252e+01 1.557557e+02
      vertex 1.702780e+03 -8.229587e+01 1.522419e+02
    endloop
  endfacet
  facet normal -1.000000e+00 0.000000e+00 -0.000000e+00
    outer loop
      vertex 1.702780e+03 6.099091e+01 1.612217e+02
      vertex 1.702780e+03 5.669620e+01 1.607640e+02
      vertex 1.702780e+03 6.255264e+01 1.616122e+02
    endloop
  endfacet
  facet normal -1.000000e+00 0.000000e+00 0.000000e+00
    outer loop
      vertex 1.702780e+03 6.255264e+01 1.616122e+02
      vertex 1.702780e+03 5.669620e+01 1.607640e+02
      vertex 1.702780e+03 -5.262344e+01 1.607640e+02
    endloop
  endfacet
  facet normal -1.000000e+00 0.000000e+00 0.000000e+00
    outer loop
      vertex 1.702780e+03 6.255264e+01 1.616122e+02
      vertex 1.702780e+03 -5.262344e+01 1.607640e+02
      vertex 1.702780e+03 -5.847992e+01 1.616122e+02
    endloop
  endfacet
  facet normal -1.000000e+00 0.000000e+00 0.000000e+00
    outer loop
      vertex 1.702780e+03 -5.847992e+01 1.616122e+02
      vertex 1.702780e+03 -5.262344e+01 1.607640e+02
      vertex 1.702780e+03 -5.691818e+01 1.612217e+02
    endloop
  endfacet
  facet normal -1.000000e+00 0.000000e+00 0.000000e+00
    outer loop
      vertex 1.702780e+03 -5.691818e+01 1.612217e+02
      vertex 1.702780e+03 -5.262344e+01 1.607640e+02
      vertex 1.702780e+03 -5.691818e+01 1.584887e+02
    endloop
  endfacet
  facet normal -1.000000e+00 -0.000000e+00 0.000000e+00
    outer loop
      vertex 1.702780e+03 -5.691818e+01 1.584887e+02
      vertex 1.702780e+03 -5.262344e+01 1.607640e+02
      vertex 1.702780e+03 -5.340433e+01 1.577078e+02
    endloop
  endfacet
  facet normal -1.000000e+00 0.000000e+00 0.000000e+00
    outer loop
      vertex 1.702780e+03 -5.691818e+01 1.584887e+02
      vertex 1.702780e+03 -5.340433e+01 1.577078e+02
      vertex 1.702780e+03 -5.652765e+01 1.577078e+02
    endloop
  endfacet
  facet normal -1.000000e+00 0.000000e+00 0.000000e+00
    outer loop
      vertex 1.702780e+03 6.099091e+01 1.612217e+02
      vertex 1.702780e+03 6.099091e+01 1.584887e+02
      vertex 1.702780e+03 5.669620e+01 1.607640e+02
    endloop
  endfacet
  facet normal -1.000000e+00 0.000000e+00 0.000000e+00
    outer loop
      vertex 1.702780e+03 5.669620e+01 1.607640e+02
      vertex 1.702780e+03 6.099091e+01 1.584887e+02
      vertex 1.702780e+03 5.747705e+01 1.577078e+02
    endloop
  endfacet
  facet normal -1.000000e+00 0.000000e+00 0.000000e+00
    outer loop
      vertex 1.702780e+03 5.669620e+01 1.607640e+02
      vertex 1.702780e+03 5.747705e+01 1.577078e+02
      vertex 1.702780e+03 5.669620e+01 1.565366e+02
    endloop
  endfacet
  facet normal -1.000000e+00 -0.000000e+00 0.000000e+00
    outer loop
      vertex 1.702780e+03 5.669620e+01 1.565366e+02
      vertex 1.702780e+03 5.747705e+01 1.577078e+02
      vertex 1.702780e+03 5.747705e+01 1.565366e+02
    endloop
  endfacet
  facet normal -1.000000e+00 0.000000e+00 0.000000e+00
    outer loop
      vertex 1.702780e+03 6.099091e+01 1.584887e+02
      vertex 1.702780e+03 6.060040e+01 1.577078e+02
      vertex 1.702780e+03 5.747705e+01 1.577078e+02
    endloop
  endfacet
  facet normal -1.000000e+00 0.000000e+00 0.000000e+00
    outer loop
      vertex 1.702780e+03 -5.262344e+01 1.607640e+02
      vertex 1.702780e+03 5.669620e+01 1.607640e+02
      vertex 1.702780e+03 -1.867920e+00 1.534131e+02
    endloop
  endfacet
  facet normal -1.000000e+00 -0.000000e+00 0.000000e+00
    outer loop
      vertex 1.702780e+03 -1.867920e+00 1.534131e+02
      vertex 1.702780e+03 5.669620e+01 1.607640e+02
      vertex 1.702780e+03 5.940643e+00 1.534131e+02
    endloop
  endfacet
  facet normal -1.000000e+00 0.000000e+00 0.000000e+00
    outer loop
      vertex 1.702780e+03 -1.867920e+00 1.534131e+02
      vertex 1.702780e+03 5.940643e+00 1.534131e+02
      vertex 1.702780e+03 -1.867920e+00 1.514610e+02
    endloop
  endfacet
  facet normal -1.000000e+00 -0.000000e+00 0.000000e+00
    outer loop
      vertex 1.702780e+03 -1.867920e+00 1.514610e+02
      vertex 1.702780e+03 5.940643e+00 1.534131e+02
      vertex 1.702780e+03 5.940643e+00 1.514610e+02
    endloop
  endfacet
  facet normal -1.000000e+00 0.000000e+00 0.000000e+00
    outer loop
      vertex 1.702780e+03 -1.867920e+00 1.514610e+02
      vertex 1.702780e+03 5.940643e+00 1.514610e+02
      vertex 1.702780e+03 -1.477417e+00 1.510706e+02
    endloop
  endfacet
  facet normal -1.000000e+00 -0.000000e+00 0.000000e+00
    outer loop
      vertex 1.702780e+03 -1.477417e+00 1.510706e+02
      vertex 1.702780e+03 5.940643e+00 1.514610e+02
      vertex 1.702780e+03 5.550140e+00 1.510706e+02
    endloop
  endfacet
  facet normal -1.000000e+00 0.000000e+00 0.000000e+00
    outer loop
      vertex 1.702780e+03 -5.262344e+01 1.607640e+02
      vertex 1.702780e+03 -5.262344e+01 1.565366e+02
      vertex 1.702780e+03 -5.340433e+01 1.577078e+02
    endloop
  endfacet
  facet normal -1.000000e+00 0.000000e+00 0.000000e+00
    outer loop
      vertex 1.702780e+03 -5.340433e+01 1.577078e+02
      vertex 1.702780e+03 -5.262344e+01 1.565366e+02
      vertex 1.702780e+03 -5.340433e+01 1.565366e+02
    endloop
  endfacet
  facet normal -1.000000e+00 0.000000e+00 0.000000e+00
    outer loop
      vertex 1.702780e+03 -6.277451e+01 1.584887e+02
      vertex 1.702780e+03 -6.277451e+01 1.522419e+02
      vertex 1.702780e+03 -7.917252e+01 1.557557e+02
    endloop
  endfacet
  facet normal -1.000000e+00 0.000000e+00 0.000000e+00
    outer loop
      vertex 1.702780e+03 -7.917252e+01 1.557557e+02
      vertex 1.702780e+03 -6.277451e+01 1.522419e+02
      vertex 1.702780e+03 -7.917252e+01 1.484224e+02
    endloop
  endfacet
  facet normal -1.000000e+00 0.000000e+00 0.000000e+00
    outer loop
      vertex 1.702780e+03 -7.917252e+01 1.484224e+02
      vertex 1.702780e+03 -6.277451e+01 1.522419e+02
      vertex 1.702780e+03 -6.355536e+01 1.498993e+02
    endloop
  endfacet
  facet normal -1.000000e+00 -0.000000e+00 0.000000e+00
    outer loop
      vertex 1.702780e+03 -7.917252e+01 1.484224e+02
      vertex 1.702780e+03 -6.355536e+01 1.498993e+02
      vertex 1.702780e+03 -6.466309e+01 1.484224e+02
    endloop
  endfacet
  facet normal -1.000000e+00 0.000000e+00 0.000000e+00
    outer loop
      vertex 1.702780e+03 -1.189961e+02 1.573175e+02
      vertex 1.702780e+03 -8.229587e+01 1.522419e+02
      vertex 1.702780e+03 -1.127493e+02 1.506801e+02
    endloop
  endfacet
  facet normal -1.000000e+00 -0.000000e+00 0.000000e+00
    outer loop
      vertex 1.702780e+03 -1.127493e+02 1.506801e+02
      vertex 1.702780e+03 -8.229587e+01 1.522419e+02
      vertex 1.702780e+03 -8.307672e+01 1.506801e+02
    endloop
  endfacet
  facet normal -1.000000e+00 0.000000e+00 0.000000e+00
    outer loop
      vertex 1.702780e+03 -1.127493e+02 1.506801e+02
      vertex 1.702780e+03 -8.307672e+01 1.506801e+02
      vertex 1.702780e+03 -8.385760e+01 1.487280e+02
    endloop
  endfacet
  facet normal -1.000000e+00 0.000000e+00 -0.000000e+00
    outer loop
      vertex 1.702780e+03 -8.446896e+01 1.484224e+02
      vertex 1.702780e+03 -1.115946e+02 1.484224e+02
      vertex 1.702780e+03 -8.385760e+01 1.487280e+02
    endloop
  endfacet
  facet normal -1.000000e+00 0.000000e+00 0.000000e+00
    outer loop
      vertex 1.702780e+03 -8.385760e+01 1.487280e+02
      vertex 1.702780e+03 -1.115946e+02 1.484224e+02
      vertex 1.702780e+03 -1.123588e+02 1.487280e+02
    endloop
  endfacet
  facet normal -1.000000e+00 0.000000e+00 0.000000e+00
    outer loop
      vertex 1.702780e+03 -8.385760e+01 1.487280e+02
      vertex 1.702780e+03 -1.123588e+02 1.487280e+02
      vertex 1.702780e+03 -1.127493e+02 1.506801e+02
    endloop
  endfacet
  facet normal -1.000000e+00 0.000000e+00 -0.000000e+00
    outer loop
      vertex 1.702780e+03 -1.189961e+02 1.573175e+02
      vertex 1.702780e+03 -1.189961e+02 1.612217e+02
      vertex 1.702780e+03 -1.186056e+02 1.612217e+02
    endloop
  endfacet
  facet normal -1.000000e+00 -0.000000e+00 0.000000e+00
    outer loop
      vertex 1.702780e+03 8.324527e+01 1.557557e+02
      vertex 1.702780e+03 1.230688e+02 1.573175e+02
      vertex 1.702780e+03 8.636859e+01 1.522419e+02
    endloop
  endfacet
  facet normal -1.000000e+00 -0.000000e+00 0.000000e+00
    outer loop
      vertex 1.702780e+03 8.636859e+01 1.522419e+02
      vertex 1.702780e+03 1.230688e+02 1.573175e+02
      vertex 1.702780e+03 1.168220e+02 1.506801e+02
    endloop
  endfacet
  facet normal -1.000000e+00 0.000000e+00 0.000000e+00
    outer loop
      vertex 1.702780e+03 8.636859e+01 1.522419e+02
      vertex 1.702780e+03 1.168220e+02 1.506801e+02
      vertex 1.702780e+03 8.714948e+01 1.506801e+02
    endloop
  endfacet
  facet normal -1.000000e+00 0.000000e+00 0.000000e+00
    outer loop
      vertex 1.702780e+03 8.714948e+01 1.506801e+02
      vertex 1.702780e+03 1.168220e+02 1.506801e+02
      vertex 1.702780e+03 8.793033e+01 1.487280e+02
    endloop
  endfacet
  facet normal -1.000000e+00 -0.000000e+00 0.000000e+00
    outer loop
      vertex 1.702780e+03 8.793033e+01 1.487280e+02
      vertex 1.702780e+03 1.168220e+02 1.506801e+02
      vertex 1.702780e+03 1.164315e+02 1.487280e+02
    endloop
  endfacet
  facet normal -1.000000e+00 0.000000e+00 0.000000e+00
    outer loop
      vertex 1.702780e+03 8.793033e+01 1.487280e+02
      vertex 1.702780e+03 1.164315e+02 1.487280e+02
      vertex 1.702780e+03 1.156674e+02 1.484224e+02
    endloop
  endfacet
  facet normal -1.000000e+00 0.000000e+00 0.000000e+00
    outer loop
      vertex 1.702780e+03 1.156674e+02 1.484224e+02
      vertex 1.702780e+03 8.854169e+01 1.484224e+02
      vertex 1.702780e+03 8.793033e+01 1.487280e+02
    endloop
  endfacet
  facet normal -9.859631e-01 0.000000e+00 -1.669634e-01
    outer loop
      vertex 1.702780e+03 -6.466309e+01 1.484224e+02
      vertex 1.703058e+03 -6.589798e+01 1.467759e+02
      vertex 1.702780e+03 -7.917252e+01 1.484224e+02
    endloop
  endfacet
  facet normal -9.658537e-01 -1.181515e-02 -2.588186e-01
    outer loop
      vertex 1.702780e+03 -7.917252e+01 1.484224e+02
      vertex 1.703058e+03 -6.589798e+01 1.467759e+02
      vertex 1.703449e+03 -7.917252e+01 1.459224e+02
    endloop
  endfacet
  facet normal -8.569587e-01 7.886780e-03 -5.153247e-01
    outer loop
      vertex 1.703449e+03 -7.917252e+01 1.459224e+02
      vertex 1.703058e+03 -6.589798e+01 1.467759e+02
      vertex 1.704112e+03 -6.589798e+01 1.450241e+02
    endloop
  endfacet
  facet normal -7.070627e-01 -1.256601e-02 -7.070392e-01
    outer loop
      vertex 1.703449e+03 -7.917252e+01 1.459224e+02
      vertex 1.704112e+03 -6.589798e+01 1.450241e+02
      vertex 1.705280e+03 -7.917252e+01 1.440922e+02
    endloop
  endfacet
  facet normal -5.790508e-01 6.292191e-03 -8.152672e-01
    outer loop
      vertex 1.705280e+03 -7.917252e+01 1.440922e+02
      vertex 1.704112e+03 -6.589798e+01 1.450241e+02
      vertex 1.705779e+03 -6.589798e+01 1.438402e+02
    endloop
  endfacet
  facet normal -2.588051e-01 -8.605874e-03 -9.658912e-01
    outer loop
      vertex 1.705280e+03 -7.917252e+01 1.440922e+02
      vertex 1.705779e+03 -6.589798e+01 1.438402e+02
      vertex 1.707780e+03 -7.917252e+01 1.434224e+02
    endloop
  endfacet
  facet normal -2.044264e-01 -0.000000e+00 -9.788820e-01
    outer loop
      vertex 1.707780e+03 -7.917252e+01 1.434224e+02
      vertex 1.705779e+03 -6.589798e+01 1.438402e+02
      vertex 1.707780e+03 -6.589798e+01 1.434224e+02
    endloop
  endfacet
  facet normal -4.240738e-07 0.000000e+00 -1.000000e+00
    outer loop
      vertex 1.707780e+03 -6.589798e+01 1.434224e+02
      vertex 1.743761e+03 -6.589798e+01 1.434223e+02
      vertex 1.707780e+03 -7.917252e+01 1.434224e+02
    endloop
  endfacet
  facet normal -4.240738e-07 0.000000e+00 -1.000000e+00
    outer loop
      vertex 1.707780e+03 -7.917252e+01 1.434224e+02
      vertex 1.743761e+03 -6.589798e+01 1.434223e+02
      vertex 1.743761e+03 -7.917252e+01 1.434223e+02
    endloop
  endfacet
  facet normal -9.988605e-01 -0.000000e+00 -4.772515e-02
    outer loop
      vertex 1.702780e+03 -1.115946e+02 1.484224e+02
      vertex 1.702780e+03 -8.446896e+01 1.484224e+02
      vertex 1.702802e+03 -1.104067e+02 1.479472e+02
    endloop
  endfacet
  facet normal -9.988605e-01 -0.000000e+00 -4.772516e-02
    outer loop
      vertex 1.702802e+03 -1.104067e+02 1.479472e+02
      vertex 1.702780e+03 -8.446896e+01 1.484224e+02
      vertex 1.702802e+03 -8.541934e+01 1.479472e+02
    endloop
  endfacet
  facet normal -3.384698e-01 0.000000e+00 9.409773e-01
    outer loop
      vertex 1.708163e+03 1.226783e+02 1.665553e+02
      vertex 1.702780e+03 1.226783e+02 1.646188e+02
      vertex 1.708163e+03 -1.186056e+02 1.665553e+02
    endloop
  endfacet
  facet normal -3.384698e-01 0.000000e+00 9.409773e-01
    outer loop
      vertex 1.708163e+03 -1.186056e+02 1.665553e+02
      vertex 1.702780e+03 1.226783e+02 1.646188e+02
      vertex 1.702780e+03 -1.186056e+02 1.646188e+02
    endloop
  endfacet
  facet normal -1.000000e+00 0.000000e+00 0.000000e+00
    outer loop
      vertex 1.708163e+03 1.226783e+02 1.665553e+02
      vertex 1.708163e+03 -1.186056e+02 1.665553e+02
      vertex 1.708163e+03 1.226783e+02 1.680974e+02
    endloop
  endfacet
  facet normal -1.000000e+00 0.000000e+00 0.000000e+00
    outer loop
      vertex 1.708163e+03 1.226783e+02 1.680974e+02
      vertex 1.708163e+03 -1.186056e+02 1.665553e+02
      vertex 1.708163e+03 -1.186056e+02 1.680974e+02
    endloop
  endfacet
  facet normal -9.659211e-01 0.000000e+00 2.588367e-01
    outer loop
      vertex 1.708163e+03 1.226783e+02 1.680974e+02
      vertex 1.708163e+03 -1.186056e+02 1.680974e+02
      vertex 1.708833e+03 1.226783e+02 1.705974e+02
    endloop
  endfacet
  facet normal -9.659211e-01 0.000000e+00 2.588367e-01
    outer loop
      vertex 1.708833e+03 1.226783e+02 1.705974e+02
      vertex 1.708163e+03 -1.186056e+02 1.680974e+02
      vertex 1.708833e+03 -1.186056e+02 1.705974e+02
    endloop
  endfacet
  facet normal -7.071157e-01 0.000000e+00 7.070979e-01
    outer loop
      vertex 1.708833e+03 1.226783e+02 1.705974e+02
      vertex 1.708833e+03 -1.186056e+02 1.705974e+02
      vertex 1.710663e+03 1.226783e+02 1.724275e+02
    endloop
  endfacet
  facet normal -7.071157e-01 0.000000e+00 7.070979e-01
    outer loop
      vertex 1.710663e+03 1.226783e+02 1.724275e+02
      vertex 1.708833e+03 -1.186056e+02 1.705974e+02
      vertex 1.710663e+03 -1.186056e+02 1.724275e+02
    endloop
  endfacet
  facet normal -2.588202e-01 0.000000e+00 9.659255e-01
    outer loop
      vertex 1.710663e+03 1.226783e+02 1.724275e+02
      vertex 1.710663e+03 -1.186056e+02 1.724275e+02
      vertex 1.713163e+03 1.226783e+02 1.730974e+02
    endloop
  endfacet
  facet normal -2.588202e-01 0.000000e+00 9.659255e-01
    outer loop
      vertex 1.713163e+03 1.226783e+02 1.730974e+02
      vertex 1.710663e+03 -1.186056e+02 1.724275e+02
      vertex 1.713163e+03 -1.186056e+02 1.730974e+02
    endloop
  endfacet
  facet normal 6.224604e-07 0.000000e+00 1.000000e+00
    outer loop
      vertex 1.713163e+03 -1.186056e+02 1.730974e+02
      vertex 1.737677e+03 -1.186056e+02 1.730974e+02
      vertex 1.713163e+03 1.226783e+02 1.730974e+02
    endloop
  endfacet
  facet normal 6.224604e-07 0.000000e+00 1.000000e+00
    outer loop
      vertex 1.713163e+03 1.226783e+02 1.730974e+02
      vertex 1.737677e+03 -1.186056e+02 1.730974e+02
      vertex 1.737677e+03 1.226783e+02 1.730974e+02
    endloop
  endfacet
  facet normal -9.901244e-01 0.000000e+00 -1.401916e-01
    outer loop
      vertex 1.737677e+03 1.226783e+02 1.730974e+02
      vertex 1.736484e+03 -1.186056e+02 1.815239e+02
      vertex 1.736484e+03 1.226783e+02 1.815239e+02
    endloop
  endfacet
  facet normal -9.901403e-01 0.000000e+00 -1.400791e-01
    outer loop
      vertex 1.736484e+03 1.226783e+02 1.815239e+02
      vertex 1.736484e+03 -1.186056e+02 1.815239e+02
      vertex 1.736263e+03 1.242401e+02 1.830857e+02
    endloop
  endfacet
  facet normal -9.901657e-01 -1.834787e-04 -1.398992e-01
    outer loop
      vertex 1.736484e+03 1.226783e+02 1.815239e+02
      vertex 1.736263e+03 1.242401e+02 1.830857e+02
      vertex 1.736318e+03 1.242401e+02 1.826951e+02
    endloop
  endfacet
  facet normal -9.901244e-01 0.000000e+00 -1.401916e-01
    outer loop
      vertex 1.737677e+03 1.226783e+02 1.730974e+02
      vertex 1.737677e+03 -1.186056e+02 1.730974e+02
      vertex 1.736484e+03 -1.186056e+02 1.815239e+02
    endloop
  endfacet
  facet normal -9.901582e-01 -0.000000e+00 -1.399528e-01
    outer loop
      vertex 1.736484e+03 -1.197770e+02 1.815239e+02
      vertex 1.736428e+03 -1.197770e+02 1.819143e+02
      vertex 1.736484e+03 -1.186056e+02 1.815239e+02
    endloop
  endfacet
  facet normal -9.901108e-01 -1.139359e-04 -1.402880e-01
    outer loop
      vertex 1.736484e+03 -1.186056e+02 1.815239e+02
      vertex 1.736428e+03 -1.197770e+02 1.819143e+02
      vertex 1.736318e+03 -1.201674e+02 1.826951e+02
    endloop
  endfacet
  facet normal -9.901657e-01 1.834751e-04 -1.398992e-01
    outer loop
      vertex 1.736484e+03 -1.186056e+02 1.815239e+02
      vertex 1.736318e+03 -1.201674e+02 1.826951e+02
      vertex 1.736263e+03 -1.201674e+02 1.830857e+02
    endloop
  endfacet
  facet normal -9.901187e-01 0.000000e+00 -1.402321e-01
    outer loop
      vertex 1.736428e+03 -1.197770e+02 1.819143e+02
      vertex 1.736428e+03 -1.205579e+02 1.819143e+02
      vertex 1.736318e+03 -1.201674e+02 1.826951e+02
    endloop
  endfacet
  facet normal -9.901187e-01 0.000000e+00 -1.402321e-01
    outer loop
      vertex 1.736318e+03 -1.201674e+02 1.826951e+02
      vertex 1.736428e+03 -1.205579e+02 1.819143e+02
      vertex 1.736318e+03 -1.205579e+02 1.826951e+02
    endloop
  endfacet
  facet normal -9.900722e-01 -0.000000e+00 -1.405598e-01
    outer loop
      vertex 1.736263e+03 -1.205579e+02 1.830857e+02
      vertex 1.736207e+03 -1.209482e+02 1.834760e+02
      vertex 1.736263e+03 -1.201674e+02 1.830857e+02
    endloop
  endfacet
  facet normal -9.901267e-01 1.961492e-04 -1.401752e-01
    outer loop
      vertex 1.736263e+03 -1.201674e+02 1.830857e+02
      vertex 1.736207e+03 -1.209482e+02 1.834760e+02
      vertex 1.735931e+03 -1.209482e+02 1.854281e+02
    endloop
  endfacet
  facet normal -9.901176e-01 0.000000e+00 -1.402393e-01
    outer loop
      vertex 1.736263e+03 -1.201674e+02 1.830857e+02
      vertex 1.735931e+03 -1.209482e+02 1.854281e+02
      vertex 1.735931e+03 1.250209e+02 1.854281e+02
    endloop
  endfacet
  facet normal -9.901264e-01 0.000000e+00 -1.401774e-01
    outer loop
      vertex 1.735931e+03 1.250209e+02 1.854281e+02
      vertex 1.735931e+03 -1.209482e+02 1.854281e+02
      vertex 1.731712e+03 -1.264142e+02 2.152285e+02
    endloop
  endfacet
  facet normal -9.901264e-01 0.000000e+00 -1.401774e-01
    outer loop
      vertex 1.735931e+03 1.250209e+02 1.854281e+02
      vertex 1.731712e+03 -1.264142e+02 2.152285e+02
      vertex 1.731712e+03 1.304869e+02 2.152285e+02
    endloop
  endfacet
  facet normal -9.901264e-01 0.000000e+00 -1.401774e-01
    outer loop
      vertex 1.735931e+03 -1.209482e+02 1.854281e+02
      vertex 1.735931e+03 -1.213386e+02 1.854281e+02
      vertex 1.731712e+03 -1.264142e+02 2.152285e+02
    endloop
  endfacet
  facet normal -9.901263e-01 -3.836826e-06 -1.401780e-01
    outer loop
      vertex 1.731712e+03 -1.264142e+02 2.152285e+02
      vertex 1.735931e+03 -1.213386e+02 1.854281e+02
      vertex 1.737423e+03 -1.264142e+02 1.748867e+02
    endloop
  endfacet
  facet normal -9.901261e-01 -0.000000e+00 -1.401798e-01
    outer loop
      vertex 1.737423e+03 -1.264142e+02 1.748867e+02
      vertex 1.735931e+03 -1.213386e+02 1.854281e+02
      vertex 1.737423e+03 -1.213386e+02 1.748867e+02
    endloop
  endfacet
  facet normal -9.901264e-01 -0.000000e+00 -1.401774e-01
    outer loop
      vertex 1.735931e+03 1.250209e+02 1.854281e+02
      vertex 1.731712e+03 1.304869e+02 2.152285e+02
      vertex 1.735931e+03 1.254113e+02 1.854281e+02
    endloop
  endfacet
  facet normal -9.901263e-01 3.836849e-06 -1.401780e-01
    outer loop
      vertex 1.735931e+03 1.254113e+02 1.854281e+02
      vertex 1.731712e+03 1.304869e+02 2.152285e+02
      vertex 1.737423e+03 1.304869e+02 1.748867e+02
    endloop
  endfacet
  facet normal -9.901261e-01 0.000000e+00 -1.401798e-01
    outer loop
      vertex 1.735931e+03 1.254113e+02 1.854281e+02
      vertex 1.737423e+03 1.304869e+02 1.748867e+02
      vertex 1.737423e+03 1.254113e+02 1.748867e+02
    endloop
  endfacet
  facet normal -9.901267e-01 -1.961443e-04 -1.401752e-01
    outer loop
      vertex 1.736207e+03 1.250209e+02 1.834760e+02
      vertex 1.736263e+03 1.242401e+02 1.830857e+02
      vertex 1.735931e+03 1.250209e+02 1.854281e+02
    endloop
  endfacet
  facet normal -9.901176e-01 1.053385e-06 -1.402397e-01
    outer loop
      vertex 1.735931e+03 1.250209e+02 1.854281e+02
      vertex 1.736263e+03 1.242401e+02 1.830857e+02
      vertex 1.736484e+03 -1.186056e+02 1.815239e+02
    endloop
  endfacet
  facet normal -9.901401e-01 -1.546787e-06 -1.400806e-01
    outer loop
      vertex 1.735931e+03 1.250209e+02 1.854281e+02
      vertex 1.736484e+03 -1.186056e+02 1.815239e+02
      vertex 1.736263e+03 -1.201674e+02 1.830857e+02
    endloop
  endfacet
  facet normal -9.900722e-01 0.000000e+00 -1.405598e-01
    outer loop
      vertex 1.736207e+03 1.250209e+02 1.834760e+02
      vertex 1.736263e+03 1.246306e+02 1.830857e+02
      vertex 1.736263e+03 1.242401e+02 1.830857e+02
    endloop
  endfacet
  facet normal -9.901187e-01 0.000000e+00 -1.402321e-01
    outer loop
      vertex 1.736318e+03 1.246306e+02 1.826951e+02
      vertex 1.736428e+03 1.246306e+02 1.819143e+02
      vertex 1.736318e+03 1.242401e+02 1.826951e+02
    endloop
  endfacet
  facet normal -9.901187e-01 0.000000e+00 -1.402321e-01
    outer loop
      vertex 1.736318e+03 1.242401e+02 1.826951e+02
      vertex 1.736428e+03 1.246306e+02 1.819143e+02
      vertex 1.736428e+03 1.238497e+02 1.819143e+02
    endloop
  endfacet
  facet normal -9.901108e-01 1.139535e-04 -1.402880e-01
    outer loop
      vertex 1.736318e+03 1.242401e+02 1.826951e+02
      vertex 1.736428e+03 1.238497e+02 1.819143e+02
      vertex 1.736484e+03 1.226783e+02 1.815239e+02
    endloop
  endfacet
  facet normal -9.901582e-01 -0.000000e+00 -1.399528e-01
    outer loop
      vertex 1.736484e+03 1.226783e+02 1.815239e+02
      vertex 1.736428e+03 1.238497e+02 1.819143e+02
      vertex 1.736484e+03 1.238497e+02 1.815239e+02
    endloop
  endfacet
  facet normal -3.119487e-01 -0.000000e+00 -9.500989e-01
    outer loop
      vertex 1.731712e+03 -1.264142e+02 2.152285e+02
      vertex 1.715454e+03 -1.264142e+02 2.205667e+02
      vertex 1.731712e+03 1.304869e+02 2.152285e+02
    endloop
  endfacet
  facet normal -3.119487e-01 0.000000e+00 -9.500989e-01
    outer loop
      vertex 1.731712e+03 1.304869e+02 2.152285e+02
      vertex 1.715454e+03 -1.264142e+02 2.205667e+02
      vertex 1.715454e+03 1.304869e+02 2.205667e+02
    endloop
  endfacet
  facet normal -3.119574e-01 0.000000e+00 -9.500961e-01
    outer loop
      vertex 1.715454e+03 1.304869e+02 2.205667e+02
      vertex 1.715454e+03 -1.264142e+02 2.205667e+02
      vertex 1.712461e+03 -1.362240e+02 2.215492e+02
    endloop
  endfacet
  facet normal -3.119574e-01 0.000000e+00 -9.500961e-01
    outer loop
      vertex 1.715454e+03 1.304869e+02 2.205667e+02
      vertex 1.712461e+03 -1.362240e+02 2.215492e+02
      vertex 1.712461e+03 1.402967e+02 2.215492e+02
    endloop
  endfacet
  facet normal -3.119574e-01 0.000000e+00 -9.500961e-01
    outer loop
      vertex 1.712461e+03 -1.362240e+02 2.215492e+02
      vertex 1.715454e+03 -1.264142e+02 2.205667e+02
      vertex 1.715454e+03 -1.361749e+02 2.205667e+02
    endloop
  endfacet
  facet normal -3.119301e-01 -0.000000e+00 -9.501051e-01
    outer loop
      vertex 1.715454e+03 -1.361749e+02 2.205667e+02
      vertex 1.715454e+03 -1.264142e+02 2.205667e+02
      vertex 1.716643e+03 -1.353940e+02 2.201763e+02
    endloop
  endfacet
  facet normal -3.119301e-01 0.000000e+00 -9.501051e-01
    outer loop
      vertex 1.715454e+03 -1.361749e+02 2.205667e+02
      vertex 1.716643e+03 -1.353940e+02 2.201763e+02
      vertex 1.716643e+03 -1.357845e+02 2.201763e+02
    endloop
  endfacet
  facet normal -3.119574e-01 0.000000e+00 -9.500961e-01
    outer loop
      vertex 1.712461e+03 1.402967e+02 2.215492e+02
      vertex 1.715454e+03 1.402476e+02 2.205667e+02
      vertex 1.715454e+03 1.304869e+02 2.205667e+02
    endloop
  endfacet
  facet normal -3.119301e-01 -0.000000e+00 -9.501051e-01
    outer loop
      vertex 1.715454e+03 1.304869e+02 2.205667e+02
      vertex 1.715454e+03 1.402476e+02 2.205667e+02
      vertex 1.716643e+03 1.394667e+02 2.201763e+02
    endloop
  endfacet
  facet normal -3.119300e-01 -0.000000e+00 -9.501051e-01
    outer loop
      vertex 1.716643e+03 1.394667e+02 2.201763e+02
      vertex 1.715454e+03 1.402476e+02 2.205667e+02
      vertex 1.716643e+03 1.398572e+02 2.201763e+02
    endloop
  endfacet
  facet normal 1.000000e+00 0.000000e+00 0.000000e+00
    outer loop
      vertex 1.411750e+03 8.324524e+01 1.557558e+02
      vertex 1.411750e+03 6.684720e+01 1.522419e+02
      vertex 1.411750e+03 8.324524e+01 1.484224e+02
    endloop
  endfacet
  facet normal 1.000000e+00 0.000000e+00 0.000000e+00
    outer loop
      vertex 1.411750e+03 8.324524e+01 1.484224e+02
      vertex 1.411750e+03 6.684720e+01 1.522419e+02
      vertex 1.411750e+03 6.762808e+01 1.498993e+02
    endloop
  endfacet
  facet normal 1.000000e+00 -0.000000e+00 0.000000e+00
    outer loop
      vertex 1.411750e+03 8.324524e+01 1.484224e+02
      vertex 1.411750e+03 6.762808e+01 1.498993e+02
      vertex 1.411750e+03 6.873581e+01 1.484224e+02
    endloop
  endfacet
  facet normal 1.000000e+00 0.000000e+00 0.000000e+00
    outer loop
      vertex 1.411750e+03 8.636856e+01 1.522419e+02
      vertex 1.411750e+03 1.230688e+02 1.573175e+02
      vertex 1.411750e+03 8.324524e+01 1.557558e+02
    endloop
  endfacet
  facet normal 1.000000e+00 0.000000e+00 0.000000e+00
    outer loop
      vertex 1.411750e+03 8.324524e+01 1.557558e+02
      vertex 1.411750e+03 1.230688e+02 1.573175e+02
      vertex 1.411750e+03 6.684720e+01 1.584887e+02
    endloop
  endfacet
  facet normal 1.000000e+00 -0.000000e+00 0.000000e+00
    outer loop
      vertex 1.411750e+03 8.324524e+01 1.557558e+02
      vertex 1.411750e+03 6.684720e+01 1.584887e+02
      vertex 1.411750e+03 6.684720e+01 1.522419e+02
    endloop
  endfacet
  facet normal 1.000000e+00 0.000000e+00 0.000000e+00
    outer loop
      vertex 1.411750e+03 1.230688e+02 1.573175e+02
      vertex 1.411750e+03 8.636856e+01 1.522419e+02
      vertex 1.411750e+03 1.168220e+02 1.506801e+02
    endloop
  endfacet
  facet normal 1.000000e+00 -0.000000e+00 0.000000e+00
    outer loop
      vertex 1.411750e+03 1.168220e+02 1.506801e+02
      vertex 1.411750e+03 8.636856e+01 1.522419e+02
      vertex 1.411750e+03 8.714944e+01 1.506801e+02
    endloop
  endfacet
  facet normal 1.000000e+00 0.000000e+00 0.000000e+00
    outer loop
      vertex 1.411750e+03 1.168220e+02 1.506801e+02
      vertex 1.411750e+03 8.714944e+01 1.506801e+02
      vertex 1.411750e+03 8.793030e+01 1.487280e+02
    endloop
  endfacet
  facet normal 1.000000e+00 0.000000e+00 0.000000e+00
    outer loop
      vertex 1.411750e+03 8.854166e+01 1.484224e+02
      vertex 1.411750e+03 1.156674e+02 1.484224e+02
      vertex 1.411750e+03 8.793030e+01 1.487280e+02
    endloop
  endfacet
  facet normal 1.000000e+00 0.000000e+00 0.000000e+00
    outer loop
      vertex 1.411750e+03 8.793030e+01 1.487280e+02
      vertex 1.411750e+03 1.156674e+02 1.484224e+02
      vertex 1.411750e+03 1.164315e+02 1.487280e+02
    endloop
  endfacet
  facet normal 1.000000e+00 0.000000e+00 0.000000e+00
    outer loop
      vertex 1.411750e+03 8.793030e+01 1.487280e+02
      vertex 1.411750e+03 1.164315e+02 1.487280e+02
      vertex 1.411750e+03 1.168220e+02 1.506801e+02
    endloop
  endfacet
  facet normal 1.000000e+00 0.000000e+00 0.000000e+00
    outer loop
      vertex 1.411750e+03 1.230688e+02 1.612217e+02
      vertex 1.411750e+03 1.226783e+02 1.612217e+02
      vertex 1.411750e+03 1.230688e+02 1.573175e+02
    endloop
  endfacet
  facet normal 1.000000e+00 0.000000e+00 0.000000e+00
    outer loop
      vertex 1.411750e+03 1.230688e+02 1.573175e+02
      vertex 1.411750e+03 1.226783e+02 1.612217e+02
      vertex 1.411750e+03 6.684720e+01 1.584887e+02
    endloop
  endfacet
  facet normal 1.000000e+00 0.000000e+00 0.000000e+00
    outer loop
      vertex 1.411750e+03 6.684720e+01 1.584887e+02
      vertex 1.411750e+03 1.226783e+02 1.612217e+02
      vertex 1.411750e+03 6.255261e+01 1.616122e+02
    endloop
  endfacet
  facet normal 1.000000e+00 0.000000e+00 0.000000e+00
    outer loop
      vertex 1.411750e+03 6.255261e+01 1.616122e+02
      vertex 1.411750e+03 1.226783e+02 1.612217e+02
      vertex 1.411750e+03 1.226783e+02 1.646188e+02
    endloop
  endfacet
  facet normal 1.000000e+00 0.000000e+00 0.000000e+00
    outer loop
      vertex 1.411750e+03 6.255261e+01 1.616122e+02
      vertex 1.411750e+03 1.226783e+02 1.646188e+02
      vertex 1.411750e+03 -1.186057e+02 1.646188e+02
    endloop
  endfacet
  facet normal 1.000000e+00 -0.000000e+00 0.000000e+00
    outer loop
      vertex 1.411750e+03 6.255261e+01 1.616122e+02
      vertex 1.411750e+03 -1.186057e+02 1.646188e+02
      vertex 1.411750e+03 -5.847995e+01 1.616122e+02
    endloop
  endfacet
  facet normal 1.000000e+00 -0.000000e+00 0.000000e+00
    outer loop
      vertex 1.411750e+03 -5.847995e+01 1.616122e+02
      vertex 1.411750e+03 -1.186057e+02 1.646188e+02
      vertex 1.411750e+03 -1.186057e+02 1.612217e+02
    endloop
  endfacet
  facet normal 1.000000e+00 0.000000e+00 0.000000e+00
    outer loop
      vertex 1.411750e+03 -5.847995e+01 1.616122e+02
      vertex 1.411750e+03 -1.186057e+02 1.612217e+02
      vertex 1.411750e+03 -6.277454e+01 1.584887e+02
    endloop
  endfacet
  facet normal 1.000000e+00 -0.000000e+00 0.000000e+00
    outer loop
      vertex 1.411750e+03 -6.277454e+01 1.584887e+02
      vertex 1.411750e+03 -1.186057e+02 1.612217e+02
      vertex 1.411750e+03 -1.189962e+02 1.573175e+02
    endloop
  endfacet
  facet normal 1.000000e+00 0.000000e+00 0.000000e+00
    outer loop
      vertex 1.411750e+03 -6.277454e+01 1.584887e+02
      vertex 1.411750e+03 -1.189962e+02 1.573175e+02
      vertex 1.411750e+03 -7.917255e+01 1.557558e+02
    endloop
  endfacet
  facet normal 1.000000e+00 -0.000000e+00 0.000000e+00
    outer loop
      vertex 1.411750e+03 -7.917255e+01 1.557558e+02
      vertex 1.411750e+03 -1.189962e+02 1.573175e+02
      vertex 1.411750e+03 -8.229590e+01 1.522419e+02
    endloop
  endfacet
  facet normal 1.000000e+00 -0.000000e+00 0.000000e+00
    outer loop
      vertex 1.411750e+03 -8.229590e+01 1.522419e+02
      vertex 1.411750e+03 -1.189962e+02 1.573175e+02
      vertex 1.411750e+03 -1.127493e+02 1.506801e+02
    endloop
  endfacet
  facet normal 1.000000e+00 0.000000e+00 0.000000e+00
    outer loop
      vertex 1.411750e+03 -8.229590e+01 1.522419e+02
      vertex 1.411750e+03 -1.127493e+02 1.506801e+02
      vertex 1.411750e+03 -8.307675e+01 1.506801e+02
    endloop
  endfacet
  facet normal 1.000000e+00 0.000000e+00 0.000000e+00
    outer loop
      vertex 1.411750e+03 -8.307675e+01 1.506801e+02
      vertex 1.411750e+03 -1.127493e+02 1.506801e+02
      vertex 1.411750e+03 -8.385764e+01 1.487280e+02
    endloop
  endfacet
  facet normal 1.000000e+00 -0.000000e+00 0.000000e+00
    outer loop
      vertex 1.411750e+03 -8.385764e+01 1.487280e+02
      vertex 1.411750e+03 -1.127493e+02 1.506801e+02
      vertex 1.411750e+03 -1.123588e+02 1.487280e+02
    endloop
  endfacet
  facet normal 1.000000e+00 0.000000e+00 0.000000e+00
    outer loop
      vertex 1.411750e+03 -8.385764e+01 1.487280e+02
      vertex 1.411750e+03 -1.123588e+02 1.487280e+02
      vertex 1.411750e+03 -1.115947e+02 1.484224e+02
    endloop
  endfacet
  facet normal 1.000000e+00 0.000000e+00 0.000000e+00
    outer loop
      vertex 1.411750e+03 -1.186057e+02 1.612217e+02
      vertex 1.411750e+03 -1.189962e+02 1.612217e+02
      vertex 1.411750e+03 -1.189962e+02 1.573175e+02
    endloop
  endfacet
  facet normal 1.000000e+00 0.000000e+00 0.000000e+00
    outer loop
      vertex 1.411750e+03 -1.115947e+02 1.484224e+02
      vertex 1.411750e+03 -8.446899e+01 1.484224e+02
      vertex 1.411750e+03 -8.385764e+01 1.487280e+02
    endloop
  endfacet
  facet normal 1.000000e+00 0.000000e+00 0.000000e+00
    outer loop
      vertex 1.411750e+03 -6.277454e+01 1.584887e+02
      vertex 1.411750e+03 -7.917255e+01 1.557558e+02
      vertex 1.411750e+03 -6.277454e+01 1.522419e+02
    endloop
  endfacet
  facet normal 1.000000e+00 -0.000000e+00 0.000000e+00
    outer loop
      vertex 1.411750e+03 -6.277454e+01 1.522419e+02
      vertex 1.411750e+03 -7.917255e+01 1.557558e+02
      vertex 1.411750e+03 -7.917255e+01 1.484224e+02
    endloop
  endfacet
  facet normal 1.000000e+00 0.000000e+00 0.000000e+00
    outer loop
      vertex 1.411750e+03 -6.277454e+01 1.522419e+02
      vertex 1.411750e+03 -7.917255e+01 1.484224e+02
      vertex 1.411750e+03 -6.355539e+01 1.498993e+02
    endloop
  endfacet
  facet normal 1.000000e+00 0.000000e+00 0.000000e+00
    outer loop
      vertex 1.411750e+03 -6.355539e+01 1.498993e+02
      vertex 1.411750e+03 -7.917255e+01 1.484224e+02
      vertex 1.411750e+03 -6.466312e+01 1.484224e+02
    endloop
  endfacet
  facet normal 1.000000e+00 0.000000e+00 0.000000e+00
    outer loop
      vertex 1.411750e+03 -5.691821e+01 1.612217e+02
      vertex 1.411750e+03 -5.262347e+01 1.607640e+02
      vertex 1.411750e+03 -5.847995e+01 1.616122e+02
    endloop
  endfacet
  facet normal 1.000000e+00 0.000000e+00 0.000000e+00
    outer loop
      vertex 1.411750e+03 -5.847995e+01 1.616122e+02
      vertex 1.411750e+03 -5.262347e+01 1.607640e+02
      vertex 1.411750e+03 5.669617e+01 1.607640e+02
    endloop
  endfacet
  facet normal 1.000000e+00 0.000000e+00 0.000000e+00
    outer loop
      vertex 1.411750e+03 -5.847995e+01 1.616122e+02
      vertex 1.411750e+03 5.669617e+01 1.607640e+02
      vertex 1.411750e+03 6.255261e+01 1.616122e+02
    endloop
  endfacet
  facet normal 1.000000e+00 0.000000e+00 0.000000e+00
    outer loop
      vertex 1.411750e+03 6.255261e+01 1.616122e+02
      vertex 1.411750e+03 5.669617e+01 1.607640e+02
      vertex 1.411750e+03 6.099088e+01 1.612217e+02
    endloop
  endfacet
  facet normal 1.000000e+00 0.000000e+00 0.000000e+00
    outer loop
      vertex 1.411750e+03 6.099088e+01 1.612217e+02
      vertex 1.411750e+03 5.669617e+01 1.607640e+02
      vertex 1.411750e+03 6.099088e+01 1.584887e+02
    endloop
  endfacet
  facet normal 1.000000e+00 -0.000000e+00 0.000000e+00
    outer loop
      vertex 1.411750e+03 6.099088e+01 1.584887e+02
      vertex 1.411750e+03 5.669617e+01 1.607640e+02
      vertex 1.411750e+03 5.747702e+01 1.577079e+02
    endloop
  endfacet
  facet normal 1.000000e+00 0.000000e+00 0.000000e+00
    outer loop
      vertex 1.411750e+03 6.099088e+01 1.584887e+02
      vertex 1.411750e+03 5.747702e+01 1.577079e+02
      vertex 1.411750e+03 6.060037e+01 1.577079e+02
    endloop
  endfacet
  facet normal 1.000000e+00 0.000000e+00 -0.000000e+00
    outer loop
      vertex 1.411750e+03 -5.691821e+01 1.612217e+02
      vertex 1.411750e+03 -5.691821e+01 1.584887e+02
      vertex 1.411750e+03 -5.262347e+01 1.607640e+02
    endloop
  endfacet
  facet normal 1.000000e+00 0.000000e+00 0.000000e+00
    outer loop
      vertex 1.411750e+03 -5.262347e+01 1.607640e+02
      vertex 1.411750e+03 -5.691821e+01 1.584887e+02
      vertex 1.411750e+03 -5.340436e+01 1.577079e+02
    endloop
  endfacet
  facet normal 1.000000e+00 0.000000e+00 0.000000e+00
    outer loop
      vertex 1.411750e+03 -5.262347e+01 1.607640e+02
      vertex 1.411750e+03 -5.340436e+01 1.577079e+02
      vertex 1.411750e+03 -5.262347e+01 1.565366e+02
    endloop
  endfacet
  facet normal 1.000000e+00 -0.000000e+00 0.000000e+00
    outer loop
      vertex 1.411750e+03 -5.262347e+01 1.565366e+02
      vertex 1.411750e+03 -5.340436e+01 1.577079e+02
      vertex 1.411750e+03 -5.340436e+01 1.565366e+02
    endloop
  endfacet
  facet normal 1.000000e+00 0.000000e+00 0.000000e+00
    outer loop
      vertex 1.411750e+03 -5.691821e+01 1.584887e+02
      vertex 1.411750e+03 -5.652768e+01 1.577079e+02
      vertex 1.411750e+03 -5.340436e+01 1.577079e+02
    endloop
  endfacet
  facet normal 1.000000e+00 0.000000e+00 0.000000e+00
    outer loop
      vertex 1.411750e+03 5.669617e+01 1.607640e+02
      vertex 1.411750e+03 -5.262347e+01 1.607640e+02
      vertex 1.411750e+03 5.940613e+00 1.534131e+02
    endloop
  endfacet
  facet normal 1.000000e+00 -0.000000e+00 0.000000e+00
    outer loop
      vertex 1.411750e+03 5.940613e+00 1.534131e+02
      vertex 1.411750e+03 -5.262347e+01 1.607640e+02
      vertex 1.411750e+03 -1.867950e+00 1.534131e+02
    endloop
  endfacet
  facet normal 1.000000e+00 0.000000e+00 0.000000e+00
    outer loop
      vertex 1.411750e+03 5.940613e+00 1.534131e+02
      vertex 1.411750e+03 -1.867950e+00 1.534131e+02
      vertex 1.411750e+03 5.940613e+00 1.514610e+02
    endloop
  endfacet
  facet normal 1.000000e+00 -0.000000e+00 0.000000e+00
    outer loop
      vertex 1.411750e+03 5.940613e+00 1.514610e+02
      vertex 1.411750e+03 -1.867950e+00 1.534131e+02
      vertex 1.411750e+03 -1.867950e+00 1.514610e+02
    endloop
  endfacet
  facet normal 1.000000e+00 0.000000e+00 0.000000e+00
    outer loop
      vertex 1.411750e+03 5.940613e+00 1.514610e+02
      vertex 1.411750e+03 -1.867950e+00 1.514610e+02
      vertex 1.411750e+03 5.550110e+00 1.510707e+02
    endloop
  endfacet
  facet normal 1.000000e+00 -0.000000e+00 0.000000e+00
    outer loop
      vertex 1.411750e+03 5.550110e+00 1.510707e+02
      vertex 1.411750e+03 -1.867950e+00 1.514610e+02
      vertex 1.411750e+03 -1.477448e+00 1.510707e+02
    endloop
  endfacet
  facet normal 1.000000e+00 0.000000e+00 -0.000000e+00
    outer loop
      vertex 1.411750e+03 5.669617e+01 1.607640e+02
      vertex 1.411750e+03 5.669617e+01 1.565366e+02
      vertex 1.411750e+03 5.747702e+01 1.577079e+02
    endloop
  endfacet
  facet normal 1.000000e+00 0.000000e+00 0.000000e+00
    outer loop
      vertex 1.411750e+03 5.747702e+01 1.577079e+02
      vertex 1.411750e+03 5.669617e+01 1.565366e+02
      vertex 1.411750e+03 5.747702e+01 1.565366e+02
    endloop
  endfacet
  facet normal 9.859631e-01 0.000000e+00 -1.669634e-01
    outer loop
      vertex 1.411750e+03 -6.466312e+01 1.484224e+02
      vertex 1.411750e+03 -7.917255e+01 1.484224e+02
      vertex 1.411471e+03 -6.589801e+01 1.467759e+02
    endloop
  endfacet
  facet normal 9.658537e-01 -1.181515e-02 -2.588186e-01
    outer loop
      vertex 1.411471e+03 -6.589801e+01 1.467759e+02
      vertex 1.411750e+03 -7.917255e+01 1.484224e+02
      vertex 1.411080e+03 -7.917255e+01 1.459224e+02
    endloop
  endfacet
  facet normal 8.569323e-01 7.890376e-03 -5.153686e-01
    outer loop
      vertex 1.411471e+03 -6.589801e+01 1.467759e+02
      vertex 1.411080e+03 -7.917255e+01 1.459224e+02
      vertex 1.410418e+03 -6.589801e+01 1.450241e+02
    endloop
  endfacet
  facet normal 7.070628e-01 -1.255951e-02 -7.070392e-01
    outer loop
      vertex 1.410418e+03 -6.589801e+01 1.450241e+02
      vertex 1.411080e+03 -7.917255e+01 1.459224e+02
      vertex 1.409250e+03 -7.917255e+01 1.440922e+02
    endloop
  endfacet
  facet normal 5.790790e-01 6.293629e-03 -8.152472e-01
    outer loop
      vertex 1.410418e+03 -6.589801e+01 1.450241e+02
      vertex 1.409250e+03 -7.917255e+01 1.440922e+02
      vertex 1.408751e+03 -6.589801e+01 1.438403e+02
    endloop
  endfacet
  facet normal 2.588051e-01 -8.605873e-03 -9.658912e-01
    outer loop
      vertex 1.408751e+03 -6.589801e+01 1.438403e+02
      vertex 1.409250e+03 -7.917255e+01 1.440922e+02
      vertex 1.406750e+03 -7.917255e+01 1.434224e+02
    endloop
  endfacet
  facet normal 2.044264e-01 0.000000e+00 -9.788820e-01
    outer loop
      vertex 1.408751e+03 -6.589801e+01 1.438403e+02
      vertex 1.406750e+03 -7.917255e+01 1.434224e+02
      vertex 1.406750e+03 -6.589801e+01 1.434224e+02
    endloop
  endfacet
  facet normal -4.240724e-07 -0.000000e+00 -1.000000e+00
    outer loop
      vertex 1.406750e+03 -7.917255e+01 1.434224e+02
      vertex 1.370768e+03 -7.917255e+01 1.434224e+02
      vertex 1.406750e+03 -6.589801e+01 1.434224e+02
    endloop
  endfacet
  facet normal -4.240724e-07 0.000000e+00 -1.000000e+00
    outer loop
      vertex 1.406750e+03 -6.589801e+01 1.434224e+02
      vertex 1.370768e+03 -7.917255e+01 1.434224e+02
      vertex 1.370768e+03 -6.589801e+01 1.434224e+02
    endloop
  endfacet
  facet normal -1.000000e+00 0.000000e+00 0.000000e+00
    outer loop
      vertex 1.370768e+03 -7.917255e+01 1.458598e+02
      vertex 1.370768e+03 -6.589801e+01 1.458598e+02
      vertex 1.370768e+03 -7.917255e+01 1.434224e+02
    endloop
  endfacet
  facet normal -1.000000e+00 -0.000000e+00 0.000000e+00
    outer loop
      vertex 1.370768e+03 -7.917255e+01 1.434224e+02
      vertex 1.370768e+03 -6.589801e+01 1.458598e+02
      vertex 1.370768e+03 -6.589801e+01 1.434224e+02
    endloop
  endfacet
  facet normal 0.000000e+00 0.000000e+00 -1.000000e+00
    outer loop
      vertex 1.336591e+03 -6.589801e+01 1.458598e+02
      vertex 1.370768e+03 -6.589801e+01 1.458598e+02
      vertex 1.336591e+03 -7.917255e+01 1.458598e+02
    endloop
  endfacet
  facet normal -0.000000e+00 0.000000e+00 -1.000000e+00
    outer loop
      vertex 1.336591e+03 -7.917255e+01 1.458598e+02
      vertex 1.370768e+03 -6.589801e+01 1.458598e+02
      vertex 1.370768e+03 -7.917255e+01 1.458598e+02
    endloop
  endfacet
  facet normal 3.529365e-01 4.053529e-03 -9.356385e-01
    outer loop
      vertex 1.313359e+03 -7.878204e+01 1.299876e+02
      vertex 1.312253e+03 -7.253522e+01 1.295971e+02
      vertex 1.314399e+03 -7.917255e+01 1.303780e+02
    endloop
  endfacet
  facet normal 3.562707e-01 5.281240e-03 -9.343678e-01
    outer loop
      vertex 1.314399e+03 -7.917255e+01 1.303780e+02
      vertex 1.312253e+03 -7.253522e+01 1.295971e+02
      vertex 1.316774e+03 -6.589801e+01 1.313585e+02
    endloop
  endfacet
  facet normal 4.340760e-01 -1.111586e-02 -9.008077e-01
    outer loop
      vertex 1.314399e+03 -7.917255e+01 1.303780e+02
      vertex 1.316774e+03 -6.589801e+01 1.313585e+02
      vertex 1.322594e+03 -7.917255e+01 1.343271e+02
    endloop
  endfacet
  facet normal 4.992771e-01 2.524058e-02 -8.660746e-01
    outer loop
      vertex 1.322594e+03 -7.917255e+01 1.343271e+02
      vertex 1.316774e+03 -6.589801e+01 1.313585e+02
      vertex 1.327474e+03 -6.589801e+01 1.375270e+02
    endloop
  endfacet
  facet normal 5.721187e-01 -1.262526e-02 -8.200737e-01
    outer loop
      vertex 1.322594e+03 -7.917255e+01 1.343271e+02
      vertex 1.327474e+03 -6.589801e+01 1.375270e+02
      vertex 1.330055e+03 -7.917255e+01 1.395320e+02
    endloop
  endfacet
  facet normal 6.745294e-01 1.968591e-02 -7.379855e-01
    outer loop
      vertex 1.330055e+03 -7.917255e+01 1.395320e+02
      vertex 1.327474e+03 -6.589801e+01 1.375270e+02
      vertex 1.336591e+03 -6.589801e+01 1.458598e+02
    endloop
  endfacet
  facet normal 6.955892e-01 0.000000e+00 -7.184397e-01
    outer loop
      vertex 1.330055e+03 -7.917255e+01 1.395320e+02
      vertex 1.336591e+03 -6.589801e+01 1.458598e+02
      vertex 1.336591e+03 -7.917255e+01 1.458598e+02
    endloop
  endfacet
  facet normal 3.417968e-01 1.653628e-02 -9.396284e-01
    outer loop
      vertex 1.312253e+03 -7.253522e+01 1.295971e+02
      vertex 1.311066e+03 -7.019275e+01 1.292067e+02
      vertex 1.316774e+03 -6.589801e+01 1.313585e+02
    endloop
  endfacet
  facet normal 3.249908e-01 4.146627e-02 -9.448076e-01
    outer loop
      vertex 1.316774e+03 -6.589801e+01 1.313585e+02
      vertex 1.311066e+03 -7.019275e+01 1.292067e+02
      vertex 1.309781e+03 -6.902136e+01 1.288163e+02
    endloop
  endfacet
  facet normal 2.990688e-01 1.026598e-01 -9.486932e-01
    outer loop
      vertex 1.316774e+03 -6.589801e+01 1.313585e+02
      vertex 1.309781e+03 -6.902136e+01 1.288163e+02
      vertex 1.304994e+03 -6.589801e+01 1.276450e+02
    endloop
  endfacet
  facet normal 2.748295e-01 6.144302e-02 -9.595277e-01
    outer loop
      vertex 1.304994e+03 -6.589801e+01 1.276450e+02
      vertex 1.309781e+03 -6.902136e+01 1.288163e+02
      vertex 1.309313e+03 -6.902136e+01 1.286821e+02
    endloop
  endfacet
  facet normal 2.668330e-01 4.940610e-02 -9.624755e-01
    outer loop
      vertex 1.304994e+03 -6.589801e+01 1.276450e+02
      vertex 1.309313e+03 -6.902136e+01 1.286821e+02
      vertex 1.308844e+03 -6.902136e+01 1.285519e+02
    endloop
  endfacet
  facet normal 2.581024e-01 7.652067e-02 -9.630824e-01
    outer loop
      vertex 1.308373e+03 -6.902136e+01 1.284258e+02
      vertex 1.306800e+03 -6.863098e+01 1.280354e+02
      vertex 1.308844e+03 -6.902136e+01 1.285519e+02
    endloop
  endfacet
  facet normal 2.498398e-01 2.688267e-02 -9.679139e-01
    outer loop
      vertex 1.308844e+03 -6.902136e+01 1.285519e+02
      vertex 1.306800e+03 -6.863098e+01 1.280354e+02
      vertex 1.304994e+03 -6.589801e+01 1.276450e+02
    endloop
  endfacet
  facet normal 1.798971e-01 -2.156598e-02 -9.834490e-01
    outer loop
      vertex 1.304994e+03 -6.589801e+01 1.276450e+02
      vertex 1.306800e+03 -6.863098e+01 1.280354e+02
      vertex 1.302813e+03 -6.628836e+01 1.272546e+02
    endloop
  endfacet
  facet normal 1.599966e-01 -5.613037e-02 -9.855204e-01
    outer loop
      vertex 1.302813e+03 -6.628836e+01 1.272546e+02
      vertex 1.306800e+03 -6.863098e+01 1.280354e+02
      vertex 1.299860e+03 -6.785013e+01 1.268642e+02
    endloop
  endfacet
  facet normal 1.310831e-01 0.000000e+00 -9.913714e-01
    outer loop
      vertex 1.302813e+03 -6.628836e+01 1.272546e+02
      vertex 1.299860e+03 -6.785013e+01 1.268642e+02
      vertex 1.299860e+03 -6.706924e+01 1.268642e+02
    endloop
  endfacet
  facet normal 9.988605e-01 0.000000e+00 -4.772515e-02
    outer loop
      vertex 1.411750e+03 -1.115947e+02 1.484224e+02
      vertex 1.411727e+03 -1.104067e+02 1.479472e+02
      vertex 1.411750e+03 -8.446899e+01 1.484224e+02
    endloop
  endfacet
  facet normal 9.988605e-01 0.000000e+00 -4.772515e-02
    outer loop
      vertex 1.411750e+03 -8.446899e+01 1.484224e+02
      vertex 1.411727e+03 -1.104067e+02 1.479472e+02
      vertex 1.411727e+03 -8.541937e+01 1.479472e+02
    endloop
  endfacet
  facet normal 9.901152e-01 0.000000e+00 -1.402563e-01
    outer loop
      vertex 1.378046e+03 1.238497e+02 1.815240e+02
      vertex 1.378101e+03 1.238497e+02 1.819143e+02
      vertex 1.378046e+03 1.226783e+02 1.815240e+02
    endloop
  endfacet
  facet normal 9.901193e-01 -9.870380e-06 -1.402273e-01
    outer loop
      vertex 1.378046e+03 1.226783e+02 1.815240e+02
      vertex 1.378101e+03 1.238497e+02 1.819143e+02
      vertex 1.378212e+03 1.242401e+02 1.826952e+02
    endloop
  endfacet
  facet normal 9.901657e-01 -2.608959e-04 -1.398992e-01
    outer loop
      vertex 1.378046e+03 1.226783e+02 1.815240e+02
      vertex 1.378212e+03 1.242401e+02 1.826952e+02
      vertex 1.378267e+03 1.242401e+02 1.830857e+02
    endloop
  endfacet
  facet normal 9.901187e-01 0.000000e+00 -1.402321e-01
    outer loop
      vertex 1.378101e+03 1.238497e+02 1.819143e+02
      vertex 1.378101e+03 1.246306e+02 1.819143e+02
      vertex 1.378212e+03 1.242401e+02 1.826952e+02
    endloop
  endfacet
  facet normal 9.901187e-01 0.000000e+00 -1.402321e-01
    outer loop
      vertex 1.378212e+03 1.242401e+02 1.826952e+02
      vertex 1.378101e+03 1.246306e+02 1.819143e+02
      vertex 1.378212e+03 1.246306e+02 1.826952e+02
    endloop
  endfacet
  facet normal 9.901152e-01 0.000000e+00 -1.402563e-01
    outer loop
      vertex 1.378267e+03 1.246306e+02 1.830857e+02
      vertex 1.378322e+03 1.250209e+02 1.834761e+02
      vertex 1.378267e+03 1.242401e+02 1.830857e+02
    endloop
  endfacet
  facet normal 9.901266e-01 -4.082520e-05 -1.401763e-01
    outer loop
      vertex 1.378267e+03 1.242401e+02 1.830857e+02
      vertex 1.378322e+03 1.250209e+02 1.834761e+02
      vertex 1.378599e+03 1.250209e+02 1.854282e+02
    endloop
  endfacet
  facet normal 9.901246e-01 2.281049e-07 -1.401897e-01
    outer loop
      vertex 1.378267e+03 1.242401e+02 1.830857e+02
      vertex 1.378599e+03 1.250209e+02 1.854282e+02
      vertex 1.378046e+03 -1.186057e+02 1.815240e+02
    endloop
  endfacet
  facet normal 9.901295e-01 -3.347876e-07 -1.401553e-01
    outer loop
      vertex 1.378046e+03 -1.186057e+02 1.815240e+02
      vertex 1.378599e+03 1.250209e+02 1.854282e+02
      vertex 1.378267e+03 -1.201674e+02 1.830857e+02
    endloop
  endfacet
  facet normal 9.901657e-01 2.608908e-04 -1.398992e-01
    outer loop
      vertex 1.378046e+03 -1.186057e+02 1.815240e+02
      vertex 1.378267e+03 -1.201674e+02 1.830857e+02
      vertex 1.378212e+03 -1.201674e+02 1.826952e+02
    endloop
  endfacet
  facet normal 9.901258e-01 0.000000e+00 -1.401813e-01
    outer loop
      vertex 1.378599e+03 1.254113e+02 1.854282e+02
      vertex 1.382818e+03 1.304869e+02 2.152285e+02
      vertex 1.378599e+03 1.250209e+02 1.854282e+02
    endloop
  endfacet
  facet normal 9.901258e-01 0.000000e+00 -1.401813e-01
    outer loop
      vertex 1.378599e+03 1.250209e+02 1.854282e+02
      vertex 1.382818e+03 1.304869e+02 2.152285e+02
      vertex 1.382818e+03 -1.264142e+02 2.152285e+02
    endloop
  endfacet
  facet normal 9.901258e-01 0.000000e+00 -1.401814e-01
    outer loop
      vertex 1.378599e+03 1.250209e+02 1.854282e+02
      vertex 1.382818e+03 -1.264142e+02 2.152285e+02
      vertex 1.378599e+03 -1.209483e+02 1.854282e+02
    endloop
  endfacet
  facet normal 9.901258e-01 0.000000e+00 -1.401813e-01
    outer loop
      vertex 1.378599e+03 -1.209483e+02 1.854282e+02
      vertex 1.382818e+03 -1.264142e+02 2.152285e+02
      vertex 1.378599e+03 -1.213386e+02 1.854282e+02
    endloop
  endfacet
  facet normal 9.901263e-01 1.968219e-05 -1.401781e-01
    outer loop
      vertex 1.378599e+03 -1.213386e+02 1.854282e+02
      vertex 1.382818e+03 -1.264142e+02 2.152285e+02
      vertex 1.377106e+03 -1.264142e+02 1.748868e+02
    endloop
  endfacet
  facet normal 9.901276e-01 0.000000e+00 -1.401688e-01
    outer loop
      vertex 1.378599e+03 -1.213386e+02 1.854282e+02
      vertex 1.377106e+03 -1.264142e+02 1.748868e+02
      vertex 1.377106e+03 -1.213386e+02 1.748868e+02
    endloop
  endfacet
  facet normal 9.901276e-01 0.000000e+00 -1.401688e-01
    outer loop
      vertex 1.377106e+03 1.254113e+02 1.748868e+02
      vertex 1.377106e+03 1.304869e+02 1.748868e+02
      vertex 1.378599e+03 1.254113e+02 1.854282e+02
    endloop
  endfacet
  facet normal 9.901263e-01 -1.968230e-05 -1.401781e-01
    outer loop
      vertex 1.378599e+03 1.254113e+02 1.854282e+02
      vertex 1.377106e+03 1.304869e+02 1.748868e+02
      vertex 1.382818e+03 1.304869e+02 2.152285e+02
    endloop
  endfacet
  facet normal 9.901247e-01 0.000000e+00 -1.401896e-01
    outer loop
      vertex 1.378599e+03 1.250209e+02 1.854282e+02
      vertex 1.378599e+03 -1.209483e+02 1.854282e+02
      vertex 1.378267e+03 -1.201674e+02 1.830857e+02
    endloop
  endfacet
  facet normal 9.901266e-01 4.082520e-05 -1.401763e-01
    outer loop
      vertex 1.378267e+03 -1.201674e+02 1.830857e+02
      vertex 1.378599e+03 -1.209483e+02 1.854282e+02
      vertex 1.378322e+03 -1.209483e+02 1.834761e+02
    endloop
  endfacet
  facet normal 9.901152e-01 0.000000e+00 -1.402563e-01
    outer loop
      vertex 1.378267e+03 -1.201674e+02 1.830857e+02
      vertex 1.378322e+03 -1.209483e+02 1.834761e+02
      vertex 1.378267e+03 -1.205579e+02 1.830857e+02
    endloop
  endfacet
  facet normal 9.901187e-01 0.000000e+00 -1.402321e-01
    outer loop
      vertex 1.378212e+03 -1.205579e+02 1.826952e+02
      vertex 1.378101e+03 -1.205579e+02 1.819143e+02
      vertex 1.378212e+03 -1.201674e+02 1.826952e+02
    endloop
  endfacet
  facet normal 9.901187e-01 0.000000e+00 -1.402321e-01
    outer loop
      vertex 1.378212e+03 -1.201674e+02 1.826952e+02
      vertex 1.378101e+03 -1.205579e+02 1.819143e+02
      vertex 1.378101e+03 -1.197770e+02 1.819143e+02
    endloop
  endfacet
  facet normal 9.901193e-01 9.851182e-06 -1.402273e-01
    outer loop
      vertex 1.378212e+03 -1.201674e+02 1.826952e+02
      vertex 1.378101e+03 -1.197770e+02 1.819143e+02
      vertex 1.378046e+03 -1.186057e+02 1.815240e+02
    endloop
  endfacet
  facet normal 9.901152e-01 0.000000e+00 -1.402563e-01
    outer loop
      vertex 1.378046e+03 -1.186057e+02 1.815240e+02
      vertex 1.378101e+03 -1.197770e+02 1.819143e+02
      vertex 1.378046e+03 -1.197770e+02 1.815240e+02
    endloop
  endfacet
  facet normal 9.901296e-01 0.000000e+00 -1.401549e-01
    outer loop
      vertex 1.378267e+03 1.242401e+02 1.830857e+02
      vertex 1.378046e+03 -1.186057e+02 1.815240e+02
      vertex 1.378046e+03 1.226783e+02 1.815240e+02
    endloop
  endfacet
  facet normal 9.901264e-01 0.000000e+00 -1.401775e-01
    outer loop
      vertex 1.378046e+03 1.226783e+02 1.815240e+02
      vertex 1.378046e+03 -1.186057e+02 1.815240e+02
      vertex 1.376853e+03 -1.186057e+02 1.730974e+02
    endloop
  endfacet
  facet normal 9.901264e-01 0.000000e+00 -1.401775e-01
    outer loop
      vertex 1.378046e+03 1.226783e+02 1.815240e+02
      vertex 1.376853e+03 -1.186057e+02 1.730974e+02
      vertex 1.376853e+03 1.226783e+02 1.730974e+02
    endloop
  endfacet
  facet normal 6.224635e-07 -0.000000e+00 1.000000e+00
    outer loop
      vertex 1.401366e+03 1.226783e+02 1.730974e+02
      vertex 1.376853e+03 1.226783e+02 1.730974e+02
      vertex 1.401366e+03 -1.186057e+02 1.730974e+02
    endloop
  endfacet
  facet normal 6.224635e-07 0.000000e+00 1.000000e+00
    outer loop
      vertex 1.401366e+03 -1.186057e+02 1.730974e+02
      vertex 1.376853e+03 1.226783e+02 1.730974e+02
      vertex 1.376853e+03 -1.186057e+02 1.730974e+02
    endloop
  endfacet
  facet normal 9.659329e-01 0.000000e+00 2.587927e-01
    outer loop
      vertex 1.406366e+03 -1.186057e+02 1.680974e+02
      vertex 1.406366e+03 1.226783e+02 1.680974e+02
      vertex 1.405697e+03 -1.186057e+02 1.705974e+02
    endloop
  endfacet
  facet normal 9.659329e-01 0.000000e+00 2.587927e-01
    outer loop
      vertex 1.405697e+03 -1.186057e+02 1.705974e+02
      vertex 1.406366e+03 1.226783e+02 1.680974e+02
      vertex 1.405697e+03 1.226783e+02 1.705974e+02
    endloop
  endfacet
  facet normal 7.070920e-01 0.000000e+00 7.071215e-01
    outer loop
      vertex 1.405697e+03 -1.186057e+02 1.705974e+02
      vertex 1.405697e+03 1.226783e+02 1.705974e+02
      vertex 1.403866e+03 -1.186057e+02 1.724275e+02
    endloop
  endfacet
  facet normal 7.070920e-01 0.000000e+00 7.071215e-01
    outer loop
      vertex 1.403866e+03 -1.186057e+02 1.724275e+02
      vertex 1.405697e+03 1.226783e+02 1.705974e+02
      vertex 1.403866e+03 1.226783e+02 1.724275e+02
    endloop
  endfacet
  facet normal 2.588202e-01 0.000000e+00 9.659255e-01
    outer loop
      vertex 1.403866e+03 -1.186057e+02 1.724275e+02
      vertex 1.403866e+03 1.226783e+02 1.724275e+02
      vertex 1.401366e+03 -1.186057e+02 1.730974e+02
    endloop
  endfacet
  facet normal 2.588202e-01 0.000000e+00 9.659255e-01
    outer loop
      vertex 1.401366e+03 -1.186057e+02 1.730974e+02
      vertex 1.403866e+03 1.226783e+02 1.724275e+02
      vertex 1.401366e+03 1.226783e+02 1.730974e+02
    endloop
  endfacet
  facet normal 1.000000e+00 0.000000e+00 0.000000e+00
    outer loop
      vertex 1.406366e+03 1.226783e+02 1.680974e+02
      vertex 1.406366e+03 -1.186057e+02 1.680974e+02
      vertex 1.406366e+03 1.226783e+02 1.665553e+02
    endloop
  endfacet
  facet normal 1.000000e+00 -0.000000e+00 0.000000e+00
    outer loop
      vertex 1.406366e+03 1.226783e+02 1.665553e+02
      vertex 1.406366e+03 -1.186057e+02 1.680974e+02
      vertex 1.406366e+03 -1.186057e+02 1.665553e+02
    endloop
  endfacet
  facet normal 3.384630e-01 0.000000e+00 9.409797e-01
    outer loop
      vertex 1.406366e+03 -1.186057e+02 1.665553e+02
      vertex 1.411750e+03 -1.186057e+02 1.646188e+02
      vertex 1.406366e+03 1.226783e+02 1.665553e+02
    endloop
  endfacet
  facet normal 3.384630e-01 0.000000e+00 9.409797e-01
    outer loop
      vertex 1.406366e+03 1.226783e+02 1.665553e+02
      vertex 1.411750e+03 -1.186057e+02 1.646188e+02
      vertex 1.411750e+03 1.226783e+02 1.646188e+02
    endloop
  endfacet
  facet normal 3.119487e-01 0.000000e+00 -9.500989e-01
    outer loop
      vertex 1.382818e+03 1.304869e+02 2.152285e+02
      vertex 1.399076e+03 1.304869e+02 2.205667e+02
      vertex 1.382818e+03 -1.264142e+02 2.152285e+02
    endloop
  endfacet
  facet normal 3.119487e-01 0.000000e+00 -9.500989e-01
    outer loop
      vertex 1.382818e+03 -1.264142e+02 2.152285e+02
      vertex 1.399076e+03 1.304869e+02 2.205667e+02
      vertex 1.399076e+03 -1.264142e+02 2.205667e+02
    endloop
  endfacet
  facet normal 3.119574e-01 0.000000e+00 -9.500961e-01
    outer loop
      vertex 1.399076e+03 -1.264142e+02 2.205667e+02
      vertex 1.399076e+03 1.304869e+02 2.205667e+02
      vertex 1.402068e+03 -1.362240e+02 2.215492e+02
    endloop
  endfacet
  facet normal 3.119574e-01 0.000000e+00 -9.500961e-01
    outer loop
      vertex 1.399076e+03 -1.264142e+02 2.205667e+02
      vertex 1.402068e+03 -1.362240e+02 2.215492e+02
      vertex 1.399076e+03 -1.361749e+02 2.205667e+02
    endloop
  endfacet
  facet normal 3.119301e-01 0.000000e+00 -9.501051e-01
    outer loop
      vertex 1.397887e+03 1.394667e+02 2.201763e+02
      vertex 1.399076e+03 1.402476e+02 2.205667e+02
      vertex 1.399076e+03 1.304869e+02 2.205667e+02
    endloop
  endfacet
  facet normal 3.119574e-01 0.000000e+00 -9.500961e-01
    outer loop
      vertex 1.399076e+03 1.304869e+02 2.205667e+02
      vertex 1.399076e+03 1.402476e+02 2.205667e+02
      vertex 1.402068e+03 1.402967e+02 2.215492e+02
    endloop
  endfacet
  facet normal 3.119574e-01 0.000000e+00 -9.500961e-01
    outer loop
      vertex 1.399076e+03 1.304869e+02 2.205667e+02
      vertex 1.402068e+03 1.402967e+02 2.215492e+02
      vertex 1.402068e+03 -1.362240e+02 2.215492e+02
    endloop
  endfacet
  facet normal 3.119300e-01 0.000000e+00 -9.501051e-01
    outer loop
      vertex 1.397887e+03 1.394667e+02 2.201763e+02
      vertex 1.397887e+03 1.398572e+02 2.201763e+02
      vertex 1.399076e+03 1.402476e+02 2.205667e+02
    endloop
  endfacet
  facet normal 3.119300e-01 0.000000e+00 -9.501051e-01
    outer loop
      vertex 1.397887e+03 -1.357845e+02 2.201763e+02
      vertex 1.397887e+03 -1.353940e+02 2.201763e+02
      vertex 1.399076e+03 -1.361749e+02 2.205667e+02
    endloop
  endfacet
  facet normal 3.119301e-01 0.000000e+00 -9.501051e-01
    outer loop
      vertex 1.399076e+03 -1.361749e+02 2.205667e+02
      vertex 1.397887e+03 -1.353940e+02 2.201763e+02
      vertex 1.399076e+03 -1.264142e+02 2.205667e+02
    endloop
  endfacet
  facet normal -1.267710e-07 0.000000e+00 -1.000000e+00
    outer loop
      vertex 1.497082e+03 1.230688e+02 1.590188e+02
      vertex 1.617447e+03 1.230688e+02 1.590187e+02
      vertex 1.497082e+03 6.611844e+01 1.590188e+02
    endloop
  endfacet
  facet normal -1.267710e-07 0.000000e+00 -1.000000e+00
    outer loop
      vertex 1.497082e+03 6.611844e+01 1.590188e+02
      vertex 1.617447e+03 1.230688e+02 1.590187e+02
      vertex 1.617447e+03 6.611844e+01 1.590187e+02
    endloop
  endfacet
  facet normal -9.988605e-01 0.000000e+00 -4.772515e-02
    outer loop
      vertex 1.702780e+03 1.156674e+02 1.484224e+02
      vertex 1.702802e+03 1.144794e+02 1.479472e+02
      vertex 1.702780e+03 8.854169e+01 1.484224e+02
    endloop
  endfacet
  facet normal -9.988605e-01 0.000000e+00 -4.772515e-02
    outer loop
      vertex 1.702780e+03 8.854169e+01 1.484224e+02
      vertex 1.702802e+03 1.144794e+02 1.479472e+02
      vertex 1.702802e+03 8.949210e+01 1.479472e+02
    endloop
  endfacet
  facet normal 9.988605e-01 0.000000e+00 -4.772515e-02
    outer loop
      vertex 1.411727e+03 8.949207e+01 1.479472e+02
      vertex 1.411727e+03 1.144794e+02 1.479472e+02
      vertex 1.411750e+03 8.854166e+01 1.484224e+02
    endloop
  endfacet
  facet normal 9.988605e-01 0.000000e+00 -4.772515e-02
    outer loop
      vertex 1.411750e+03 8.854166e+01 1.484224e+02
      vertex 1.411727e+03 1.144794e+02 1.479472e+02
      vertex 1.411750e+03 1.156674e+02 1.484224e+02
    endloop
  endfacet
  facet normal -9.859631e-01 -0.000000e+00 -1.669634e-01
    outer loop
      vertex 1.702780e+03 6.873584e+01 1.484224e+02
      vertex 1.702780e+03 8.324527e+01 1.484224e+02
      vertex 1.703058e+03 6.997070e+01 1.467759e+02
    endloop
  endfacet
  facet normal -9.658537e-01 1.181512e-02 -2.588186e-01
    outer loop
      vertex 1.703058e+03 6.997070e+01 1.467759e+02
      vertex 1.702780e+03 8.324527e+01 1.484224e+02
      vertex 1.703449e+03 8.324527e+01 1.459224e+02
    endloop
  endfacet
  facet normal -8.569587e-01 -7.886762e-03 -5.153247e-01
    outer loop
      vertex 1.703058e+03 6.997070e+01 1.467759e+02
      vertex 1.703449e+03 8.324527e+01 1.459224e+02
      vertex 1.704112e+03 6.997070e+01 1.450241e+02
    endloop
  endfacet
  facet normal -7.070627e-01 1.256598e-02 -7.070392e-01
    outer loop
      vertex 1.704112e+03 6.997070e+01 1.450241e+02
      vertex 1.703449e+03 8.324527e+01 1.459224e+02
      vertex 1.705280e+03 8.324527e+01 1.440922e+02
    endloop
  endfacet
  facet normal -5.790508e-01 -6.292174e-03 -8.152672e-01
    outer loop
      vertex 1.704112e+03 6.997070e+01 1.450241e+02
      vertex 1.705280e+03 8.324527e+01 1.440922e+02
      vertex 1.705779e+03 6.997070e+01 1.438402e+02
    endloop
  endfacet
  facet normal -2.588051e-01 8.605854e-03 -9.658912e-01
    outer loop
      vertex 1.705779e+03 6.997070e+01 1.438402e+02
      vertex 1.705280e+03 8.324527e+01 1.440922e+02
      vertex 1.707780e+03 8.324527e+01 1.434224e+02
    endloop
  endfacet
  facet normal -2.044264e-01 0.000000e+00 -9.788820e-01
    outer loop
      vertex 1.705779e+03 6.997070e+01 1.438402e+02
      vertex 1.707780e+03 8.324527e+01 1.434224e+02
      vertex 1.707780e+03 6.997070e+01 1.434224e+02
    endloop
  endfacet
  facet normal 9.859631e-01 0.000000e+00 -1.669634e-01
    outer loop
      vertex 1.411750e+03 6.873581e+01 1.484224e+02
      vertex 1.411471e+03 6.997067e+01 1.467759e+02
      vertex 1.411750e+03 8.324524e+01 1.484224e+02
    endloop
  endfacet
  facet normal 9.658537e-01 1.181512e-02 -2.588186e-01
    outer loop
      vertex 1.411750e+03 8.324524e+01 1.484224e+02
      vertex 1.411471e+03 6.997067e+01 1.467759e+02
      vertex 1.411080e+03 8.324524e+01 1.459224e+02
    endloop
  endfacet
  facet normal 8.569323e-01 -7.890359e-03 -5.153685e-01
    outer loop
      vertex 1.411080e+03 8.324524e+01 1.459224e+02
      vertex 1.411471e+03 6.997067e+01 1.467759e+02
      vertex 1.410418e+03 6.997067e+01 1.450241e+02
    endloop
  endfacet
  facet normal 7.070628e-01 1.255948e-02 -7.070392e-01
    outer loop
      vertex 1.411080e+03 8.324524e+01 1.459224e+02
      vertex 1.410418e+03 6.997067e+01 1.450241e+02
      vertex 1.409250e+03 8.324524e+01 1.440922e+02
    endloop
  endfacet
  facet normal 5.790790e-01 -6.293616e-03 -8.152472e-01
    outer loop
      vertex 1.409250e+03 8.324524e+01 1.440922e+02
      vertex 1.410418e+03 6.997067e+01 1.450241e+02
      vertex 1.408751e+03 6.997067e+01 1.438403e+02
    endloop
  endfacet
  facet normal 2.588051e-01 8.605855e-03 -9.658912e-01
    outer loop
      vertex 1.409250e+03 8.324524e+01 1.440922e+02
      vertex 1.408751e+03 6.997067e+01 1.438403e+02
      vertex 1.406750e+03 8.324524e+01 1.434224e+02
    endloop
  endfacet
  facet normal 2.044264e-01 0.000000e+00 -9.788820e-01
    outer loop
      vertex 1.406750e+03 8.324524e+01 1.434224e+02
      vertex 1.408751e+03 6.997067e+01 1.438403e+02
      vertex 1.406750e+03 6.997067e+01 1.434224e+02
    endloop
  endfacet
  facet normal -4.240724e-07 -0.000000e+00 -1.000000e+00
    outer loop
      vertex 1.406750e+03 6.997067e+01 1.434224e+02
      vertex 1.370768e+03 6.997067e+01 1.434224e+02
      vertex 1.406750e+03 8.324524e+01 1.434224e+02
    endloop
  endfacet
  facet normal -4.240724e-07 0.000000e+00 -1.000000e+00
    outer loop
      vertex 1.406750e+03 8.324524e+01 1.434224e+02
      vertex 1.370768e+03 6.997067e+01 1.434224e+02
      vertex 1.370768e+03 8.324524e+01 1.434224e+02
    endloop
  endfacet
  facet normal -1.000000e+00 0.000000e+00 0.000000e+00
    outer loop
      vertex 1.370768e+03 6.997067e+01 1.458598e+02
      vertex 1.370768e+03 8.324524e+01 1.458598e+02
      vertex 1.370768e+03 6.997067e+01 1.434224e+02
    endloop
  endfacet
  facet normal -1.000000e+00 -0.000000e+00 0.000000e+00
    outer loop
      vertex 1.370768e+03 6.997067e+01 1.434224e+02
      vertex 1.370768e+03 8.324524e+01 1.458598e+02
      vertex 1.370768e+03 8.324524e+01 1.434224e+02
    endloop
  endfacet
  facet normal 0.000000e+00 0.000000e+00 -1.000000e+00
    outer loop
      vertex 1.336591e+03 8.324524e+01 1.458598e+02
      vertex 1.370768e+03 8.324524e+01 1.458598e+02
      vertex 1.336591e+03 6.997067e+01 1.458598e+02
    endloop
  endfacet
  facet normal -0.000000e+00 0.000000e+00 -1.000000e+00
    outer loop
      vertex 1.336591e+03 6.997067e+01 1.458598e+02
      vertex 1.370768e+03 8.324524e+01 1.458598e+02
      vertex 1.370768e+03 6.997067e+01 1.458598e+02
    endloop
  endfacet
  facet normal 1.798973e-01 2.156557e-02 -9.834490e-01
    outer loop
      vertex 1.302813e+03 7.036105e+01 1.272546e+02
      vertex 1.306800e+03 7.270367e+01 1.280354e+02
      vertex 1.304994e+03 6.997067e+01 1.276450e+02
    endloop
  endfacet
  facet normal 2.498393e-01 -2.688203e-02 -9.679141e-01
    outer loop
      vertex 1.304994e+03 6.997067e+01 1.276450e+02
      vertex 1.306800e+03 7.270367e+01 1.280354e+02
      vertex 1.308844e+03 7.309402e+01 1.285519e+02
    endloop
  endfacet
  facet normal 2.668330e-01 -4.940610e-02 -9.624755e-01
    outer loop
      vertex 1.304994e+03 6.997067e+01 1.276450e+02
      vertex 1.308844e+03 7.309402e+01 1.285519e+02
      vertex 1.309313e+03 7.309402e+01 1.286821e+02
    endloop
  endfacet
  facet normal 1.310831e-01 0.000000e+00 -9.913714e-01
    outer loop
      vertex 1.299860e+03 7.114194e+01 1.268642e+02
      vertex 1.299860e+03 7.192279e+01 1.268642e+02
      vertex 1.302813e+03 7.036105e+01 1.272546e+02
    endloop
  endfacet
  facet normal 1.599963e-01 5.613089e-02 -9.855204e-01
    outer loop
      vertex 1.302813e+03 7.036105e+01 1.272546e+02
      vertex 1.299860e+03 7.192279e+01 1.268642e+02
      vertex 1.306800e+03 7.270367e+01 1.280354e+02
    endloop
  endfacet
  facet normal 2.581022e-01 -7.652669e-02 -9.630820e-01
    outer loop
      vertex 1.306800e+03 7.270367e+01 1.280354e+02
      vertex 1.308373e+03 7.309402e+01 1.284258e+02
      vertex 1.308844e+03 7.309402e+01 1.285519e+02
    endloop
  endfacet
  facet normal 2.748296e-01 -6.144299e-02 -9.595277e-01
    outer loop
      vertex 1.309313e+03 7.309402e+01 1.286821e+02
      vertex 1.309781e+03 7.309402e+01 1.288163e+02
      vertex 1.304994e+03 6.997067e+01 1.276450e+02
    endloop
  endfacet
  facet normal 2.990688e-01 -1.026598e-01 -9.486932e-01
    outer loop
      vertex 1.304994e+03 6.997067e+01 1.276450e+02
      vertex 1.309781e+03 7.309402e+01 1.288163e+02
      vertex 1.316774e+03 6.997067e+01 1.313585e+02
    endloop
  endfacet
  facet normal 3.249908e-01 -4.146627e-02 -9.448076e-01
    outer loop
      vertex 1.316774e+03 6.997067e+01 1.313585e+02
      vertex 1.309781e+03 7.309402e+01 1.288163e+02
      vertex 1.311066e+03 7.426541e+01 1.292067e+02
    endloop
  endfacet
  facet normal 3.417968e-01 -1.653627e-02 -9.396284e-01
    outer loop
      vertex 1.316774e+03 6.997067e+01 1.313585e+02
      vertex 1.311066e+03 7.426541e+01 1.292067e+02
      vertex 1.312253e+03 7.660788e+01 1.295971e+02
    endloop
  endfacet
  facet normal 3.529366e-01 -4.053551e-03 -9.356385e-01
    outer loop
      vertex 1.313359e+03 8.285471e+01 1.299876e+02
      vertex 1.314399e+03 8.324524e+01 1.303780e+02
      vertex 1.312253e+03 7.660788e+01 1.295971e+02
    endloop
  endfacet
  facet normal 3.562707e-01 -5.281221e-03 -9.343678e-01
    outer loop
      vertex 1.312253e+03 7.660788e+01 1.295971e+02
      vertex 1.314399e+03 8.324524e+01 1.303780e+02
      vertex 1.316774e+03 6.997067e+01 1.313585e+02
    endloop
  endfacet
  facet normal 4.340760e-01 1.111583e-02 -9.008077e-01
    outer loop
      vertex 1.314399e+03 8.324524e+01 1.303780e+02
      vertex 1.322594e+03 8.324524e+01 1.343271e+02
      vertex 1.316774e+03 6.997067e+01 1.313585e+02
    endloop
  endfacet
  facet normal 4.992771e-01 -2.524051e-02 -8.660746e-01
    outer loop
      vertex 1.316774e+03 6.997067e+01 1.313585e+02
      vertex 1.322594e+03 8.324524e+01 1.343271e+02
      vertex 1.327474e+03 6.997067e+01 1.375270e+02
    endloop
  endfacet
  facet normal 5.721187e-01 1.262522e-02 -8.200737e-01
    outer loop
      vertex 1.327474e+03 6.997067e+01 1.375270e+02
      vertex 1.322594e+03 8.324524e+01 1.343271e+02
      vertex 1.330055e+03 8.324524e+01 1.395320e+02
    endloop
  endfacet
  facet normal 6.745294e-01 -1.968586e-02 -7.379855e-01
    outer loop
      vertex 1.327474e+03 6.997067e+01 1.375270e+02
      vertex 1.330055e+03 8.324524e+01 1.395320e+02
      vertex 1.336591e+03 6.997067e+01 1.458598e+02
    endloop
  endfacet
  facet normal 6.955892e-01 0.000000e+00 -7.184397e-01
    outer loop
      vertex 1.336591e+03 6.997067e+01 1.458598e+02
      vertex 1.330055e+03 8.324524e+01 1.395320e+02
      vertex 1.336591e+03 8.324524e+01 1.458598e+02
    endloop
  endfacet
  facet normal -1.267710e-07 0.000000e+00 -1.000000e+00
    outer loop
      vertex 1.497082e+03 6.099088e+01 1.590188e+02
      vertex 1.617447e+03 6.099088e+01 1.590187e+02
      vertex 1.497082e+03 5.669617e+01 1.590188e+02
    endloop
  endfacet
  facet normal -1.267710e-07 0.000000e+00 -1.000000e+00
    outer loop
      vertex 1.497082e+03 5.669617e+01 1.590188e+02
      vertex 1.617447e+03 6.099088e+01 1.590187e+02
      vertex 1.617447e+03 5.669617e+01 1.590187e+02
    endloop
  endfacet
  facet normal -1.267710e-07 0.000000e+00 -1.000000e+00
    outer loop
      vertex 1.497082e+03 4.464563e+01 1.590188e+02
      vertex 1.617447e+03 4.464563e+01 1.590187e+02
      vertex 1.497082e+03 -4.057297e+01 1.590188e+02
    endloop
  endfacet
  facet normal -1.267710e-07 0.000000e+00 -1.000000e+00
    outer loop
      vertex 1.497082e+03 -4.057297e+01 1.590188e+02
      vertex 1.617447e+03 4.464563e+01 1.590187e+02
      vertex 1.617447e+03 -4.057297e+01 1.590187e+02
    endloop
  endfacet
  facet normal 0.000000e+00 1.000000e+00 0.000000e+00
    outer loop
      vertex 1.494430e+03 -5.262347e+01 1.607640e+02
      vertex 1.620099e+03 -5.262347e+01 1.607640e+02
      vertex 1.497082e+03 -5.262347e+01 1.590188e+02
    endloop
  endfacet
  facet normal 0.000000e+00 1.000000e+00 0.000000e+00
    outer loop
      vertex 1.497082e+03 -5.262347e+01 1.590188e+02
      vertex 1.620099e+03 -5.262347e+01 1.607640e+02
      vertex 1.617447e+03 -5.262347e+01 1.590187e+02
    endloop
  endfacet
  facet normal -1.254620e-07 -1.433341e-01 -9.896744e-01
    outer loop
      vertex 1.497082e+03 -4.057297e+01 1.590188e+02
      vertex 1.617447e+03 -4.057297e+01 1.590187e+02
      vertex 1.494430e+03 -5.262347e+01 1.607640e+02
    endloop
  endfacet
  facet normal -1.201670e-07 -1.433342e-01 -9.896743e-01
    outer loop
      vertex 1.494430e+03 -5.262347e+01 1.607640e+02
      vertex 1.617447e+03 -4.057297e+01 1.590187e+02
      vertex 1.620099e+03 -5.262347e+01 1.607640e+02
    endloop
  endfacet
  facet normal -0.000000e+00 0.000000e+00 -1.000000e+00
    outer loop
      vertex 1.073057e+03 1.226783e+02 1.674974e+02
      vertex 1.198089e+03 1.226783e+02 1.674974e+02
      vertex 1.073057e+03 -1.186057e+02 1.674974e+02
    endloop
  endfacet
  facet normal -0.000000e+00 0.000000e+00 -1.000000e+00
    outer loop
      vertex 1.073057e+03 -1.186057e+02 1.674974e+02
      vertex 1.198089e+03 1.226783e+02 1.674974e+02
      vertex 1.198089e+03 -1.186057e+02 1.674974e+02
    endloop
  endfacet
  facet normal 1.798942e-01 2.157574e-02 -9.834493e-01
    outer loop
      vertex 9.861943e+02 7.036102e+01 1.272546e+02
      vertex 9.901818e+02 7.270364e+01 1.280354e+02
      vertex 9.883755e+02 6.997064e+01 1.276451e+02
    endloop
  endfacet
  facet normal 2.498292e-01 -2.686370e-02 -9.679172e-01
    outer loop
      vertex 9.883755e+02 6.997064e+01 1.276451e+02
      vertex 9.901818e+02 7.270364e+01 1.280354e+02
      vertex 9.922250e+02 7.309399e+01 1.285520e+02
    endloop
  endfacet
  facet normal 2.668331e-01 -4.940110e-02 -9.624758e-01
    outer loop
      vertex 9.883755e+02 6.997064e+01 1.276451e+02
      vertex 9.922250e+02 7.309399e+01 1.285520e+02
      vertex 9.926945e+02 7.309399e+01 1.286821e+02
    endloop
  endfacet
  facet normal 1.310831e-01 0.000000e+00 -9.913714e-01
    outer loop
      vertex 9.832414e+02 7.114191e+01 1.268642e+02
      vertex 9.832414e+02 7.192276e+01 1.268642e+02
      vertex 9.861943e+02 7.036102e+01 1.272546e+02
    endloop
  endfacet
  facet normal 1.599974e-01 5.613307e-02 -9.855201e-01
    outer loop
      vertex 9.861943e+02 7.036102e+01 1.272546e+02
      vertex 9.832414e+02 7.192276e+01 1.268642e+02
      vertex 9.901818e+02 7.270364e+01 1.280354e+02
    endloop
  endfacet
  facet normal 2.581014e-01 -7.656677e-02 -9.630790e-01
    outer loop
      vertex 9.901818e+02 7.270364e+01 1.280354e+02
      vertex 9.917545e+02 7.309399e+01 1.284259e+02
      vertex 9.922250e+02 7.309399e+01 1.285520e+02
    endloop
  endfacet
  facet normal 2.748619e-01 -6.148639e-02 -9.595157e-01
    outer loop
      vertex 9.926945e+02 7.309399e+01 1.286821e+02
      vertex 9.931628e+02 7.309399e+01 1.288163e+02
      vertex 9.883755e+02 6.997064e+01 1.276451e+02
    endloop
  endfacet
  facet normal 2.990705e-01 -1.026505e-01 -9.486937e-01
    outer loop
      vertex 9.883755e+02 6.997064e+01 1.276451e+02
      vertex 9.931628e+02 7.309399e+01 1.288163e+02
      vertex 1.000155e+03 6.997064e+01 1.313585e+02
    endloop
  endfacet
  facet normal 3.249891e-01 -4.146421e-02 -9.448083e-01
    outer loop
      vertex 1.000155e+03 6.997064e+01 1.313585e+02
      vertex 9.931628e+02 7.309399e+01 1.288163e+02
      vertex 9.944474e+02 7.426538e+01 1.292067e+02
    endloop
  endfacet
  facet normal 3.417901e-01 -1.654138e-02 -9.396307e-01
    outer loop
      vertex 1.000155e+03 6.997064e+01 1.313585e+02
      vertex 9.944474e+02 7.426538e+01 1.292067e+02
      vertex 9.956341e+02 7.660785e+01 1.295972e+02
    endloop
  endfacet
  facet normal 3.528965e-01 -4.042057e-03 -9.356536e-01
    outer loop
      vertex 9.967408e+02 8.285468e+01 1.299876e+02
      vertex 9.977805e+02 8.324521e+01 1.303780e+02
      vertex 9.956341e+02 7.660785e+01 1.295972e+02
    endloop
  endfacet
  facet normal 3.562679e-01 -5.283449e-03 -9.343689e-01
    outer loop
      vertex 9.956341e+02 7.660785e+01 1.295972e+02
      vertex 9.977805e+02 8.324521e+01 1.303780e+02
      vertex 1.000155e+03 6.997064e+01 1.313585e+02
    endloop
  endfacet
  facet normal 4.340786e-01 1.111439e-02 -9.008064e-01
    outer loop
      vertex 9.977805e+02 8.324521e+01 1.303780e+02
      vertex 1.005976e+03 8.324521e+01 1.343271e+02
      vertex 1.000155e+03 6.997064e+01 1.313585e+02
    endloop
  endfacet
  facet normal 4.992750e-01 -2.523930e-02 -8.660759e-01
    outer loop
      vertex 1.000155e+03 6.997064e+01 1.313585e+02
      vertex 1.005976e+03 8.324521e+01 1.343271e+02
      vertex 1.010855e+03 6.997064e+01 1.375271e+02
    endloop
  endfacet
  facet normal 5.721187e-01 1.262785e-02 -8.200736e-01
    outer loop
      vertex 1.010855e+03 6.997064e+01 1.375271e+02
      vertex 1.005976e+03 8.324521e+01 1.343271e+02
      vertex 1.013436e+03 8.324521e+01 1.395321e+02
    endloop
  endfacet
  facet normal 6.745319e-01 -1.968359e-02 -7.379833e-01
    outer loop
      vertex 1.010855e+03 6.997064e+01 1.375271e+02
      vertex 1.013436e+03 8.324521e+01 1.395321e+02
      vertex 1.019972e+03 6.997064e+01 1.458598e+02
    endloop
  endfacet
  facet normal 6.955892e-01 0.000000e+00 -7.184397e-01
    outer loop
      vertex 1.019972e+03 6.997064e+01 1.458598e+02
      vertex 1.013436e+03 8.324521e+01 1.395321e+02
      vertex 1.019972e+03 8.324521e+01 1.458598e+02
    endloop
  endfacet
  facet normal 3.528964e-01 4.042035e-03 -9.356537e-01
    outer loop
      vertex 9.967408e+02 -7.878207e+01 1.299876e+02
      vertex 9.956341e+02 -7.253525e+01 1.295972e+02
      vertex 9.977805e+02 -7.917258e+01 1.303780e+02
    endloop
  endfacet
  facet normal 3.562650e-01 5.282419e-03 -9.343700e-01
    outer loop
      vertex 9.977805e+02 -7.917258e+01 1.303780e+02
      vertex 9.956341e+02 -7.253525e+01 1.295972e+02
      vertex 1.000155e+03 -6.589804e+01 1.313585e+02
    endloop
  endfacet
  facet normal 4.340760e-01 -1.111586e-02 -9.008077e-01
    outer loop
      vertex 9.977805e+02 -7.917258e+01 1.303780e+02
      vertex 1.000155e+03 -6.589804e+01 1.313585e+02
      vertex 1.005976e+03 -7.917258e+01 1.343271e+02
    endloop
  endfacet
  facet normal 4.992771e-01 2.524058e-02 -8.660746e-01
    outer loop
      vertex 1.005976e+03 -7.917258e+01 1.343271e+02
      vertex 1.000155e+03 -6.589804e+01 1.313585e+02
      vertex 1.010855e+03 -6.589804e+01 1.375271e+02
    endloop
  endfacet
  facet normal 5.721187e-01 -1.262526e-02 -8.200737e-01
    outer loop
      vertex 1.005976e+03 -7.917258e+01 1.343271e+02
      vertex 1.010855e+03 -6.589804e+01 1.375271e+02
      vertex 1.013437e+03 -7.917258e+01 1.395321e+02
    endloop
  endfacet
  facet normal 6.745294e-01 1.968591e-02 -7.379855e-01
    outer loop
      vertex 1.013437e+03 -7.917258e+01 1.395321e+02
      vertex 1.010855e+03 -6.589804e+01 1.375271e+02
      vertex 1.019972e+03 -6.589804e+01 1.458598e+02
    endloop
  endfacet
  facet normal 6.955892e-01 0.000000e+00 -7.184397e-01
    outer loop
      vertex 1.013437e+03 -7.917258e+01 1.395321e+02
      vertex 1.019972e+03 -6.589804e+01 1.458598e+02
      vertex 1.019972e+03 -7.917258e+01 1.458598e+02
    endloop
  endfacet
  facet normal 3.417945e-01 1.653495e-02 -9.396293e-01
    outer loop
      vertex 9.956341e+02 -7.253525e+01 1.295972e+02
      vertex 9.944474e+02 -7.019278e+01 1.292067e+02
      vertex 1.000155e+03 -6.589804e+01 1.313585e+02
    endloop
  endfacet
  facet normal 3.249891e-01 4.146421e-02 -9.448083e-01
    outer loop
      vertex 1.000155e+03 -6.589804e+01 1.313585e+02
      vertex 9.944474e+02 -7.019278e+01 1.292067e+02
      vertex 9.931629e+02 -6.902139e+01 1.288163e+02
    endloop
  endfacet
  facet normal 2.990690e-01 1.026540e-01 -9.486938e-01
    outer loop
      vertex 1.000155e+03 -6.589804e+01 1.313585e+02
      vertex 9.931629e+02 -6.902139e+01 1.288163e+02
      vertex 9.883755e+02 -6.589804e+01 1.276451e+02
    endloop
  endfacet
  facet normal 2.748296e-01 6.143772e-02 -9.595280e-01
    outer loop
      vertex 9.883755e+02 -6.589804e+01 1.276451e+02
      vertex 9.931629e+02 -6.902139e+01 1.288163e+02
      vertex 9.926945e+02 -6.902139e+01 1.286821e+02
    endloop
  endfacet
  facet normal 2.668331e-01 4.940110e-02 -9.624758e-01
    outer loop
      vertex 9.883755e+02 -6.589804e+01 1.276451e+02
      vertex 9.926945e+02 -6.902139e+01 1.286821e+02
      vertex 9.922250e+02 -6.902139e+01 1.285520e+02
    endloop
  endfacet
  facet normal 2.581016e-01 7.656083e-02 -9.630795e-01
    outer loop
      vertex 9.917545e+02 -6.902139e+01 1.284259e+02
      vertex 9.901818e+02 -6.863101e+01 1.280354e+02
      vertex 9.922250e+02 -6.902139e+01 1.285520e+02
    endloop
  endfacet
  facet normal 2.498297e-01 2.686432e-02 -9.679171e-01
    outer loop
      vertex 9.922250e+02 -6.902139e+01 1.285520e+02
      vertex 9.901818e+02 -6.863101e+01 1.280354e+02
      vertex 9.883755e+02 -6.589804e+01 1.276451e+02
    endloop
  endfacet
  facet normal 1.798983e-01 -2.157315e-02 -9.834486e-01
    outer loop
      vertex 9.883755e+02 -6.589804e+01 1.276451e+02
      vertex 9.901818e+02 -6.863101e+01 1.280354e+02
      vertex 9.861943e+02 -6.628839e+01 1.272546e+02
    endloop
  endfacet
  facet normal 1.599972e-01 -5.613770e-02 -9.855199e-01
    outer loop
      vertex 9.861943e+02 -6.628839e+01 1.272546e+02
      vertex 9.901818e+02 -6.863101e+01 1.280354e+02
      vertex 9.832414e+02 -6.785016e+01 1.268642e+02
    endloop
  endfacet
  facet normal 1.310805e-01 0.000000e+00 -9.913718e-01
    outer loop
      vertex 9.861943e+02 -6.628839e+01 1.272546e+02
      vertex 9.832414e+02 -6.785016e+01 1.268642e+02
      vertex 9.832414e+02 -6.706927e+01 1.268642e+02
    endloop
  endfacet
  facet normal -2.892350e-07 -0.000000e+00 -1.000000e+00
    outer loop
      vertex 1.072728e+03 6.997064e+01 1.458598e+02
      vertex 1.019972e+03 6.997064e+01 1.458598e+02
      vertex 1.072728e+03 8.324521e+01 1.458598e+02
    endloop
  endfacet
  facet normal -2.892350e-07 0.000000e+00 -1.000000e+00
    outer loop
      vertex 1.072728e+03 8.324521e+01 1.458598e+02
      vertex 1.019972e+03 6.997064e+01 1.458598e+02
      vertex 1.019972e+03 8.324521e+01 1.458598e+02
    endloop
  endfacet
  facet normal -2.892353e-07 -0.000000e+00 -1.000000e+00
    outer loop
      vertex 1.072728e+03 -7.917258e+01 1.458598e+02
      vertex 1.019972e+03 -7.917258e+01 1.458598e+02
      vertex 1.072728e+03 -6.589804e+01 1.458598e+02
    endloop
  endfacet
  facet normal -2.892353e-07 0.000000e+00 -1.000000e+00
    outer loop
      vertex 1.072728e+03 -6.589804e+01 1.458598e+02
      vertex 1.019972e+03 -7.917258e+01 1.458598e+02
      vertex 1.019972e+03 -6.589804e+01 1.458598e+02
    endloop
  endfacet
  facet normal -2.892353e-07 0.000000e+00 -1.000000e+00
    outer loop
      vertex 1.198419e+03 8.324521e+01 1.458598e+02
      vertex 1.251175e+03 8.324521e+01 1.458598e+02
      vertex 1.198419e+03 6.997064e+01 1.458598e+02
    endloop
  endfacet
  facet normal -2.892353e-07 0.000000e+00 -1.000000e+00
    outer loop
      vertex 1.198419e+03 6.997064e+01 1.458598e+02
      vertex 1.251175e+03 8.324521e+01 1.458598e+02
      vertex 1.251175e+03 6.997064e+01 1.458598e+02
    endloop
  endfacet
  facet normal -2.892353e-07 0.000000e+00 -1.000000e+00
    outer loop
      vertex 1.198419e+03 -6.589804e+01 1.458598e+02
      vertex 1.251175e+03 -6.589804e+01 1.458598e+02
      vertex 1.198419e+03 -7.917258e+01 1.458598e+02
    endloop
  endfacet
  facet normal -2.892353e-07 0.000000e+00 -1.000000e+00
    outer loop
      vertex 1.198419e+03 -7.917258e+01 1.458598e+02
      vertex 1.251175e+03 -6.589804e+01 1.458598e+02
      vertex 1.251175e+03 -7.917258e+01 1.458598e+02
    endloop
  endfacet
  facet normal -6.955892e-01 0.000000e+00 -7.184397e-01
    outer loop
      vertex 1.251175e+03 8.324521e+01 1.458598e+02
      vertex 1.257710e+03 8.324521e+01 1.395320e+02
      vertex 1.251175e+03 6.997064e+01 1.458598e+02
    endloop
  endfacet
  facet normal -6.745294e-01 -1.968585e-02 -7.379855e-01
    outer loop
      vertex 1.251175e+03 6.997064e+01 1.458598e+02
      vertex 1.257710e+03 8.324521e+01 1.395320e+02
      vertex 1.260291e+03 6.997064e+01 1.375270e+02
    endloop
  endfacet
  facet normal -5.721187e-01 1.262522e-02 -8.200737e-01
    outer loop
      vertex 1.260291e+03 6.997064e+01 1.375270e+02
      vertex 1.257710e+03 8.324521e+01 1.395320e+02
      vertex 1.265171e+03 8.324521e+01 1.343271e+02
    endloop
  endfacet
  facet normal -4.992771e-01 -2.524052e-02 -8.660746e-01
    outer loop
      vertex 1.260291e+03 6.997064e+01 1.375270e+02
      vertex 1.265171e+03 8.324521e+01 1.343271e+02
      vertex 1.270992e+03 6.997064e+01 1.313585e+02
    endloop
  endfacet
  facet normal -4.340760e-01 1.111582e-02 -9.008077e-01
    outer loop
      vertex 1.270992e+03 6.997064e+01 1.313585e+02
      vertex 1.265171e+03 8.324521e+01 1.343271e+02
      vertex 1.273366e+03 8.324521e+01 1.303780e+02
    endloop
  endfacet
  facet normal -3.562707e-01 -5.281226e-03 -9.343678e-01
    outer loop
      vertex 1.270992e+03 6.997064e+01 1.313585e+02
      vertex 1.273366e+03 8.324521e+01 1.303780e+02
      vertex 1.275513e+03 7.660785e+01 1.295971e+02
    endloop
  endfacet
  facet normal -3.528953e-01 -4.038363e-03 -9.356541e-01
    outer loop
      vertex 1.275513e+03 7.660785e+01 1.295971e+02
      vertex 1.273366e+03 8.324521e+01 1.303780e+02
      vertex 1.274406e+03 8.285468e+01 1.299876e+02
    endloop
  endfacet
  facet normal -3.417835e-01 -1.654658e-02 -9.396330e-01
    outer loop
      vertex 1.275513e+03 7.660785e+01 1.295971e+02
      vertex 1.276699e+03 7.426538e+01 1.292067e+02
      vertex 1.270992e+03 6.997064e+01 1.313585e+02
    endloop
  endfacet
  facet normal -3.250001e-01 -4.144347e-02 -9.448054e-01
    outer loop
      vertex 1.270992e+03 6.997064e+01 1.313585e+02
      vertex 1.276699e+03 7.426538e+01 1.292067e+02
      vertex 1.277984e+03 7.309399e+01 1.288163e+02
    endloop
  endfacet
  facet normal -2.990688e-01 -1.026598e-01 -9.486932e-01
    outer loop
      vertex 1.270992e+03 6.997064e+01 1.313585e+02
      vertex 1.277984e+03 7.309399e+01 1.288163e+02
      vertex 1.282771e+03 6.997064e+01 1.276450e+02
    endloop
  endfacet
  facet normal -2.748295e-01 -6.144302e-02 -9.595277e-01
    outer loop
      vertex 1.282771e+03 6.997064e+01 1.276450e+02
      vertex 1.277984e+03 7.309399e+01 1.288163e+02
      vertex 1.278452e+03 7.309399e+01 1.286821e+02
    endloop
  endfacet
  facet normal -2.668330e-01 -4.940610e-02 -9.624755e-01
    outer loop
      vertex 1.282771e+03 6.997064e+01 1.276450e+02
      vertex 1.278452e+03 7.309399e+01 1.286821e+02
      vertex 1.278922e+03 7.309399e+01 1.285519e+02
    endloop
  endfacet
  facet normal -2.581006e-01 -7.660685e-02 -9.630761e-01
    outer loop
      vertex 1.279392e+03 7.309399e+01 1.284258e+02
      vertex 1.280965e+03 7.270364e+01 1.280354e+02
      vertex 1.278922e+03 7.309399e+01 1.285519e+02
    endloop
  endfacet
  facet normal -2.498212e-01 -2.685811e-02 -9.679194e-01
    outer loop
      vertex 1.278922e+03 7.309399e+01 1.285519e+02
      vertex 1.280965e+03 7.270364e+01 1.280354e+02
      vertex 1.282771e+03 6.997064e+01 1.276450e+02
    endloop
  endfacet
  facet normal -1.798985e-01 2.157276e-02 -9.834486e-01
    outer loop
      vertex 1.282771e+03 6.997064e+01 1.276450e+02
      vertex 1.280965e+03 7.270364e+01 1.280354e+02
      vertex 1.284953e+03 7.036102e+01 1.272546e+02
    endloop
  endfacet
  facet normal -1.599986e-01 5.613525e-02 -9.855198e-01
    outer loop
      vertex 1.284953e+03 7.036102e+01 1.272546e+02
      vertex 1.280965e+03 7.270364e+01 1.280354e+02
      vertex 1.287905e+03 7.192276e+01 1.268642e+02
    endloop
  endfacet
  facet normal -1.310831e-01 0.000000e+00 -9.913714e-01
    outer loop
      vertex 1.284953e+03 7.036102e+01 1.272546e+02
      vertex 1.287905e+03 7.192276e+01 1.268642e+02
      vertex 1.287905e+03 7.114191e+01 1.268642e+02
    endloop
  endfacet
  facet normal -6.955826e-01 -0.000000e+00 -7.184462e-01
    outer loop
      vertex 1.251175e+03 -7.917258e+01 1.458598e+02
      vertex 1.251175e+03 -6.589804e+01 1.458598e+02
      vertex 1.257710e+03 -7.917258e+01 1.395320e+02
    endloop
  endfacet
  facet normal -6.745294e-01 1.967971e-02 -7.379856e-01
    outer loop
      vertex 1.257710e+03 -7.917258e+01 1.395320e+02
      vertex 1.251175e+03 -6.589804e+01 1.458598e+02
      vertex 1.260291e+03 -6.589804e+01 1.375270e+02
    endloop
  endfacet
  facet normal -5.721250e-01 -1.262863e-02 -8.200692e-01
    outer loop
      vertex 1.257710e+03 -7.917258e+01 1.395320e+02
      vertex 1.260291e+03 -6.589804e+01 1.375270e+02
      vertex 1.265171e+03 -7.917258e+01 1.343271e+02
    endloop
  endfacet
  facet normal -4.992771e-01 2.524058e-02 -8.660746e-01
    outer loop
      vertex 1.265171e+03 -7.917258e+01 1.343271e+02
      vertex 1.260291e+03 -6.589804e+01 1.375270e+02
      vertex 1.270992e+03 -6.589804e+01 1.313585e+02
    endloop
  endfacet
  facet normal -4.340760e-01 -1.111586e-02 -9.008077e-01
    outer loop
      vertex 1.265171e+03 -7.917258e+01 1.343271e+02
      vertex 1.270992e+03 -6.589804e+01 1.313585e+02
      vertex 1.273366e+03 -7.917258e+01 1.303780e+02
    endloop
  endfacet
  facet normal -3.562707e-01 5.281240e-03 -9.343678e-01
    outer loop
      vertex 1.273366e+03 -7.917258e+01 1.303780e+02
      vertex 1.270992e+03 -6.589804e+01 1.313585e+02
      vertex 1.275513e+03 -7.253525e+01 1.295971e+02
    endloop
  endfacet
  facet normal -3.528952e-01 4.038341e-03 -9.356542e-01
    outer loop
      vertex 1.273366e+03 -7.917258e+01 1.303780e+02
      vertex 1.275513e+03 -7.253525e+01 1.295971e+02
      vertex 1.274406e+03 -7.878207e+01 1.299876e+02
    endloop
  endfacet
  facet normal -2.990692e-01 1.026482e-01 -9.486943e-01
    outer loop
      vertex 1.282771e+03 -6.589804e+01 1.276450e+02
      vertex 1.277984e+03 -6.902139e+01 1.288163e+02
      vertex 1.270992e+03 -6.589804e+01 1.313585e+02
    endloop
  endfacet
  facet normal -3.249874e-01 4.146215e-02 -9.448090e-01
    outer loop
      vertex 1.270992e+03 -6.589804e+01 1.313585e+02
      vertex 1.277984e+03 -6.902139e+01 1.288163e+02
      vertex 1.276699e+03 -7.019278e+01 1.292067e+02
    endloop
  endfacet
  facet normal -3.417835e-01 1.654655e-02 -9.396330e-01
    outer loop
      vertex 1.270992e+03 -6.589804e+01 1.313585e+02
      vertex 1.276699e+03 -7.019278e+01 1.292067e+02
      vertex 1.275513e+03 -7.253525e+01 1.295971e+02
    endloop
  endfacet
  facet normal -1.798896e-01 -2.157913e-02 -9.834501e-01
    outer loop
      vertex 1.284953e+03 -6.628839e+01 1.272546e+02
      vertex 1.280965e+03 -6.863101e+01 1.280354e+02
      vertex 1.282771e+03 -6.589804e+01 1.276450e+02
    endloop
  endfacet
  facet normal -2.498376e-01 2.686990e-02 -9.679149e-01
    outer loop
      vertex 1.282771e+03 -6.589804e+01 1.276450e+02
      vertex 1.280965e+03 -6.863101e+01 1.280354e+02
      vertex 1.278922e+03 -6.902139e+01 1.285519e+02
    endloop
  endfacet
  facet normal -2.668332e-01 4.939579e-02 -9.624760e-01
    outer loop
      vertex 1.282771e+03 -6.589804e+01 1.276450e+02
      vertex 1.278922e+03 -6.902139e+01 1.285519e+02
      vertex 1.278452e+03 -6.902139e+01 1.286821e+02
    endloop
  endfacet
  facet normal -1.310831e-01 0.000000e+00 -9.913714e-01
    outer loop
      vertex 1.287906e+03 -6.706927e+01 1.268642e+02
      vertex 1.287906e+03 -6.785016e+01 1.268642e+02
      vertex 1.284953e+03 -6.628839e+01 1.272546e+02
    endloop
  endfacet
  facet normal -1.599966e-01 -5.613037e-02 -9.855204e-01
    outer loop
      vertex 1.284953e+03 -6.628839e+01 1.272546e+02
      vertex 1.287906e+03 -6.785016e+01 1.268642e+02
      vertex 1.280965e+03 -6.863101e+01 1.280354e+02
    endloop
  endfacet
  facet normal -2.581579e-01 7.686790e-02 -9.630399e-01
    outer loop
      vertex 1.280965e+03 -6.863101e+01 1.280354e+02
      vertex 1.279392e+03 -6.902139e+01 1.284258e+02
      vertex 1.278922e+03 -6.902139e+01 1.285519e+02
    endloop
  endfacet
  facet normal -2.748297e-01 6.143232e-02 -9.595284e-01
    outer loop
      vertex 1.278452e+03 -6.902139e+01 1.286821e+02
      vertex 1.277984e+03 -6.902139e+01 1.288163e+02
      vertex 1.282771e+03 -6.589804e+01 1.276450e+02
    endloop
  endfacet
  facet normal 1.000000e+00 0.000000e+00 0.000000e+00
    outer loop
      vertex 1.072728e+03 6.997064e+01 1.458598e+02
      vertex 1.072728e+03 8.324521e+01 1.458598e+02
      vertex 1.072728e+03 6.997064e+01 1.467760e+02
    endloop
  endfacet
  facet normal 1.000000e+00 0.000000e+00 0.000000e+00
    outer loop
      vertex 1.072728e+03 6.997064e+01 1.467760e+02
      vertex 1.072728e+03 8.324521e+01 1.458598e+02
      vertex 1.072728e+03 8.324521e+01 1.498598e+02
    endloop
  endfacet
  facet normal 1.000000e+00 0.000000e+00 0.000000e+00
    outer loop
      vertex 1.072728e+03 6.997064e+01 1.467760e+02
      vertex 1.072728e+03 8.324521e+01 1.498598e+02
      vertex 1.072728e+03 6.765765e+01 1.498598e+02
    endloop
  endfacet
  facet normal 1.000000e+00 0.000000e+00 0.000000e+00
    outer loop
      vertex 1.072728e+03 8.949203e+01 1.479472e+02
      vertex 1.072728e+03 1.144793e+02 1.479472e+02
      vertex 1.072728e+03 8.793027e+01 1.487281e+02
    endloop
  endfacet
  facet normal 1.000000e+00 0.000000e+00 0.000000e+00
    outer loop
      vertex 1.072728e+03 8.793027e+01 1.487281e+02
      vertex 1.072728e+03 1.144793e+02 1.479472e+02
      vertex 1.072728e+03 1.164315e+02 1.487281e+02
    endloop
  endfacet
  facet normal 1.000000e+00 0.000000e+00 0.000000e+00
    outer loop
      vertex 1.072728e+03 8.793027e+01 1.487281e+02
      vertex 1.072728e+03 1.164315e+02 1.487281e+02
      vertex 1.072728e+03 1.166578e+02 1.498598e+02
    endloop
  endfacet
  facet normal 1.000000e+00 0.000000e+00 0.000000e+00
    outer loop
      vertex 1.072728e+03 1.166578e+02 1.498598e+02
      vertex 1.072728e+03 8.747757e+01 1.498598e+02
      vertex 1.072728e+03 8.793027e+01 1.487281e+02
    endloop
  endfacet
  facet normal 1.000000e+00 0.000000e+00 0.000000e+00
    outer loop
      vertex 1.072728e+03 -1.125852e+02 1.498598e+02
      vertex 1.072728e+03 -1.123589e+02 1.487281e+02
      vertex 1.072728e+03 -8.385767e+01 1.487281e+02
    endloop
  endfacet
  facet normal 1.000000e+00 0.000000e+00 0.000000e+00
    outer loop
      vertex 1.072728e+03 -8.385767e+01 1.487281e+02
      vertex 1.072728e+03 -1.123589e+02 1.487281e+02
      vertex 1.072728e+03 -1.104067e+02 1.479472e+02
    endloop
  endfacet
  facet normal 1.000000e+00 0.000000e+00 0.000000e+00
    outer loop
      vertex 1.072728e+03 -8.385767e+01 1.487281e+02
      vertex 1.072728e+03 -1.104067e+02 1.479472e+02
      vertex 1.072728e+03 -8.541940e+01 1.479472e+02
    endloop
  endfacet
  facet normal 1.000000e+00 0.000000e+00 0.000000e+00
    outer loop
      vertex 1.072728e+03 -8.385767e+01 1.487281e+02
      vertex 1.072728e+03 -8.340494e+01 1.498598e+02
      vertex 1.072728e+03 -1.125852e+02 1.498598e+02
    endloop
  endfacet
  facet normal 1.000000e+00 -0.000000e+00 0.000000e+00
    outer loop
      vertex 1.072728e+03 -6.589804e+01 1.458598e+02
      vertex 1.072728e+03 -6.589804e+01 1.467760e+02
      vertex 1.072728e+03 -7.917258e+01 1.458598e+02
    endloop
  endfacet
  facet normal 1.000000e+00 0.000000e+00 0.000000e+00
    outer loop
      vertex 1.072728e+03 -7.917258e+01 1.458598e+02
      vertex 1.072728e+03 -6.589804e+01 1.467760e+02
      vertex 1.072728e+03 -7.917258e+01 1.498598e+02
    endloop
  endfacet
  facet normal 1.000000e+00 0.000000e+00 0.000000e+00
    outer loop
      vertex 1.072728e+03 -7.917258e+01 1.498598e+02
      vertex 1.072728e+03 -6.589804e+01 1.467760e+02
      vertex 1.072728e+03 -6.358502e+01 1.498598e+02
    endloop
  endfacet
  facet normal -1.000000e+00 0.000000e+00 0.000000e+00
    outer loop
      vertex 1.198419e+03 6.765765e+01 1.498598e+02
      vertex 1.198419e+03 8.324521e+01 1.498598e+02
      vertex 1.198419e+03 6.997064e+01 1.467760e+02
    endloop
  endfacet
  facet normal -1.000000e+00 -0.000000e+00 0.000000e+00
    outer loop
      vertex 1.198419e+03 6.997064e+01 1.467760e+02
      vertex 1.198419e+03 8.324521e+01 1.498598e+02
      vertex 1.198419e+03 8.324521e+01 1.458598e+02
    endloop
  endfacet
  facet normal -1.000000e+00 0.000000e+00 0.000000e+00
    outer loop
      vertex 1.198419e+03 6.997064e+01 1.467760e+02
      vertex 1.198419e+03 8.324521e+01 1.458598e+02
      vertex 1.198419e+03 6.997064e+01 1.458598e+02
    endloop
  endfacet
  facet normal -1.000000e+00 0.000000e+00 0.000000e+00
    outer loop
      vertex 1.198419e+03 8.747757e+01 1.498598e+02
      vertex 1.198419e+03 1.166579e+02 1.498598e+02
      vertex 1.198419e+03 8.793027e+01 1.487281e+02
    endloop
  endfacet
  facet normal -1.000000e+00 -0.000000e+00 0.000000e+00
    outer loop
      vertex 1.198419e+03 8.793027e+01 1.487281e+02
      vertex 1.198419e+03 1.166579e+02 1.498598e+02
      vertex 1.198419e+03 1.164315e+02 1.487281e+02
    endloop
  endfacet
  facet normal -1.000000e+00 0.000000e+00 0.000000e+00
    outer loop
      vertex 1.198419e+03 8.793027e+01 1.487281e+02
      vertex 1.198419e+03 1.164315e+02 1.487281e+02
      vertex 1.198419e+03 1.144793e+02 1.479472e+02
    endloop
  endfacet
  facet normal -1.000000e+00 0.000000e+00 0.000000e+00
    outer loop
      vertex 1.198419e+03 1.144793e+02 1.479472e+02
      vertex 1.198419e+03 8.949203e+01 1.479472e+02
      vertex 1.198419e+03 8.793027e+01 1.487281e+02
    endloop
  endfacet
  facet normal -1.000000e+00 0.000000e+00 -0.000000e+00
    outer loop
      vertex 1.198419e+03 -1.104067e+02 1.479472e+02
      vertex 1.198419e+03 -1.123589e+02 1.487281e+02
      vertex 1.198419e+03 -8.385767e+01 1.487281e+02
    endloop
  endfacet
  facet normal -1.000000e+00 0.000000e+00 0.000000e+00
    outer loop
      vertex 1.198419e+03 -8.385767e+01 1.487281e+02
      vertex 1.198419e+03 -1.123589e+02 1.487281e+02
      vertex 1.198419e+03 -1.125852e+02 1.498598e+02
    endloop
  endfacet
  facet normal -1.000000e+00 0.000000e+00 -0.000000e+00
    outer loop
      vertex 1.198419e+03 -8.385767e+01 1.487281e+02
      vertex 1.198419e+03 -1.125852e+02 1.498598e+02
      vertex 1.198419e+03 -8.340494e+01 1.498598e+02
    endloop
  endfacet
  facet normal -1.000000e+00 0.000000e+00 0.000000e+00
    outer loop
      vertex 1.198419e+03 -8.385767e+01 1.487281e+02
      vertex 1.198419e+03 -8.541940e+01 1.479472e+02
      vertex 1.198419e+03 -1.104067e+02 1.479472e+02
    endloop
  endfacet
  facet normal -1.000000e+00 0.000000e+00 0.000000e+00
    outer loop
      vertex 1.198419e+03 -6.589804e+01 1.458598e+02
      vertex 1.198419e+03 -7.917258e+01 1.458598e+02
      vertex 1.198419e+03 -6.589804e+01 1.467760e+02
    endloop
  endfacet
  facet normal -1.000000e+00 0.000000e+00 0.000000e+00
    outer loop
      vertex 1.198419e+03 -6.589804e+01 1.467760e+02
      vertex 1.198419e+03 -7.917258e+01 1.458598e+02
      vertex 1.198419e+03 -7.917258e+01 1.498598e+02
    endloop
  endfacet
  facet normal -1.000000e+00 0.000000e+00 -0.000000e+00
    outer loop
      vertex 1.198419e+03 -6.589804e+01 1.467760e+02
      vertex 1.198419e+03 -7.917258e+01 1.498598e+02
      vertex 1.198419e+03 -6.358502e+01 1.498598e+02
    endloop
  endfacet
  facet normal 9.998260e-01 -3.937914e-06 -1.865548e-02
    outer loop
      vertex 1.072772e+03 8.636853e+01 1.522419e+02
      vertex 1.072867e+03 1.230688e+02 1.573175e+02
      vertex 1.072838e+03 8.324521e+01 1.557558e+02
    endloop
  endfacet
  facet normal 9.998248e-01 -1.402798e-06 -1.872010e-02
    outer loop
      vertex 1.072838e+03 8.324521e+01 1.557558e+02
      vertex 1.072867e+03 1.230688e+02 1.573175e+02
      vertex 1.072889e+03 6.684717e+01 1.584888e+02
    endloop
  endfacet
  facet normal 9.998255e-01 5.599557e-06 -1.867810e-02
    outer loop
      vertex 1.072838e+03 8.324521e+01 1.557558e+02
      vertex 1.072889e+03 6.684717e+01 1.584888e+02
      vertex 1.072772e+03 6.684717e+01 1.522419e+02
    endloop
  endfacet
  facet normal 9.998255e-01 -2.390678e-07 -1.868222e-02
    outer loop
      vertex 1.072867e+03 1.230688e+02 1.573175e+02
      vertex 1.072772e+03 8.636853e+01 1.522419e+02
      vertex 1.072743e+03 1.168220e+02 1.506802e+02
    endloop
  endfacet
  facet normal 9.998255e-01 0.000000e+00 -1.867756e-02
    outer loop
      vertex 1.072743e+03 1.168220e+02 1.506802e+02
      vertex 1.072772e+03 8.636853e+01 1.522419e+02
      vertex 1.072743e+03 8.714941e+01 1.506802e+02
    endloop
  endfacet
  facet normal 9.998243e-01 0.000000e+00 -1.874601e-02
    outer loop
      vertex 1.072743e+03 1.168220e+02 1.506802e+02
      vertex 1.072743e+03 8.714941e+01 1.506802e+02
      vertex 1.072728e+03 8.747757e+01 1.498598e+02
    endloop
  endfacet
  facet normal 9.998243e-01 0.000000e+00 -1.874601e-02
    outer loop
      vertex 1.072728e+03 8.747757e+01 1.498598e+02
      vertex 1.072728e+03 1.166578e+02 1.498598e+02
      vertex 1.072743e+03 1.168220e+02 1.506802e+02
    endloop
  endfacet
  facet normal 9.998252e-01 0.000000e+00 -1.869395e-02
    outer loop
      vertex 1.072940e+03 1.230688e+02 1.612217e+02
      vertex 1.072940e+03 1.226783e+02 1.612217e+02
      vertex 1.072867e+03 1.230688e+02 1.573175e+02
    endloop
  endfacet
  facet normal 9.998252e-01 -8.594868e-07 -1.869403e-02
    outer loop
      vertex 1.072867e+03 1.230688e+02 1.573175e+02
      vertex 1.072940e+03 1.226783e+02 1.612217e+02
      vertex 1.072889e+03 6.684717e+01 1.584888e+02
    endloop
  endfacet
  facet normal 9.998255e-01 -1.557055e-06 -1.867979e-02
    outer loop
      vertex 1.072889e+03 6.684717e+01 1.584888e+02
      vertex 1.072940e+03 1.226783e+02 1.612217e+02
      vertex 1.072947e+03 6.255258e+01 1.616122e+02
    endloop
  endfacet
  facet normal 9.998257e-01 -1.494788e-06 -1.867020e-02
    outer loop
      vertex 1.072947e+03 6.255258e+01 1.616122e+02
      vertex 1.072940e+03 1.226783e+02 1.612217e+02
      vertex 1.073057e+03 1.226783e+02 1.674974e+02
    endloop
  endfacet
  facet normal 9.998254e-01 0.000000e+00 -1.868547e-02
    outer loop
      vertex 1.072947e+03 6.255258e+01 1.616122e+02
      vertex 1.073057e+03 1.226783e+02 1.674974e+02
      vertex 1.073057e+03 -1.186057e+02 1.674974e+02
    endloop
  endfacet
  facet normal 9.998260e-01 1.008399e-06 -1.865444e-02
    outer loop
      vertex 1.072947e+03 6.255258e+01 1.616122e+02
      vertex 1.073057e+03 -1.186057e+02 1.674974e+02
      vertex 1.072948e+03 -5.847998e+01 1.616122e+02
    endloop
  endfacet
  facet normal 9.998257e-01 -5.351149e-07 -1.867020e-02
    outer loop
      vertex 1.072948e+03 -5.847998e+01 1.616122e+02
      vertex 1.073057e+03 -1.186057e+02 1.674974e+02
      vertex 1.072940e+03 -1.186057e+02 1.612217e+02
    endloop
  endfacet
  facet normal 9.998248e-01 -2.350550e-07 -1.871638e-02
    outer loop
      vertex 1.072948e+03 -5.847998e+01 1.616122e+02
      vertex 1.072940e+03 -1.186057e+02 1.612217e+02
      vertex 1.072889e+03 -6.277457e+01 1.584888e+02
    endloop
  endfacet
  facet normal 9.998252e-01 8.594698e-07 -1.869403e-02
    outer loop
      vertex 1.072889e+03 -6.277457e+01 1.584888e+02
      vertex 1.072940e+03 -1.186057e+02 1.612217e+02
      vertex 1.072867e+03 -1.189962e+02 1.573175e+02
    endloop
  endfacet
  facet normal 9.998257e-01 3.395351e-07 -1.866908e-02
    outer loop
      vertex 1.072889e+03 -6.277457e+01 1.584888e+02
      vertex 1.072867e+03 -1.189962e+02 1.573175e+02
      vertex 1.072838e+03 -7.917258e+01 1.557558e+02
    endloop
  endfacet
  facet normal 9.998254e-01 -3.398189e-07 -1.868640e-02
    outer loop
      vertex 1.072838e+03 -7.917258e+01 1.557558e+02
      vertex 1.072867e+03 -1.189962e+02 1.573175e+02
      vertex 1.072772e+03 -8.229593e+01 1.522419e+02
    endloop
  endfacet
  facet normal 9.998255e-01 2.390678e-07 -1.868222e-02
    outer loop
      vertex 1.072772e+03 -8.229593e+01 1.522419e+02
      vertex 1.072867e+03 -1.189962e+02 1.573175e+02
      vertex 1.072743e+03 -1.127494e+02 1.506802e+02
    endloop
  endfacet
  facet normal 9.998255e-01 0.000000e+00 -1.867756e-02
    outer loop
      vertex 1.072772e+03 -8.229593e+01 1.522419e+02
      vertex 1.072743e+03 -1.127494e+02 1.506802e+02
      vertex 1.072743e+03 -8.307678e+01 1.506802e+02
    endloop
  endfacet
  facet normal 9.998243e-01 0.000000e+00 -1.874601e-02
    outer loop
      vertex 1.072743e+03 -8.307678e+01 1.506802e+02
      vertex 1.072743e+03 -1.127494e+02 1.506802e+02
      vertex 1.072728e+03 -8.340494e+01 1.498598e+02
    endloop
  endfacet
  facet normal 9.998243e-01 0.000000e+00 -1.874601e-02
    outer loop
      vertex 1.072728e+03 -8.340494e+01 1.498598e+02
      vertex 1.072743e+03 -1.127494e+02 1.506802e+02
      vertex 1.072728e+03 -1.125852e+02 1.498598e+02
    endloop
  endfacet
  facet normal 9.998252e-01 0.000000e+00 -1.869395e-02
    outer loop
      vertex 1.072940e+03 -1.186057e+02 1.612217e+02
      vertex 1.072940e+03 -1.189962e+02 1.612217e+02
      vertex 1.072867e+03 -1.189962e+02 1.573175e+02
    endloop
  endfacet
  facet normal 9.998255e-01 1.843349e-06 -1.867810e-02
    outer loop
      vertex 1.072889e+03 -6.277457e+01 1.584888e+02
      vertex 1.072838e+03 -7.917258e+01 1.557558e+02
      vertex 1.072772e+03 -6.277457e+01 1.522419e+02
    endloop
  endfacet
  facet normal 9.998253e-01 -1.249587e-06 -1.869253e-02
    outer loop
      vertex 1.072772e+03 -6.277457e+01 1.522419e+02
      vertex 1.072838e+03 -7.917258e+01 1.557558e+02
      vertex 1.072728e+03 -7.917258e+01 1.498598e+02
    endloop
  endfacet
  facet normal 9.998251e-01 3.859723e-07 -1.870378e-02
    outer loop
      vertex 1.072772e+03 -6.277457e+01 1.522419e+02
      vertex 1.072728e+03 -7.917258e+01 1.498598e+02
      vertex 1.072729e+03 -6.355542e+01 1.498993e+02
    endloop
  endfacet
  facet normal 9.998279e-01 0.000000e+00 -1.855112e-02
    outer loop
      vertex 1.072729e+03 -6.355542e+01 1.498993e+02
      vertex 1.072728e+03 -7.917258e+01 1.498598e+02
      vertex 1.072728e+03 -6.358502e+01 1.498598e+02
    endloop
  endfacet
  facet normal 9.998230e-01 -1.598503e-05 -1.881647e-02
    outer loop
      vertex 1.072940e+03 -5.691824e+01 1.612217e+02
      vertex 1.072932e+03 -5.262350e+01 1.607641e+02
      vertex 1.072948e+03 -5.847998e+01 1.616122e+02
    endloop
  endfacet
  facet normal 9.998252e-01 1.116441e-06 -1.869843e-02
    outer loop
      vertex 1.072948e+03 -5.847998e+01 1.616122e+02
      vertex 1.072932e+03 -5.262350e+01 1.607641e+02
      vertex 1.072932e+03 5.669614e+01 1.607641e+02
    endloop
  endfacet
  facet normal 9.998249e-01 1.008398e-06 -1.871310e-02
    outer loop
      vertex 1.072948e+03 -5.847998e+01 1.616122e+02
      vertex 1.072932e+03 5.669614e+01 1.607641e+02
      vertex 1.072947e+03 6.255258e+01 1.616122e+02
    endloop
  endfacet
  facet normal 9.998366e-01 -9.159118e-05 -1.807395e-02
    outer loop
      vertex 1.072947e+03 6.255258e+01 1.616122e+02
      vertex 1.072932e+03 5.669614e+01 1.607641e+02
      vertex 1.072940e+03 6.099084e+01 1.612217e+02
    endloop
  endfacet
  facet normal 9.998249e-01 -2.361485e-05 -1.871159e-02
    outer loop
      vertex 1.072940e+03 6.099084e+01 1.612217e+02
      vertex 1.072932e+03 5.669614e+01 1.607641e+02
      vertex 1.072889e+03 6.099084e+01 1.584888e+02
    endloop
  endfacet
  facet normal 9.998261e-01 1.055723e-05 -1.864711e-02
    outer loop
      vertex 1.072889e+03 6.099084e+01 1.584888e+02
      vertex 1.072932e+03 5.669614e+01 1.607641e+02
      vertex 1.072875e+03 5.747699e+01 1.577079e+02
    endloop
  endfacet
  facet normal 9.998270e-01 0.000000e+00 -1.859961e-02
    outer loop
      vertex 1.072889e+03 6.099084e+01 1.584888e+02
      vertex 1.072875e+03 5.747699e+01 1.577079e+02
      vertex 1.072875e+03 6.060034e+01 1.577079e+02
    endloop
  endfacet
  facet normal 9.998249e-01 -4.803569e-06 -1.871159e-02
    outer loop
      vertex 1.072940e+03 -5.691824e+01 1.612217e+02
      vertex 1.072889e+03 -5.691824e+01 1.584888e+02
      vertex 1.072932e+03 -5.262350e+01 1.607641e+02
    endloop
  endfacet
  facet normal 9.998254e-01 -1.895551e-05 -1.868488e-02
    outer loop
      vertex 1.072932e+03 -5.262350e+01 1.607641e+02
      vertex 1.072889e+03 -5.691824e+01 1.584888e+02
      vertex 1.072875e+03 -5.340439e+01 1.577079e+02
    endloop
  endfacet
  facet normal 9.998250e-01 7.292873e-05 -1.870835e-02
    outer loop
      vertex 1.072932e+03 -5.262350e+01 1.607641e+02
      vertex 1.072875e+03 -5.340439e+01 1.577079e+02
      vertex 1.072853e+03 -5.262350e+01 1.565367e+02
    endloop
  endfacet
  facet normal 9.998240e-01 0.000000e+00 -1.875696e-02
    outer loop
      vertex 1.072853e+03 -5.262350e+01 1.565367e+02
      vertex 1.072875e+03 -5.340439e+01 1.577079e+02
      vertex 1.072853e+03 -5.340439e+01 1.565367e+02
    endloop
  endfacet
  facet normal 9.998270e-01 0.000000e+00 -1.859961e-02
    outer loop
      vertex 1.072889e+03 -5.691824e+01 1.584888e+02
      vertex 1.072875e+03 -5.652771e+01 1.577079e+02
      vertex 1.072875e+03 -5.340439e+01 1.577079e+02
    endloop
  endfacet
  facet normal 9.998254e-01 1.116442e-06 -1.868641e-02
    outer loop
      vertex 1.072932e+03 5.669614e+01 1.607641e+02
      vertex 1.072932e+03 -5.262350e+01 1.607641e+02
      vertex 1.072794e+03 5.940582e+00 1.534132e+02
    endloop
  endfacet
  facet normal 9.998252e-01 0.000000e+00 -1.869530e-02
    outer loop
      vertex 1.072794e+03 5.940582e+00 1.534132e+02
      vertex 1.072932e+03 -5.262350e+01 1.607641e+02
      vertex 1.072794e+03 -1.867981e+00 1.534132e+02
    endloop
  endfacet
  facet normal 9.998252e-01 0.000000e+00 -1.869402e-02
    outer loop
      vertex 1.072794e+03 5.940582e+00 1.534132e+02
      vertex 1.072794e+03 -1.867981e+00 1.534132e+02
      vertex 1.072758e+03 -1.867981e+00 1.514611e+02
    endloop
  endfacet
  facet normal 9.998240e-01 0.000000e+00 -1.875916e-02
    outer loop
      vertex 1.072750e+03 -1.477478e+00 1.510707e+02
      vertex 1.072750e+03 5.550079e+00 1.510707e+02
      vertex 1.072758e+03 -1.867981e+00 1.514611e+02
    endloop
  endfacet
  facet normal 9.998240e-01 0.000000e+00 -1.875916e-02
    outer loop
      vertex 1.072758e+03 -1.867981e+00 1.514611e+02
      vertex 1.072750e+03 5.550079e+00 1.510707e+02
      vertex 1.072758e+03 5.940582e+00 1.514611e+02
    endloop
  endfacet
  facet normal 9.998252e-01 0.000000e+00 -1.869402e-02
    outer loop
      vertex 1.072758e+03 -1.867981e+00 1.514611e+02
      vertex 1.072758e+03 5.940582e+00 1.514611e+02
      vertex 1.072794e+03 5.940582e+00 1.534132e+02
    endloop
  endfacet
  facet normal 9.998255e-01 -1.162374e-04 -1.867949e-02
    outer loop
      vertex 1.072932e+03 5.669614e+01 1.607641e+02
      vertex 1.072853e+03 5.669614e+01 1.565367e+02
      vertex 1.072875e+03 5.747699e+01 1.577079e+02
    endloop
  endfacet
  facet normal 9.998240e-01 0.000000e+00 -1.875696e-02
    outer loop
      vertex 1.072875e+03 5.747699e+01 1.577079e+02
      vertex 1.072853e+03 5.669614e+01 1.565367e+02
      vertex 1.072853e+03 5.747699e+01 1.565367e+02
    endloop
  endfacet
  facet normal 9.998257e-01 4.256511e-06 -1.867184e-02
    outer loop
      vertex 1.072838e+03 8.324521e+01 1.557558e+02
      vertex 1.072772e+03 6.684717e+01 1.522419e+02
      vertex 1.072728e+03 8.324521e+01 1.498598e+02
    endloop
  endfacet
  facet normal 9.998251e-01 -3.860233e-07 -1.870378e-02
    outer loop
      vertex 1.072728e+03 8.324521e+01 1.498598e+02
      vertex 1.072772e+03 6.684717e+01 1.522419e+02
      vertex 1.072729e+03 6.762805e+01 1.498993e+02
    endloop
  endfacet
  facet normal 9.998279e-01 0.000000e+00 -1.855112e-02
    outer loop
      vertex 1.072728e+03 8.324521e+01 1.498598e+02
      vertex 1.072729e+03 6.762805e+01 1.498993e+02
      vertex 1.072728e+03 6.765765e+01 1.498598e+02
    endloop
  endfacet
  facet normal -9.998253e-01 1.249739e-06 -1.869253e-02
    outer loop
      vertex 1.198419e+03 8.324521e+01 1.498598e+02
      vertex 1.198375e+03 6.684717e+01 1.522419e+02
      vertex 1.198309e+03 8.324521e+01 1.557558e+02
    endloop
  endfacet
  facet normal -9.998255e-01 -1.843345e-06 -1.867810e-02
    outer loop
      vertex 1.198309e+03 8.324521e+01 1.557558e+02
      vertex 1.198375e+03 6.684717e+01 1.522419e+02
      vertex 1.198258e+03 6.684717e+01 1.584888e+02
    endloop
  endfacet
  facet normal -9.998257e-01 -3.395349e-07 -1.866908e-02
    outer loop
      vertex 1.198309e+03 8.324521e+01 1.557558e+02
      vertex 1.198258e+03 6.684717e+01 1.584888e+02
      vertex 1.198280e+03 1.230688e+02 1.573175e+02
    endloop
  endfacet
  facet normal -9.998258e-01 -2.069052e-07 -1.866272e-02
    outer loop
      vertex 1.198280e+03 1.230688e+02 1.573175e+02
      vertex 1.198258e+03 6.684717e+01 1.584888e+02
      vertex 1.198207e+03 1.226783e+02 1.612217e+02
    endloop
  endfacet
  facet normal -9.998258e-01 0.000000e+00 -1.866270e-02
    outer loop
      vertex 1.198280e+03 1.230688e+02 1.573175e+02
      vertex 1.198207e+03 1.226783e+02 1.612217e+02
      vertex 1.198207e+03 1.230688e+02 1.612217e+02
    endloop
  endfacet
  facet normal -9.998279e-01 -0.000000e+00 -1.855112e-02
    outer loop
      vertex 1.198419e+03 6.765765e+01 1.498598e+02
      vertex 1.198418e+03 6.762805e+01 1.498993e+02
      vertex 1.198419e+03 8.324521e+01 1.498598e+02
    endloop
  endfacet
  facet normal -9.998251e-01 -3.860233e-07 -1.870378e-02
    outer loop
      vertex 1.198419e+03 8.324521e+01 1.498598e+02
      vertex 1.198418e+03 6.762805e+01 1.498993e+02
      vertex 1.198375e+03 6.684717e+01 1.522419e+02
    endloop
  endfacet
  facet normal -9.998256e-01 4.911619e-07 -1.867697e-02
    outer loop
      vertex 1.198258e+03 6.684717e+01 1.584888e+02
      vertex 1.198199e+03 6.255258e+01 1.616122e+02
      vertex 1.198207e+03 1.226783e+02 1.612217e+02
    endloop
  endfacet
  facet normal -9.998254e-01 4.088031e-07 -1.868964e-02
    outer loop
      vertex 1.198207e+03 1.226783e+02 1.612217e+02
      vertex 1.198199e+03 6.255258e+01 1.616122e+02
      vertex 1.198089e+03 1.226783e+02 1.674974e+02
    endloop
  endfacet
  facet normal -9.998254e-01 0.000000e+00 -1.868547e-02
    outer loop
      vertex 1.198089e+03 1.226783e+02 1.674974e+02
      vertex 1.198199e+03 6.255258e+01 1.616122e+02
      vertex 1.198089e+03 -1.186057e+02 1.674974e+02
    endloop
  endfacet
  facet normal -9.998254e-01 0.000000e+00 -1.868547e-02
    outer loop
      vertex 1.198089e+03 -1.186057e+02 1.674974e+02
      vertex 1.198199e+03 6.255258e+01 1.616122e+02
      vertex 1.198199e+03 -5.847998e+01 1.616122e+02
    endloop
  endfacet
  facet normal -9.998254e-01 -4.089023e-07 -1.868964e-02
    outer loop
      vertex 1.198089e+03 -1.186057e+02 1.674974e+02
      vertex 1.198199e+03 -5.847998e+01 1.616122e+02
      vertex 1.198207e+03 -1.186057e+02 1.612217e+02
    endloop
  endfacet
  facet normal -9.998256e-01 -4.911224e-07 -1.867697e-02
    outer loop
      vertex 1.198207e+03 -1.186057e+02 1.612217e+02
      vertex 1.198199e+03 -5.847998e+01 1.616122e+02
      vertex 1.198258e+03 -6.277457e+01 1.584888e+02
    endloop
  endfacet
  facet normal -9.998258e-01 2.069054e-07 -1.866272e-02
    outer loop
      vertex 1.198207e+03 -1.186057e+02 1.612217e+02
      vertex 1.198258e+03 -6.277457e+01 1.584888e+02
      vertex 1.198280e+03 -1.189962e+02 1.573175e+02
    endloop
  endfacet
  facet normal -9.998257e-01 3.395352e-07 -1.866908e-02
    outer loop
      vertex 1.198280e+03 -1.189962e+02 1.573175e+02
      vertex 1.198258e+03 -6.277457e+01 1.584888e+02
      vertex 1.198309e+03 -7.917258e+01 1.557558e+02
    endloop
  endfacet
  facet normal -9.998254e-01 -3.398189e-07 -1.868640e-02
    outer loop
      vertex 1.198280e+03 -1.189962e+02 1.573175e+02
      vertex 1.198309e+03 -7.917258e+01 1.557558e+02
      vertex 1.198375e+03 -8.229593e+01 1.522419e+02
    endloop
  endfacet
  facet normal -9.998250e-01 -0.000000e+00 -1.870614e-02
    outer loop
      vertex 1.198199e+03 -5.847998e+01 1.616122e+02
      vertex 1.198199e+03 6.255258e+01 1.616122e+02
      vertex 1.198215e+03 5.669614e+01 1.607641e+02
    endloop
  endfacet
  facet normal -9.998230e-01 1.598523e-05 -1.881647e-02
    outer loop
      vertex 1.198215e+03 5.669614e+01 1.607641e+02
      vertex 1.198199e+03 6.255258e+01 1.616122e+02
      vertex 1.198207e+03 6.099084e+01 1.612217e+02
    endloop
  endfacet
  facet normal -9.998258e-01 4.442642e-08 -1.866694e-02
    outer loop
      vertex 1.198215e+03 5.669614e+01 1.607641e+02
      vertex 1.198207e+03 6.099084e+01 1.612217e+02
      vertex 1.198258e+03 6.099084e+01 1.584888e+02
    endloop
  endfacet
  facet normal -9.998270e-01 0.000000e+00 -1.859961e-02
    outer loop
      vertex 1.198272e+03 6.060034e+01 1.577079e+02
      vertex 1.198272e+03 5.747699e+01 1.577079e+02
      vertex 1.198258e+03 6.099084e+01 1.584888e+02
    endloop
  endfacet
  facet normal -9.998261e-01 1.055723e-05 -1.864711e-02
    outer loop
      vertex 1.198258e+03 6.099084e+01 1.584888e+02
      vertex 1.198272e+03 5.747699e+01 1.577079e+02
      vertex 1.198215e+03 5.669614e+01 1.607641e+02
    endloop
  endfacet
  facet normal -9.998240e-01 0.000000e+00 -1.875696e-02
    outer loop
      vertex 1.198294e+03 5.747699e+01 1.565367e+02
      vertex 1.198294e+03 5.669614e+01 1.565367e+02
      vertex 1.198272e+03 5.747699e+01 1.577079e+02
    endloop
  endfacet
  facet normal -9.998255e-01 -1.162397e-04 -1.867949e-02
    outer loop
      vertex 1.198272e+03 5.747699e+01 1.577079e+02
      vertex 1.198294e+03 5.669614e+01 1.565367e+02
      vertex 1.198215e+03 5.669614e+01 1.607641e+02
    endloop
  endfacet
  facet normal -9.998250e-01 0.000000e+00 -1.870614e-02
    outer loop
      vertex 1.198199e+03 -5.847998e+01 1.616122e+02
      vertex 1.198215e+03 5.669614e+01 1.607641e+02
      vertex 1.198215e+03 -5.262350e+01 1.607641e+02
    endloop
  endfacet
  facet normal -9.998255e-01 -0.000000e+00 -1.867871e-02
    outer loop
      vertex 1.198215e+03 -5.262350e+01 1.607641e+02
      vertex 1.198215e+03 5.669614e+01 1.607641e+02
      vertex 1.198353e+03 5.940582e+00 1.534132e+02
    endloop
  endfacet
  facet normal -9.998255e-01 0.000000e+00 -1.867871e-02
    outer loop
      vertex 1.198215e+03 -5.262350e+01 1.607641e+02
      vertex 1.198353e+03 5.940582e+00 1.534132e+02
      vertex 1.198353e+03 -1.867981e+00 1.534132e+02
    endloop
  endfacet
  facet normal -9.998252e-01 -0.000000e+00 -1.869402e-02
    outer loop
      vertex 1.198353e+03 -1.867981e+00 1.534132e+02
      vertex 1.198353e+03 5.940582e+00 1.534132e+02
      vertex 1.198389e+03 5.940582e+00 1.514611e+02
    endloop
  endfacet
  facet normal -9.998252e-01 0.000000e+00 -1.869402e-02
    outer loop
      vertex 1.198353e+03 -1.867981e+00 1.534132e+02
      vertex 1.198389e+03 5.940582e+00 1.514611e+02
      vertex 1.198389e+03 -1.867981e+00 1.514611e+02
    endloop
  endfacet
  facet normal -9.998240e-01 -0.000000e+00 -1.875916e-02
    outer loop
      vertex 1.198389e+03 -1.867981e+00 1.514611e+02
      vertex 1.198389e+03 5.940582e+00 1.514611e+02
      vertex 1.198396e+03 -1.477478e+00 1.510707e+02
    endloop
  endfacet
  facet normal -9.998240e-01 -0.000000e+00 -1.875916e-02
    outer loop
      vertex 1.198396e+03 -1.477478e+00 1.510707e+02
      vertex 1.198389e+03 5.940582e+00 1.514611e+02
      vertex 1.198396e+03 5.550079e+00 1.510707e+02
    endloop
  endfacet
  facet normal -9.998255e-01 -4.006140e-05 -1.867949e-02
    outer loop
      vertex 1.198294e+03 -5.262350e+01 1.565367e+02
      vertex 1.198272e+03 -5.340439e+01 1.577079e+02
      vertex 1.198215e+03 -5.262350e+01 1.607641e+02
    endloop
  endfacet
  facet normal -9.998252e-01 1.391173e-05 -1.869328e-02
    outer loop
      vertex 1.198215e+03 -5.262350e+01 1.607641e+02
      vertex 1.198272e+03 -5.340439e+01 1.577079e+02
      vertex 1.198258e+03 -5.691824e+01 1.584888e+02
    endloop
  endfacet
  facet normal -9.998258e-01 -4.442611e-08 -1.866694e-02
    outer loop
      vertex 1.198215e+03 -5.262350e+01 1.607641e+02
      vertex 1.198258e+03 -5.691824e+01 1.584888e+02
      vertex 1.198207e+03 -5.691824e+01 1.612217e+02
    endloop
  endfacet
  facet normal -9.998260e-01 0.000000e+00 -1.865279e-02
    outer loop
      vertex 1.198294e+03 -5.262350e+01 1.565367e+02
      vertex 1.198294e+03 -5.340439e+01 1.565367e+02
      vertex 1.198272e+03 -5.340439e+01 1.577079e+02
    endloop
  endfacet
  facet normal -9.998241e-01 0.000000e+00 -1.875586e-02
    outer loop
      vertex 1.198272e+03 -5.340439e+01 1.577079e+02
      vertex 1.198272e+03 -5.652771e+01 1.577079e+02
      vertex 1.198258e+03 -5.691824e+01 1.584888e+02
    endloop
  endfacet
  facet normal -9.998230e-01 -1.598503e-05 -1.881647e-02
    outer loop
      vertex 1.198207e+03 -5.691824e+01 1.612217e+02
      vertex 1.198199e+03 -5.847998e+01 1.616122e+02
      vertex 1.198215e+03 -5.262350e+01 1.607641e+02
    endloop
  endfacet
  facet normal -9.998255e-01 1.843349e-06 -1.867810e-02
    outer loop
      vertex 1.198258e+03 -6.277457e+01 1.584888e+02
      vertex 1.198375e+03 -6.277457e+01 1.522419e+02
      vertex 1.198309e+03 -7.917258e+01 1.557558e+02
    endloop
  endfacet
  facet normal -9.998253e-01 -1.249433e-06 -1.869253e-02
    outer loop
      vertex 1.198309e+03 -7.917258e+01 1.557558e+02
      vertex 1.198375e+03 -6.277457e+01 1.522419e+02
      vertex 1.198419e+03 -7.917258e+01 1.498598e+02
    endloop
  endfacet
  facet normal -9.998251e-01 3.860233e-07 -1.870378e-02
    outer loop
      vertex 1.198419e+03 -7.917258e+01 1.498598e+02
      vertex 1.198375e+03 -6.277457e+01 1.522419e+02
      vertex 1.198418e+03 -6.355542e+01 1.498993e+02
    endloop
  endfacet
  facet normal -9.998279e-01 -0.000000e+00 -1.855112e-02
    outer loop
      vertex 1.198419e+03 -7.917258e+01 1.498598e+02
      vertex 1.198418e+03 -6.355542e+01 1.498993e+02
      vertex 1.198419e+03 -6.358502e+01 1.498598e+02
    endloop
  endfacet
  facet normal -9.998251e-01 -2.684309e-06 -1.870335e-02
    outer loop
      vertex 1.198280e+03 -1.189962e+02 1.573175e+02
      vertex 1.198375e+03 -8.229593e+01 1.522419e+02
      vertex 1.198404e+03 -1.127494e+02 1.506802e+02
    endloop
  endfacet
  facet normal -9.998241e-01 -0.000000e+00 -1.875568e-02
    outer loop
      vertex 1.198404e+03 -1.127494e+02 1.506802e+02
      vertex 1.198375e+03 -8.229593e+01 1.522419e+02
      vertex 1.198404e+03 -8.307678e+01 1.506802e+02
    endloop
  endfacet
  facet normal -9.998270e-01 -0.000000e+00 -1.859728e-02
    outer loop
      vertex 1.198404e+03 -1.127494e+02 1.506802e+02
      vertex 1.198404e+03 -8.307678e+01 1.506802e+02
      vertex 1.198419e+03 -8.340494e+01 1.498598e+02
    endloop
  endfacet
  facet normal -9.998270e-01 0.000000e+00 -1.859728e-02
    outer loop
      vertex 1.198419e+03 -8.340494e+01 1.498598e+02
      vertex 1.198419e+03 -1.125852e+02 1.498598e+02
      vertex 1.198404e+03 -1.127494e+02 1.506802e+02
    endloop
  endfacet
  facet normal -9.998258e-01 0.000000e+00 -1.866270e-02
    outer loop
      vertex 1.198280e+03 -1.189962e+02 1.573175e+02
      vertex 1.198207e+03 -1.189962e+02 1.612217e+02
      vertex 1.198207e+03 -1.186057e+02 1.612217e+02
    endloop
  endfacet
  facet normal -9.998254e-01 3.398188e-07 -1.868640e-02
    outer loop
      vertex 1.198309e+03 8.324521e+01 1.557558e+02
      vertex 1.198280e+03 1.230688e+02 1.573175e+02
      vertex 1.198375e+03 8.636853e+01 1.522419e+02
    endloop
  endfacet
  facet normal -9.998255e-01 -2.390674e-07 -1.868222e-02
    outer loop
      vertex 1.198375e+03 8.636853e+01 1.522419e+02
      vertex 1.198280e+03 1.230688e+02 1.573175e+02
      vertex 1.198404e+03 1.168220e+02 1.506802e+02
    endloop
  endfacet
  facet normal -9.998255e-01 0.000000e+00 -1.867756e-02
    outer loop
      vertex 1.198375e+03 8.636853e+01 1.522419e+02
      vertex 1.198404e+03 1.168220e+02 1.506802e+02
      vertex 1.198404e+03 8.714941e+01 1.506802e+02
    endloop
  endfacet
  facet normal -9.998243e-01 -0.000000e+00 -1.874601e-02
    outer loop
      vertex 1.198404e+03 8.714941e+01 1.506802e+02
      vertex 1.198404e+03 1.168220e+02 1.506802e+02
      vertex 1.198419e+03 8.747757e+01 1.498598e+02
    endloop
  endfacet
  facet normal -9.998243e-01 -0.000000e+00 -1.874601e-02
    outer loop
      vertex 1.198419e+03 8.747757e+01 1.498598e+02
      vertex 1.198404e+03 1.168220e+02 1.506802e+02
      vertex 1.198419e+03 1.166579e+02 1.498598e+02
    endloop
  endfacet
  facet normal -0.000000e+00 -1.000000e+00 -0.000000e+00
    outer loop
      vertex 1.497082e+03 -5.691821e+01 1.590188e+02
      vertex 1.617447e+03 -5.691821e+01 1.590187e+02
      vertex 1.493735e+03 -5.691821e+01 1.612217e+02
    endloop
  endfacet
  facet normal 0.000000e+00 -1.000000e+00 0.000000e+00
    outer loop
      vertex 1.493735e+03 -5.691821e+01 1.612217e+02
      vertex 1.617447e+03 -5.691821e+01 1.590187e+02
      vertex 1.620795e+03 -5.691821e+01 1.612217e+02
    endloop
  endfacet
  facet normal -1.165048e-07 -2.425757e-01 -9.701325e-01
    outer loop
      vertex 1.493735e+03 -5.691821e+01 1.612217e+02
      vertex 1.620795e+03 -5.691821e+01 1.612217e+02
      vertex 1.493142e+03 -5.847995e+01 1.616122e+02
    endloop
  endfacet
  facet normal -1.154267e-07 -2.425758e-01 -9.701325e-01
    outer loop
      vertex 1.493142e+03 -5.847995e+01 1.616122e+02
      vertex 1.620795e+03 -5.691821e+01 1.612217e+02
      vertex 1.621388e+03 -5.847995e+01 1.616122e+02
    endloop
  endfacet
  facet normal -1.025225e-07 5.881912e-01 -8.087219e-01
    outer loop
      vertex 1.497082e+03 -6.204578e+01 1.590188e+02
      vertex 1.493142e+03 -5.847995e+01 1.616122e+02
      vertex 1.617447e+03 -6.204578e+01 1.590187e+02
    endloop
  endfacet
  facet normal -9.613221e-08 5.881913e-01 -8.087218e-01
    outer loop
      vertex 1.617447e+03 -6.204578e+01 1.590187e+02
      vertex 1.493142e+03 -5.847995e+01 1.616122e+02
      vertex 1.621388e+03 -5.847995e+01 1.616122e+02
    endloop
  endfacet
  facet normal -1.025225e-07 -5.881912e-01 -8.087219e-01
    outer loop
      vertex 1.497082e+03 6.611844e+01 1.590188e+02
      vertex 1.617447e+03 6.611844e+01 1.590187e+02
      vertex 1.493142e+03 6.255261e+01 1.616122e+02
    endloop
  endfacet
  facet normal -9.622197e-08 -5.881913e-01 -8.087218e-01
    outer loop
      vertex 1.493142e+03 6.255261e+01 1.616122e+02
      vertex 1.617447e+03 6.611844e+01 1.590187e+02
      vertex 1.621388e+03 6.255261e+01 1.616122e+02
    endloop
  endfacet
  facet normal -1.165048e-07 2.425757e-01 -9.701325e-01
    outer loop
      vertex 1.493735e+03 6.099088e+01 1.612217e+02
      vertex 1.493142e+03 6.255261e+01 1.616122e+02
      vertex 1.620795e+03 6.099088e+01 1.612217e+02
    endloop
  endfacet
  facet normal -1.151943e-07 2.425758e-01 -9.701325e-01
    outer loop
      vertex 1.620795e+03 6.099088e+01 1.612217e+02
      vertex 1.493142e+03 6.255261e+01 1.616122e+02
      vertex 1.621388e+03 6.255261e+01 1.616122e+02
    endloop
  endfacet
  facet normal 0.000000e+00 1.000000e+00 0.000000e+00
    outer loop
      vertex 1.493735e+03 6.099088e+01 1.612217e+02
      vertex 1.620795e+03 6.099088e+01 1.612217e+02
      vertex 1.497082e+03 6.099088e+01 1.590188e+02
    endloop
  endfacet
  facet normal 0.000000e+00 1.000000e+00 0.000000e+00
    outer loop
      vertex 1.497082e+03 6.099088e+01 1.590188e+02
      vertex 1.620795e+03 6.099088e+01 1.612217e+02
      vertex 1.617447e+03 6.099088e+01 1.590187e+02
    endloop
  endfacet
  facet normal -1.254620e-07 1.433337e-01 -9.896744e-01
    outer loop
      vertex 1.497082e+03 4.464563e+01 1.590188e+02
      vertex 1.494430e+03 5.669617e+01 1.607640e+02
      vertex 1.617447e+03 4.464563e+01 1.590187e+02
    endloop
  endfacet
  facet normal -1.196631e-07 1.433338e-01 -9.896744e-01
    outer loop
      vertex 1.617447e+03 4.464563e+01 1.590187e+02
      vertex 1.494430e+03 5.669617e+01 1.607640e+02
      vertex 1.620099e+03 5.669617e+01 1.607640e+02
    endloop
  endfacet
  facet normal -0.000000e+00 -1.000000e+00 -0.000000e+00
    outer loop
      vertex 1.497082e+03 5.669617e+01 1.590188e+02
      vertex 1.617447e+03 5.669617e+01 1.590187e+02
      vertex 1.494430e+03 5.669617e+01 1.607640e+02
    endloop
  endfacet
  facet normal 0.000000e+00 -1.000000e+00 0.000000e+00
    outer loop
      vertex 1.494430e+03 5.669617e+01 1.607640e+02
      vertex 1.617447e+03 5.669617e+01 1.590187e+02
      vertex 1.620099e+03 5.669617e+01 1.607640e+02
    endloop
  endfacet
endsolid Object01
